Rank,Club,Country,Level,Elo,From,To,API_Name
6.0,Arsenal,ENG,1,1910.54882812,2024-01-01,2024-01-20,Arsenal
6.0,Arsenal,ENG,1,1916.82568359,2024-01-21,2024-01-30,Arsenal
6.0,Arsenal,ENG,1,1920.35949707,2024-01-31,2024-02-04,Arsenal
6.0,Arsenal,ENG,1,1930.74890137,2024-02-05,2024-02-11,Arsenal
5.0,Arsenal,ENG,1,1944.63513184,2024-02-12,2024-02-13,Arsenal
5.0,Arsenal,ENG,1,1944.80981445,2024-02-14,2024-02-17,Arsenal
5.0,Arsenal,ENG,1,1950.88525391,2024-02-18,2024-02-21,Arsenal
5.0,Arsenal,ENG,1,1945.41186523,2024-02-22,2024-02-24,Arsenal
5.0,Arsenal,ENG,1,1951.68859863,2024-02-25,2024-03-04,Arsenal
5.0,Arsenal,ENG,1,1955.75256348,2024-03-05,2024-03-06,Arsenal
5.0,Arsenal,ENG,1,1955.91674805,2024-03-07,2024-03-07,Arsenal
5.0,Arsenal,ENG,1,1951.13562012,2024-03-08,2024-03-09,Arsenal
5.0,Arsenal,ENG,1,1953.51208496,2024-03-10,2024-03-12,Arsenal
5.0,Arsenal,ENG,1,1949.21691895,2024-03-13,2024-03-14,Arsenal
5.0,Arsenal,ENG,1,1956.66223145,2024-03-15,2024-03-31,Arsenal
5.0,Arsenal,ENG,1,1960.56530762,2024-04-01,2024-04-03,Arsenal
5.0,Arsenal,ENG,1,1962.20153809,2024-04-04,2024-04-06,Arsenal
5.0,Arsenal,ENG,1,1970.01245117,2024-04-07,2024-04-07,Arsenal
4.0,Arsenal,ENG,1,1970.01245117,2024-04-08,2024-04-09,Arsenal
5.0,Arsenal,ENG,1,1966.18103027,2024-04-10,2024-04-11,Arsenal
4.0,Arsenal,ENG,1,1958.52514648,2024-04-12,2024-04-14,Arsenal
4.0,Arsenal,ENG,1,1940.69628906,2024-04-15,2024-04-17,Arsenal
5.0,Arsenal,ENG,1,1927.81616211,2024-04-18,2024-04-18,Arsenal
6.0,Arsenal,ENG,1,1925.63964844,2024-04-19,2024-04-20,Arsenal
5.0,Arsenal,ENG,1,1931.65527344,2024-04-21,2024-04-23,Arsenal
4.0,Arsenal,ENG,1,1939.359375,2024-04-24,2024-04-27,Arsenal
5.0,Arsenal,ENG,1,1939.359375,2024-04-28,2024-04-28,Arsenal
4.0,Arsenal,ENG,1,1945.48840332,2024-04-29,2024-05-02,Arsenal
5.0,Arsenal,ENG,1,1940.2364502,2024-05-03,2024-05-04,Arsenal
4.0,Arsenal,ENG,1,1944.1217041,2024-05-05,2024-05-07,Arsenal
5.0,Arsenal,ENG,1,1944.1217041,2024-05-08,2024-05-08,Arsenal
4.0,Arsenal,ENG,1,1944.1217041,2024-05-09,2024-05-09,Arsenal
5.0,Arsenal,ENG,1,1939.80029297,2024-05-10,2024-05-12,Arsenal
5.0,Arsenal,ENG,1,1944.71105957,2024-05-13,2024-05-19,Arsenal
5.0,Arsenal,ENG,1,1946.90283203,2024-05-20,2024-05-22,Arsenal
4.0,Arsenal,ENG,1,1946.90283203,2024-05-23,2024-08-17,Arsenal
4.0,Arsenal,ENG,1,1949.48547363,2024-08-18,2024-08-22,Arsenal
4.0,Arsenal,ENG,1,1949.74951172,2024-08-23,2024-08-24,Arsenal
4.0,Arsenal,ENG,1,1956.87890625,2024-08-25,2024-08-29,Arsenal
3.0,Arsenal,ENG,1,1956.93518066,2024-08-30,2024-08-30,Arsenal
4.0,Arsenal,ENG,1,1956.93518066,2024-08-31,2024-08-31,Arsenal
4.0,Arsenal,ENG,1,1950.36035156,2024-09-01,2024-09-15,Arsenal
4.0,Arsenal,ENG,1,1955.54919434,2024-09-16,2024-09-17,Arsenal
3.0,Arsenal,ENG,1,1961.71411133,2024-09-18,2024-09-18,Arsenal
4.0,Arsenal,ENG,1,1960.09057617,2024-09-19,2024-09-19,Arsenal
4.0,Arsenal,ENG,1,1959.79724121,2024-09-20,2024-09-22,Arsenal
3.0,Arsenal,ENG,1,1963.93481445,2024-09-23,2024-09-25,Arsenal
3.0,Arsenal,ENG,1,1961.9041748,2024-09-26,2024-09-26,Arsenal
3.0,Arsenal,ENG,1,1963.00158691,2024-09-27,2024-09-28,Arsenal
3.0,Arsenal,ENG,1,1964.94311523,2024-09-29,2024-10-01,Arsenal
3.0,Arsenal,ENG,1,1973.56750488,2024-10-02,2024-10-02,Arsenal
2.0,Arsenal,ENG,1,1977.65539551,2024-10-03,2024-10-03,Arsenal
2.0,Arsenal,ENG,1,1980.44580078,2024-10-04,2024-10-05,Arsenal
2.0,Arsenal,ENG,1,1981.59436035,2024-10-06,2024-10-19,Arsenal
3.0,Arsenal,ENG,1,1962.82556152,2024-10-20,2024-10-20,Arsenal
4.0,Arsenal,ENG,1,1962.82556152,2024-10-21,2024-10-22,Arsenal
3.0,Arsenal,ENG,1,1965.80358887,2024-10-23,2024-10-23,Arsenal
3.0,Arsenal,ENG,1,1968.89599609,2024-10-24,2024-10-24,Arsenal
3.0,Arsenal,ENG,1,1971.05871582,2024-10-25,2024-10-26,Arsenal
2.0,Arsenal,ENG,1,1971.05871582,2024-10-27,2024-10-27,Arsenal
2.0,Arsenal,ENG,1,1969.04797363,2024-10-28,2024-11-02,Arsenal
5.0,Arsenal,ENG,1,1958.57348633,2024-11-03,2024-11-05,Arsenal
4.0,Arsenal,ENG,1,1955.60510254,2024-11-06,2024-11-06,Arsenal
4.0,Arsenal,ENG,1,1945.40917969,2024-11-07,2024-11-07,Arsenal
4.0,Arsenal,ENG,1,1943.88500977,2024-11-08,2024-11-10,Arsenal
4.0,Arsenal,ENG,1,1943.19189453,2024-11-11,2024-11-23,Arsenal
4.0,Arsenal,ENG,1,1946.76086426,2024-11-24,2024-11-26,Arsenal
4.0,Arsenal,ENG,1,1967.33374023,2024-11-27,2024-11-27,Arsenal
4.0,Arsenal,ENG,1,1969.44799805,2024-11-28,2024-11-28,Arsenal
4.0,Arsenal,ENG,1,1970.6048584,2024-11-29,2024-11-30,Arsenal
4.0,Arsenal,ENG,1,1977.46765137,2024-12-01,2024-12-04,Arsenal
3.0,Arsenal,ENG,1,1981.4095459,2024-12-05,2024-12-07,Arsenal
2.0,Arsenal,ENG,1,1981.4095459,2024-12-08,2024-12-08,Arsenal
4.0,Arsenal,ENG,1,1976.97753906,2024-12-09,2024-12-10,Arsenal
3.0,Arsenal,ENG,1,1980.91503906,2024-12-11,2024-12-11,Arsenal
2.0,Arsenal,ENG,1,1982.08764648,2024-12-12,2024-12-12,Arsenal
2.0,Arsenal,ENG,1,1983.36364746,2024-12-13,2024-12-14,Arsenal
3.0,Arsenal,ENG,1,1975.82470703,2024-12-15,2024-12-19,Arsenal
3.0,Arsenal,ENG,1,1975.93518066,2024-12-20,2024-12-21,Arsenal
3.0,Arsenal,ENG,1,1984.52258301,2024-12-22,2024-12-27,Arsenal
3.0,Arsenal,ENG,1,1985.33520508,2024-12-28,2024-12-31,Arsenal
3.0,Arsenal,ENG,1,1985.33520508,2025-01-01,2025-01-01,Arsenal
3.0,Arsenal,ENG,1,1990.4465332,2025-01-02,2025-01-04,Arsenal
3.0,Arsenal,ENG,1,1985.77941895,2025-01-05,2025-01-15,Arsenal
3.0,Arsenal,ENG,1,1988.35791016,2025-01-16,2025-01-18,Arsenal
3.0,Arsenal,ENG,1,1982.40539551,2025-01-19,2025-01-21,Arsenal
3.0,Arsenal,ENG,1,1980.87597656,2025-01-22,2025-01-22,Arsenal
3.0,Arsenal,ENG,1,1979.18054199,2025-01-23,2025-01-23,Arsenal
3.0,Arsenal,ENG,1,1981.87548828,2025-01-24,2025-01-25,Arsenal
3.0,Arsenal,ENG,1,1984.35681152,2025-01-26,2025-01-29,Arsenal
3.0,Arsenal,ENG,1,1988.02001953,2025-01-30,2025-01-30,Arsenal
3.0,Arsenal,ENG,1,1990.54943848,2025-01-31,2025-02-02,Arsenal
2.0,Arsenal,ENG,1,2001.7857666,2025-02-03,2025-02-11,Arsenal
2.0,Arsenal,ENG,1,1999.49523926,2025-02-12,2025-02-12,Arsenal
1.0,Arsenal,ENG,1,1999.49523926,2025-02-13,2025-02-15,Arsenal
1.0,Arsenal,ENG,1,2001.84533691,2025-02-16,2025-02-19,Arsenal
1.0,Arsenal,ENG,1,1999.19921875,2025-02-20,2025-02-22,Arsenal
2.0,Arsenal,ENG,1,1983.51037598,2025-02-23,2025-02-26,Arsenal
2.0,Arsenal,ENG,1,1979.18029785,2025-02-27,2025-03-04,Arsenal
2.0,Arsenal,ENG,1,1991.1418457,2025-03-05,2025-03-05,Arsenal
2.0,Arsenal,ENG,1,1992.9720459,2025-03-06,2025-03-06,Arsenal
2.0,Arsenal,ENG,1,1993.12475586,2025-03-07,2025-03-09,Arsenal
2.0,Arsenal,ENG,1,1988.35241699,2025-03-10,2025-03-11,Arsenal
2.0,Arsenal,ENG,1,1985.50866699,2025-03-12,2025-03-12,Arsenal
2.0,Arsenal,ENG,1,1989.16113281,2025-03-13,2025-03-13,Arsenal
2.0,Arsenal,ENG,1,1995.40100098,2025-03-14,2025-03-16,Arsenal
2.0,Arsenal,ENG,1,1998.97167969,2025-03-17,2025-04-01,Arsenal
2.0,Arsenal,ENG,1,2001.44470215,2025-04-02,2025-04-05,Arsenal
2.0,Arsenal,ENG,1,1996.26074219,2025-04-06,2025-04-08,Arsenal
1.0,Arsenal,ENG,1,2008.77111816,2025-04-09,2025-04-09,Arsenal
1.0,Arsenal,ENG,1,2007.39733887,2025-04-10,2025-04-10,Arsenal
1.0,Arsenal,ENG,1,2007.39575195,2025-04-11,2025-04-12,Arsenal
2.0,Arsenal,ENG,1,2000.46606445,2025-04-13,2025-04-15,Arsenal
2.0,Arsenal,ENG,1,2000.23291016,2025-04-16,2025-04-16,Arsenal
2.0,Arsenal,ENG,1,2008.01245117,2025-04-17,2025-04-17,Arsenal
2.0,Arsenal,ENG,1,2013.2668457,2025-04-18,2025-04-20,Arsenal
1.0,Arsenal,ENG,1,2016.33410645,2025-04-21,2025-04-23,Arsenal
2.0,Arsenal,ENG,1,2009.7208252,2025-04-24,2025-04-29,Arsenal
2.0,Arsenal,ENG,1,1997.3527832,2025-04-30,2025-05-01,Arsenal
2.0,Arsenal,ENG,1,2003.61853027,2025-05-02,2025-05-03,Arsenal
2.0,Arsenal,ENG,1,1989.47839355,2025-05-04,2025-05-07,Arsenal
2.0,Arsenal,ENG,1,1978.49719238,2025-05-08,2025-05-08,Arsenal
2.0,Arsenal,ENG,1,1983.16674805,2025-05-09,2025-05-11,Arsenal
2.0,Arsenal,ENG,1,1985.46606445,2025-05-12,2025-05-18,Arsenal
2.0,Arsenal,ENG,1,1989.69677734,2025-05-19,2025-05-25,Arsenal
2.0,Arsenal,ENG,1,1990.98999023,2025-05-26,2025-05-28,Arsenal
2.0,Arsenal,ENG,1,1993.35778809,2025-05-29,2025-08-17,Arsenal
1.0,Arsenal,ENG,1,1997.88146973,2025-08-18,2025-08-21,Arsenal
1.0,Arsenal,ENG,1,1997.87084961,2025-08-22,2025-08-23,Arsenal
1.0,Arsenal,ENG,1,2002.18933105,2025-08-24,2025-08-25,Arsenal
2.0,Arsenal,ENG,1,2002.18933105,2025-08-26,2025-08-28,Arsenal
2.0,Arsenal,ENG,1,2002.37634277,2025-08-29,2025-08-31,Arsenal
2.0,Arsenal,ENG,1,1995.59558105,2025-09-01,2025-09-13,Arsenal
2.0,Arsenal,ENG,1,2000.40283203,2025-09-14,2025-09-16,Arsenal
2.0,Arsenal,ENG,1,2011.56469727,2025-09-17,2025-09-17,Arsenal
2.0,Arsenal,ENG,1,2009.96716309,2025-09-18,2025-09-18,Arsenal
2.0,Arsenal,ENG,1,2009.17077637,2025-09-19,2025-09-21,Arsenal
2.0,Arsenal,ENG,1,2006.37670898,2025-09-22,2025-09-24,Arsenal
2.0,Arsenal,ENG,1,2006.69348145,2025-09-25,2025-09-25,Arsenal
2.0,Arsenal,ENG,1,2007.88415527,2025-09-26,2025-09-28,Arsenal
1.0,Arsenal,ENG,1,2013.34790039,2025-09-29,2025-09-30,Arsenal
1.0,Arsenal,ENG,1,2009.81555176,2025-10-01,2025-10-01,Arsenal
1.0,Arsenal,ENG,1,2015.98950195,2025-10-02,2025-10-02,Arsenal
1.0,Arsenal,ENG,1,2015.59399414,2025-10-03,2025-10-04,Arsenal
1.0,Arsenal,ENG,1,2018.11804199,2025-10-05,2025-10-18,Arsenal
1.0,Arsenal,ENG,1,2021.77270508,2025-10-19,2025-10-21,Arsenal
1.0,Arsenal,ENG,1,2033.34729004,2025-10-22,2025-10-22,Arsenal
1.0,Arsenal,ENG,1,2036.96252441,2025-10-23,2025-10-23,Arsenal
1.0,Arsenal,ENG,1,2029.79077148,2025-10-24,2025-10-26,Arsenal
1.0,Arsenal,ENG,1,2032.8338623,2025-10-27,2025-11-01,Arsenal
1.0,Arsenal,ENG,1,2036.79785156,2025-11-02,2025-11-04,Arsenal
1.0,Arsenal,ENG,1,2045.2409668,2025-11-05,2025-11-05,Arsenal
1.0,Arsenal,ENG,1,2046.26977539,2025-11-06,2025-11-06,Arsenal
1.0,Arsenal,ENG,1,2046.10656738,2025-11-07,2025-11-08,Arsenal
1.0,Arsenal,ENG,1,2038.4074707,2025-11-09,2025-11-23,Arsenal
1.0,Arsenal,ENG,1,2042.84118652,2025-11-24,2025-11-25,Arsenal
1.0,Arsenal,ENG,1,2038.04541016,2025-11-26,2025-11-26,Arsenal
1.0,Arsenal,ENG,1,2039.33398438,2025-11-27,2025-11-27,Arsenal
1.0,Arsenal,ENG,1,2037.35290527,2025-11-28,2025-11-30,Arsenal
1.0,Arsenal,ENG,1,2035.26708984,2025-12-01,2025-12-03,Arsenal
1.0,Arsenal,ENG,1,2038.73083496,2025-12-04,2025-12-06,Arsenal
1.0,Arsenal,ENG,1,2028.04992676,2025-12-07,2025-12-09,Arsenal
1.0,Arsenal,ENG,1,2030.32299805,2025-12-10,2025-12-10,Arsenal
1.0,Arsenal,ENG,1,2040.14001465,2025-12-11,2025-12-11,Arsenal
1.0,Arsenal,ENG,1,2042.26831055,2025-12-12,2025-12-13,Arsenal
1.0,Arsenal,ENG,1,2043.18908691,2025-12-14,2025-12-18,Arsenal
1.0,Arsenal,ENG,1,2040.42980957,2025-12-19,2025-12-20,Arsenal
1.0,Arsenal,ENG,1,2044.44213867,2025-12-21,2025-12-27,Arsenal
1.0,Arsenal,ENG,1,2046.82849121,2025-12-28,2025-12-30,Arsenal
1.0,Arsenal,ENG,1,2053.62329102,2025-12-31,2025-12-31,Arsenal
1.0,Arsenal,ENG,1,2053.62329102,2026-01-01,2026-01-03,Arsenal
1.0,Arsenal,ENG,1,2057.15087891,2026-01-04,2026-01-08,Arsenal
1.0,Arsenal,ENG,1,2052.35058594,2026-01-09,2026-01-17,Arsenal
1.0,Arsenal,ENG,1,2046.63500977,2026-01-18,2026-01-20,Arsenal
1.0,Arsenal,ENG,1,2057.55517578,2026-01-21,2026-01-21,Arsenal
1.0,Arsenal,ENG,1,2062.98217773,2026-01-22,2026-01-22,Arsenal
1.0,Arsenal,ENG,1,2061.98339844,2026-01-23,2026-01-25,Arsenal
1.0,Arsenal,ENG,1,2047.68530273,2026-01-26,2026-01-28,Arsenal
1.0,Arsenal,ENG,1,2055.49047852,2026-01-29,2026-01-29,Arsenal
1.0,Arsenal,ENG,1,2056.45019531,2026-01-30,2026-01-31,Arsenal
1.0,Arsenal,ENG,1,2062.5168457,2026-02-01,2026-02-07,Arsenal
1.0,Arsenal,ENG,1,2064.57299805,2026-02-08,2026-02-12,Arsenal
1.0,Arsenal,ENG,1,2060.09692383,2026-02-13,2026-02-18,Arsenal
1.0,Arsenal,ENG,1,2053.0144043,2026-02-19,2026-02-19,Arsenal
1.0,Arsenal,ENG,1,2055.90112305,2026-02-20,2026-02-22,Arsenal
1.0,Arsenal,ENG,1,2061.94604492,2026-02-23,2026-02-24,Arsenal
1.0,Arsenal,ENG,1,2062.18554688,2026-02-25,2026-02-26,Arsenal
1.0,Arsenal,ENG,1,2062.10424805,2026-02-27,2026-03-01,Arsenal
1.0,Arsenal,ENG,1,2066.01416016,2026-03-02,2026-03-04,Arsenal
1.0,Arsenal,ENG,1,2069.87426758,2026-03-05,2026-03-10,Arsenal
1.0,Arsenal,ENG,1,2065.609375,2026-03-11,2026-03-11,Arsenal
1.0,Arsenal,ENG,1,2058.2253418,2026-03-12,2026-03-12,Arsenal
1.0,Arsenal,ENG,1,2055.61938477,2026-03-13,2026-03-14,Arsenal
1.0,Arsenal,ENG,1,2059.18066406,2026-03-15,2026-03-17,Arsenal
1.0,Arsenal,ENG,1,2057.3815918,2026-03-18,2026-03-18,Arsenal
1.0,Arsenal,ENG,1,2056.3112793,2026-03-19,2026-03-19,Arsenal
1.0,Arsenal,ENG,1,2060.58569336,2026-03-20,2026-04-07,Arsenal
1.0,Arsenal,ENG,1,2064.62133789,2026-04-08,2026-04-08,Arsenal
1.0,Arsenal,ENG,1,2062.64208984,2026-04-09,2026-04-09,Arsenal
1.0,Arsenal,ENG,1,2066.52319336,2026-04-10,2026-04-11,Arsenal
1.0,Arsenal,ENG,1,2052.12207031,2026-04-12,2026-04-14,Arsenal
1.0,Arsenal,ENG,1,2049.16870117,2026-04-15,2026-04-15,Arsenal
1.0,Arsenal,ENG,1,2049.85546875,2026-04-16,2026-04-19,Arsenal
1.0,Arsenal,ENG,1,2049.85546875,2026-04-20,2026-04-25,Arsenal
1.0,Arsenal,ENG,1,2049.85546875,2026-04-26,2026-04-28,Arsenal
1.0,Arsenal,ENG,1,2049.85546875,2026-04-29,2026-05-12,Arsenal
1.0,Arsenal,ENG,1,2049.85546875,2026-05-13,2026-12-31,Arsenal
11.0,Aston Villa,ENG,1,1854.15014648,2024-01-01,2024-01-14,AstonVilla
12.0,Aston Villa,ENG,1,1852.01513672,2024-01-15,2024-01-20,AstonVilla
13.0,Aston Villa,ENG,1,1852.01513672,2024-01-21,2024-01-30,AstonVilla
15.0,Aston Villa,ENG,1,1836.58044434,2024-01-31,2024-02-03,AstonVilla
13.0,Aston Villa,ENG,1,1844.43603516,2024-02-04,2024-02-10,AstonVilla
14.0,Aston Villa,ENG,1,1844.43603516,2024-02-11,2024-02-11,AstonVilla
15.0,Aston Villa,ENG,1,1834.04199219,2024-02-12,2024-02-13,AstonVilla
15.0,Aston Villa,ENG,1,1834.2166748,2024-02-14,2024-02-17,AstonVilla
13.0,Aston Villa,ENG,1,1840.6060791,2024-02-18,2024-02-21,AstonVilla
13.0,Aston Villa,ENG,1,1839.31494141,2024-02-22,2024-02-24,AstonVilla
12.0,Aston Villa,ENG,1,1843.8807373,2024-02-25,2024-02-25,AstonVilla
11.0,Aston Villa,ENG,1,1843.8807373,2024-02-26,2024-03-01,AstonVilla
12.0,Aston Villa,ENG,1,1843.8807373,2024-03-02,2024-03-02,AstonVilla
13.0,Aston Villa,ENG,1,1847.57373047,2024-03-03,2024-03-05,AstonVilla
12.0,Aston Villa,ENG,1,1847.57373047,2024-03-06,2024-03-06,AstonVilla
12.0,Aston Villa,ENG,1,1847.73791504,2024-03-07,2024-03-07,AstonVilla
13.0,Aston Villa,ENG,1,1843.29162598,2024-03-08,2024-03-09,AstonVilla
12.0,Aston Villa,ENG,1,1843.29162598,2024-03-10,2024-03-10,AstonVilla
15.0,Aston Villa,ENG,1,1824.69262695,2024-03-11,2024-03-12,AstonVilla
15.0,Aston Villa,ENG,1,1823.68273926,2024-03-13,2024-03-14,AstonVilla
14.0,Aston Villa,ENG,1,1836.80493164,2024-03-15,2024-03-17,AstonVilla
13.0,Aston Villa,ENG,1,1836.8260498,2024-03-18,2024-03-30,AstonVilla
13.0,Aston Villa,ENG,1,1843.52319336,2024-03-31,2024-04-03,AstonVilla
13.0,Aston Villa,ENG,1,1838.93261719,2024-04-04,2024-04-06,AstonVilla
14.0,Aston Villa,ENG,1,1834.54638672,2024-04-07,2024-04-09,AstonVilla
14.0,Aston Villa,ENG,1,1833.99938965,2024-04-10,2024-04-11,AstonVilla
17.0,Aston Villa,ENG,1,1828.63098145,2024-04-12,2024-04-13,AstonVilla
16.0,Aston Villa,ENG,1,1828.63098145,2024-04-14,2024-04-14,AstonVilla
13.0,Aston Villa,ENG,1,1846.45983887,2024-04-15,2024-04-16,AstonVilla
12.0,Aston Villa,ENG,1,1846.45983887,2024-04-17,2024-04-17,AstonVilla
13.0,Aston Villa,ENG,1,1842.17443848,2024-04-18,2024-04-18,AstonVilla
15.0,Aston Villa,ENG,1,1833.86450195,2024-04-19,2024-04-21,AstonVilla
15.0,Aston Villa,ENG,1,1839.08874512,2024-04-22,2024-04-22,AstonVilla
14.0,Aston Villa,ENG,1,1839.08874512,2024-04-23,2024-04-27,AstonVilla
14.0,Aston Villa,ENG,1,1835.85351562,2024-04-28,2024-05-02,AstonVilla
17.0,Aston Villa,ENG,1,1813.35021973,2024-05-03,2024-05-05,AstonVilla
18.0,Aston Villa,ENG,1,1804.43908691,2024-05-06,2024-05-07,AstonVilla
19.0,Aston Villa,ENG,1,1804.43908691,2024-05-08,2024-05-08,AstonVilla
18.0,Aston Villa,ENG,1,1804.43908691,2024-05-09,2024-05-09,AstonVilla
26.0,Aston Villa,ENG,1,1785.93920898,2024-05-10,2024-05-11,AstonVilla
25.0,Aston Villa,ENG,1,1785.93920898,2024-05-12,2024-05-13,AstonVilla
25.0,Aston Villa,ENG,1,1787.57019043,2024-05-14,2024-05-14,AstonVilla
23.0,Aston Villa,ENG,1,1787.57019043,2024-05-15,2024-05-19,AstonVilla
30.0,Aston Villa,ENG,1,1770.43505859,2024-05-20,2024-05-22,AstonVilla
31.0,Aston Villa,ENG,1,1770.43505859,2024-05-23,2024-05-25,AstonVilla
30.0,Aston Villa,ENG,1,1770.43505859,2024-05-26,2024-05-29,AstonVilla
29.0,Aston Villa,ENG,1,1770.43505859,2024-05-30,2024-06-02,AstonVilla
30.0,Aston Villa,ENG,1,1770.43505859,2024-06-03,2024-08-08,AstonVilla
31.0,Aston Villa,ENG,1,1770.43505859,2024-08-09,2024-08-11,AstonVilla
30.0,Aston Villa,ENG,1,1770.43505859,2024-08-12,2024-08-17,AstonVilla
29.0,Aston Villa,ENG,1,1778.66247559,2024-08-18,2024-08-18,AstonVilla
28.0,Aston Villa,ENG,1,1778.66247559,2024-08-19,2024-08-20,AstonVilla
29.0,Aston Villa,ENG,1,1778.66247559,2024-08-21,2024-08-22,AstonVilla
29.0,Aston Villa,ENG,1,1778.92663574,2024-08-23,2024-08-24,AstonVilla
30.0,Aston Villa,ENG,1,1771.79724121,2024-08-25,2024-08-25,AstonVilla
31.0,Aston Villa,ENG,1,1771.79724121,2024-08-26,2024-08-29,AstonVilla
30.0,Aston Villa,ENG,1,1771.85351562,2024-08-30,2024-08-31,AstonVilla
26.0,Aston Villa,ENG,1,1777.81213379,2024-09-01,2024-09-01,AstonVilla
25.0,Aston Villa,ENG,1,1777.81213379,2024-09-02,2024-09-14,AstonVilla
25.0,Aston Villa,ENG,1,1782.05981445,2024-09-15,2024-09-15,AstonVilla
26.0,Aston Villa,ENG,1,1782.05981445,2024-09-16,2024-09-17,AstonVilla
20.0,Aston Villa,ENG,1,1795.93188477,2024-09-18,2024-09-18,AstonVilla
20.0,Aston Villa,ENG,1,1794.30822754,2024-09-19,2024-09-19,AstonVilla
21.0,Aston Villa,ENG,1,1794.23706055,2024-09-20,2024-09-21,AstonVilla
21.0,Aston Villa,ENG,1,1799.6105957,2024-09-22,2024-09-25,AstonVilla
21.0,Aston Villa,ENG,1,1797.57983398,2024-09-26,2024-09-26,AstonVilla
21.0,Aston Villa,ENG,1,1798.67724609,2024-09-27,2024-09-29,AstonVilla
24.0,Aston Villa,ENG,1,1794.29821777,2024-09-30,2024-10-01,AstonVilla
23.0,Aston Villa,ENG,1,1796.63012695,2024-10-02,2024-10-02,AstonVilla
20.0,Aston Villa,ENG,1,1809.70983887,2024-10-03,2024-10-03,AstonVilla
20.0,Aston Villa,ENG,1,1812.50024414,2024-10-04,2024-10-06,AstonVilla
20.0,Aston Villa,ENG,1,1809.546875,2024-10-07,2024-10-19,AstonVilla
18.0,Aston Villa,ENG,1,1820.8614502,2024-10-20,2024-10-22,AstonVilla
16.0,Aston Villa,ENG,1,1829.34570312,2024-10-23,2024-10-23,AstonVilla
16.0,Aston Villa,ENG,1,1832.43811035,2024-10-24,2024-10-24,AstonVilla
17.0,Aston Villa,ENG,1,1834.60070801,2024-10-25,2024-10-26,AstonVilla
17.0,Aston Villa,ENG,1,1830.10754395,2024-10-27,2024-10-27,AstonVilla
16.0,Aston Villa,ENG,1,1830.10754395,2024-10-28,2024-11-03,AstonVilla
18.0,Aston Villa,ENG,1,1819.04663086,2024-11-04,2024-11-05,AstonVilla
20.0,Aston Villa,ENG,1,1816.078125,2024-11-06,2024-11-06,AstonVilla
26.0,Aston Villa,ENG,1,1802.34692383,2024-11-07,2024-11-07,AstonVilla
24.0,Aston Villa,ENG,1,1800.82275391,2024-11-08,2024-11-09,AstonVilla
26.0,Aston Villa,ENG,1,1796.74353027,2024-11-10,2024-11-10,AstonVilla
25.0,Aston Villa,ENG,1,1796.74353027,2024-11-11,2024-11-23,AstonVilla
26.0,Aston Villa,ENG,1,1792.92419434,2024-11-24,2024-11-26,AstonVilla
26.0,Aston Villa,ENG,1,1796.08947754,2024-11-27,2024-11-27,AstonVilla
25.0,Aston Villa,ENG,1,1797.64404297,2024-11-28,2024-11-28,AstonVilla
25.0,Aston Villa,ENG,1,1798.80102539,2024-11-29,2024-12-01,AstonVilla
26.0,Aston Villa,ENG,1,1790.53601074,2024-12-02,2024-12-04,AstonVilla
25.0,Aston Villa,ENG,1,1798.00732422,2024-12-05,2024-12-07,AstonVilla
25.0,Aston Villa,ENG,1,1800.27893066,2024-12-08,2024-12-10,AstonVilla
21.0,Aston Villa,ENG,1,1813.56872559,2024-12-11,2024-12-11,AstonVilla
22.0,Aston Villa,ENG,1,1810.65527344,2024-12-12,2024-12-12,AstonVilla
22.0,Aston Villa,ENG,1,1811.93115234,2024-12-13,2024-12-14,AstonVilla
25.0,Aston Villa,ENG,1,1803.11083984,2024-12-15,2024-12-19,AstonVilla
24.0,Aston Villa,ENG,1,1803.22131348,2024-12-20,2024-12-21,AstonVilla
21.0,Aston Villa,ENG,1,1813.49121094,2024-12-22,2024-12-22,AstonVilla
22.0,Aston Villa,ENG,1,1813.49121094,2024-12-23,2024-12-26,AstonVilla
24.0,Aston Villa,ENG,1,1802.54943848,2024-12-27,2024-12-29,AstonVilla
23.0,Aston Villa,ENG,1,1802.54943848,2024-12-30,2024-12-30,AstonVilla
24.0,Aston Villa,ENG,1,1799.41162109,2024-12-31,2024-12-31,AstonVilla
24.0,Aston Villa,ENG,1,1799.41162109,2025-01-01,2025-01-04,AstonVilla
23.0,Aston Villa,ENG,1,1802.28259277,2025-01-05,2025-01-14,AstonVilla
22.0,Aston Villa,ENG,1,1802.28259277,2025-01-15,2025-01-15,AstonVilla
21.0,Aston Villa,ENG,1,1809.39086914,2025-01-16,2025-01-18,AstonVilla
18.0,Aston Villa,ENG,1,1815.34326172,2025-01-19,2025-01-19,AstonVilla
20.0,Aston Villa,ENG,1,1815.34326172,2025-01-20,2025-01-21,AstonVilla
21.0,Aston Villa,ENG,1,1806.54150391,2025-01-22,2025-01-22,AstonVilla
20.0,Aston Villa,ENG,1,1803.9387207,2025-01-23,2025-01-23,AstonVilla
18.0,Aston Villa,ENG,1,1806.63366699,2025-01-24,2025-01-25,AstonVilla
20.0,Aston Villa,ENG,1,1806.63366699,2025-01-26,2025-01-26,AstonVilla
21.0,Aston Villa,ENG,1,1802.80993652,2025-01-27,2025-01-29,AstonVilla
21.0,Aston Villa,ENG,1,1807.59802246,2025-01-30,2025-01-30,AstonVilla
20.0,Aston Villa,ENG,1,1810.12731934,2025-01-31,2025-02-01,AstonVilla
21.0,Aston Villa,ENG,1,1795.46228027,2025-02-02,2025-02-03,AstonVilla
22.0,Aston Villa,ENG,1,1795.46228027,2025-02-04,2025-02-08,AstonVilla
21.0,Aston Villa,ENG,1,1795.46228027,2025-02-09,2025-02-11,AstonVilla
21.0,Aston Villa,ENG,1,1793.17175293,2025-02-12,2025-02-12,AstonVilla
22.0,Aston Villa,ENG,1,1793.17175293,2025-02-13,2025-02-15,AstonVilla
23.0,Aston Villa,ENG,1,1786.79846191,2025-02-16,2025-02-18,AstonVilla
24.0,Aston Villa,ENG,1,1786.79846191,2025-02-19,2025-02-19,AstonVilla
22.0,Aston Villa,ENG,1,1788.43408203,2025-02-20,2025-02-20,AstonVilla
23.0,Aston Villa,ENG,1,1788.43408203,2025-02-21,2025-02-22,AstonVilla
20.0,Aston Villa,ENG,1,1796.39709473,2025-02-23,2025-02-25,AstonVilla
24.0,Aston Villa,ENG,1,1783.92138672,2025-02-26,2025-02-27,AstonVilla
23.0,Aston Villa,ENG,1,1783.92138672,2025-02-28,2025-03-02,AstonVilla
24.0,Aston Villa,ENG,1,1783.92138672,2025-03-03,2025-03-04,AstonVilla
17.0,Aston Villa,ENG,1,1798.27148438,2025-03-05,2025-03-05,AstonVilla
17.0,Aston Villa,ENG,1,1800.10168457,2025-03-06,2025-03-06,AstonVilla
16.0,Aston Villa,ENG,1,1800.25439453,2025-03-07,2025-03-08,AstonVilla
16.0,Aston Villa,ENG,1,1808.55639648,2025-03-09,2025-03-11,AstonVilla
16.0,Aston Villa,ENG,1,1805.71252441,2025-03-12,2025-03-12,AstonVilla
16.0,Aston Villa,ENG,1,1815.2857666,2025-03-13,2025-03-13,AstonVilla
15.0,Aston Villa,ENG,1,1821.52563477,2025-03-14,2025-04-02,AstonVilla
14.0,Aston Villa,ENG,1,1836.75732422,2025-04-03,2025-04-05,AstonVilla
13.0,Aston Villa,ENG,1,1842.81787109,2025-04-06,2025-04-06,AstonVilla
12.0,Aston Villa,ENG,1,1842.81787109,2025-04-07,2025-04-07,AstonVilla
13.0,Aston Villa,ENG,1,1842.81787109,2025-04-08,2025-04-08,AstonVilla
13.0,Aston Villa,ENG,1,1845.72875977,2025-04-09,2025-04-09,AstonVilla
14.0,Aston Villa,ENG,1,1839.81616211,2025-04-10,2025-04-10,AstonVilla
13.0,Aston Villa,ENG,1,1839.81469727,2025-04-11,2025-04-12,AstonVilla
13.0,Aston Villa,ENG,1,1844.73461914,2025-04-13,2025-04-13,AstonVilla
14.0,Aston Villa,ENG,1,1844.73461914,2025-04-14,2025-04-15,AstonVilla
14.0,Aston Villa,ENG,1,1843.72644043,2025-04-16,2025-04-16,AstonVilla
14.0,Aston Villa,ENG,1,1845.52319336,2025-04-17,2025-04-17,AstonVilla
13.0,Aston Villa,ENG,1,1850.77758789,2025-04-18,2025-04-19,AstonVilla
11.0,Aston Villa,ENG,1,1863.13525391,2025-04-20,2025-04-20,AstonVilla
12.0,Aston Villa,ENG,1,1863.13525391,2025-04-21,2025-04-22,AstonVilla
12.0,Aston Villa,ENG,1,1858.46203613,2025-04-23,2025-04-24,AstonVilla
13.0,Aston Villa,ENG,1,1858.46203613,2025-04-25,2025-04-29,AstonVilla
13.0,Aston Villa,ENG,1,1855.61096191,2025-04-30,2025-05-01,AstonVilla
12.0,Aston Villa,ENG,1,1861.87670898,2025-05-02,2025-05-03,AstonVilla
12.0,Aston Villa,ENG,1,1866.85009766,2025-05-04,2025-05-07,AstonVilla
12.0,Aston Villa,ENG,1,1864.32836914,2025-05-08,2025-05-08,AstonVilla
11.0,Aston Villa,ENG,1,1868.9979248,2025-05-09,2025-05-10,AstonVilla
10.0,Aston Villa,ENG,1,1877.1484375,2025-05-11,2025-05-11,AstonVilla
11.0,Aston Villa,ENG,1,1877.1484375,2025-05-12,2025-05-16,AstonVilla
10.0,Aston Villa,ENG,1,1883.37866211,2025-05-17,2025-05-25,AstonVilla
10.0,Aston Villa,ENG,1,1870.48022461,2025-05-26,2025-05-28,AstonVilla
10.0,Aston Villa,ENG,1,1872.84802246,2025-05-29,2025-08-16,AstonVilla
10.0,Aston Villa,ENG,1,1871.27832031,2025-08-17,2025-08-21,AstonVilla
10.0,Aston Villa,ENG,1,1871.26782227,2025-08-22,2025-08-23,AstonVilla
11.0,Aston Villa,ENG,1,1862.68676758,2025-08-24,2025-08-28,AstonVilla
11.0,Aston Villa,ENG,1,1862.87390137,2025-08-29,2025-08-30,AstonVilla
10.0,Aston Villa,ENG,1,1862.87390137,2025-08-31,2025-08-31,AstonVilla
13.0,Aston Villa,ENG,1,1845.70544434,2025-09-01,2025-09-13,AstonVilla
13.0,Aston Villa,ENG,1,1845.84521484,2025-09-14,2025-09-16,AstonVilla
13.0,Aston Villa,ENG,1,1849.72045898,2025-09-17,2025-09-17,AstonVilla
13.0,Aston Villa,ENG,1,1848.1229248,2025-09-18,2025-09-18,AstonVilla
13.0,Aston Villa,ENG,1,1847.32653809,2025-09-19,2025-09-21,AstonVilla
13.0,Aston Villa,ENG,1,1841.73620605,2025-09-22,2025-09-24,AstonVilla
13.0,Aston Villa,ENG,1,1842.05297852,2025-09-25,2025-09-25,AstonVilla
13.0,Aston Villa,ENG,1,1847.1072998,2025-09-26,2025-09-27,AstonVilla
14.0,Aston Villa,ENG,1,1847.1072998,2025-09-28,2025-09-28,AstonVilla
12.0,Aston Villa,ENG,1,1855.20446777,2025-09-29,2025-09-30,AstonVilla
13.0,Aston Villa,ENG,1,1851.67224121,2025-10-01,2025-10-01,AstonVilla
12.0,Aston Villa,ENG,1,1856.23632812,2025-10-02,2025-10-02,AstonVilla
12.0,Aston Villa,ENG,1,1865.17272949,2025-10-03,2025-10-05,AstonVilla
11.0,Aston Villa,ENG,1,1868.92663574,2025-10-06,2025-10-19,AstonVilla
10.0,Aston Villa,ENG,1,1876.77355957,2025-10-20,2025-10-21,AstonVilla
11.0,Aston Villa,ENG,1,1882.90014648,2025-10-22,2025-10-22,AstonVilla
11.0,Aston Villa,ENG,1,1886.51538086,2025-10-23,2025-10-23,AstonVilla
11.0,Aston Villa,ENG,1,1864.16833496,2025-10-24,2025-10-26,AstonVilla
11.0,Aston Villa,ENG,1,1873.86108398,2025-10-27,2025-11-01,AstonVilla
11.0,Aston Villa,ENG,1,1867.62194824,2025-11-02,2025-11-04,AstonVilla
11.0,Aston Villa,ENG,1,1871.7635498,2025-11-05,2025-11-05,AstonVilla
11.0,Aston Villa,ENG,1,1872.7923584,2025-11-06,2025-11-06,AstonVilla
11.0,Aston Villa,ENG,1,1873.83691406,2025-11-07,2025-11-09,AstonVilla
10.0,Aston Villa,ENG,1,1886.15612793,2025-11-10,2025-11-23,AstonVilla
10.0,Aston Villa,ENG,1,1891.41223145,2025-11-24,2025-11-25,AstonVilla
10.0,Aston Villa,ENG,1,1886.61657715,2025-11-26,2025-11-26,AstonVilla
11.0,Aston Villa,ENG,1,1880.70568848,2025-11-27,2025-11-27,AstonVilla
10.0,Aston Villa,ENG,1,1879.5559082,2025-11-28,2025-11-30,AstonVilla
10.0,Aston Villa,ENG,1,1882.00842285,2025-12-01,2025-12-03,AstonVilla
10.0,Aston Villa,ENG,1,1890.53491211,2025-12-04,2025-12-06,AstonVilla
9.0,Aston Villa,ENG,1,1901.21582031,2025-12-07,2025-12-09,AstonVilla
9.0,Aston Villa,ENG,1,1903.4888916,2025-12-10,2025-12-10,AstonVilla
8.0,Aston Villa,ENG,1,1908.14001465,2025-12-11,2025-12-11,AstonVilla
8.0,Aston Villa,ENG,1,1912.16601562,2025-12-12,2025-12-14,AstonVilla
8.0,Aston Villa,ENG,1,1917.27941895,2025-12-15,2025-12-18,AstonVilla
8.0,Aston Villa,ENG,1,1914.5201416,2025-12-19,2025-12-21,AstonVilla
7.0,Aston Villa,ENG,1,1918.96704102,2025-12-22,2025-12-27,AstonVilla
7.0,Aston Villa,ENG,1,1928.16650391,2025-12-28,2025-12-30,AstonVilla
8.0,Aston Villa,ENG,1,1921.3717041,2025-12-31,2025-12-31,AstonVilla
8.0,Aston Villa,ENG,1,1921.3717041,2026-01-01,2026-01-03,AstonVilla
7.0,Aston Villa,ENG,1,1925.88916016,2026-01-04,2026-01-04,AstonVilla
8.0,Aston Villa,ENG,1,1925.88916016,2026-01-05,2026-01-07,AstonVilla
8.0,Aston Villa,ENG,1,1923.92321777,2026-01-08,2026-01-18,AstonVilla
9.0,Aston Villa,ENG,1,1911.01965332,2026-01-19,2026-01-20,AstonVilla
9.0,Aston Villa,ENG,1,1911.56604004,2026-01-21,2026-01-21,AstonVilla
8.0,Aston Villa,ENG,1,1916.99316406,2026-01-22,2026-01-22,AstonVilla
8.0,Aston Villa,ENG,1,1920.99438477,2026-01-23,2026-01-25,AstonVilla
7.0,Aston Villa,ENG,1,1933.20471191,2026-01-26,2026-01-28,AstonVilla
6.0,Aston Villa,ENG,1,1940.9329834,2026-01-29,2026-01-29,AstonVilla
6.0,Aston Villa,ENG,1,1942.45849609,2026-01-30,2026-02-01,AstonVilla
7.0,Aston Villa,ENG,1,1930.51379395,2026-02-02,2026-02-07,AstonVilla
9.0,Aston Villa,ENG,1,1929.2121582,2026-02-08,2026-02-10,AstonVilla
8.0,Aston Villa,ENG,1,1929.2121582,2026-02-11,2026-02-11,AstonVilla
8.0,Aston Villa,ENG,1,1933.72741699,2026-02-12,2026-02-16,AstonVilla
7.0,Aston Villa,ENG,1,1933.72741699,2026-02-17,2026-02-17,AstonVilla
6.0,Aston Villa,ENG,1,1933.72741699,2026-02-18,2026-02-18,AstonVilla
6.0,Aston Villa,ENG,1,1934.22045898,2026-02-19,2026-02-19,AstonVilla
5.0,Aston Villa,ENG,1,1937.10717773,2026-02-20,2026-02-21,AstonVilla
6.0,Aston Villa,ENG,1,1932.08361816,2026-02-22,2026-02-24,AstonVilla
7.0,Aston Villa,ENG,1,1932.32299805,2026-02-25,2026-02-26,AstonVilla
7.0,Aston Villa,ENG,1,1932.24169922,2026-02-27,2026-02-27,AstonVilla
9.0,Aston Villa,ENG,1,1913.37878418,2026-02-28,2026-03-02,AstonVilla
8.0,Aston Villa,ENG,1,1913.37878418,2026-03-03,2026-03-04,AstonVilla
10.0,Aston Villa,ENG,1,1897.86743164,2026-03-05,2026-03-08,AstonVilla
9.0,Aston Villa,ENG,1,1897.86743164,2026-03-09,2026-03-10,AstonVilla
9.0,Aston Villa,ENG,1,1893.60253906,2026-03-11,2026-03-11,AstonVilla
10.0,Aston Villa,ENG,1,1886.09216309,2026-03-12,2026-03-12,AstonVilla
10.0,Aston Villa,ENG,1,1886.94189453,2026-03-13,2026-03-15,AstonVilla
11.0,Aston Villa,ENG,1,1876.26452637,2026-03-16,2026-03-17,AstonVilla
11.0,Aston Villa,ENG,1,1871.3717041,2026-03-18,2026-03-18,AstonVilla
11.0,Aston Villa,ENG,1,1870.30151367,2026-03-19,2026-03-19,AstonVilla
11.0,Aston Villa,ENG,1,1878.95031738,2026-03-20,2026-03-21,AstonVilla
10.0,Aston Villa,ENG,1,1878.95031738,2026-03-22,2026-03-22,AstonVilla
9.0,Aston Villa,ENG,1,1884.63330078,2026-03-23,2026-04-07,AstonVilla
9.0,Aston Villa,ENG,1,1885.51977539,2026-04-08,2026-04-08,AstonVilla
9.0,Aston Villa,ENG,1,1883.54052734,2026-04-09,2026-04-09,AstonVilla
8.0,Aston Villa,ENG,1,1892.05102539,2026-04-10,2026-04-12,AstonVilla
9.0,Aston Villa,ENG,1,1890.09118652,2026-04-13,2026-04-14,AstonVilla
9.0,Aston Villa,ENG,1,1887.13781738,2026-04-15,2026-04-15,AstonVilla
9.0,Aston Villa,ENG,1,1887.2878418,2026-04-16,2026-04-16,AstonVilla
9.0,Aston Villa,ENG,1,1887.2878418,2026-04-17,2026-04-19,AstonVilla
9.0,Aston Villa,ENG,1,1887.2878418,2026-04-20,2026-04-25,AstonVilla
9.0,Aston Villa,ENG,1,1887.2878418,2026-04-26,2026-05-12,AstonVilla
9.0,Aston Villa,ENG,1,1887.2878418,2026-05-13,2026-12-31,AstonVilla
51.0,Bournemouth,ENG,1,1711.89160156,2024-01-01,2024-01-02,Bournemouth
50.0,Bournemouth,ENG,1,1711.89160156,2024-01-03,2024-01-21,Bournemouth
53.0,Bournemouth,ENG,1,1704.16589355,2024-01-22,2024-01-27,Bournemouth
55.0,Bournemouth,ENG,1,1704.16589355,2024-01-28,2024-02-01,Bournemouth
52.0,Bournemouth,ENG,1,1708.421875,2024-02-02,2024-02-04,Bournemouth
53.0,Bournemouth,ENG,1,1705.52368164,2024-02-05,2024-02-10,Bournemouth
57.0,Bournemouth,ENG,1,1696.42224121,2024-02-11,2024-02-13,Bournemouth
57.0,Bournemouth,ENG,1,1696.59692383,2024-02-14,2024-02-14,Bournemouth
56.0,Bournemouth,ENG,1,1696.59692383,2024-02-15,2024-02-15,Bournemouth
55.0,Bournemouth,ENG,1,1696.59692383,2024-02-16,2024-02-16,Bournemouth
54.0,Bournemouth,ENG,1,1696.59692383,2024-02-17,2024-02-17,Bournemouth
52.0,Bournemouth,ENG,1,1701.07324219,2024-02-18,2024-02-18,Bournemouth
51.0,Bournemouth,ENG,1,1701.07324219,2024-02-19,2024-02-19,Bournemouth
52.0,Bournemouth,ENG,1,1701.07324219,2024-02-20,2024-02-21,Bournemouth
52.0,Bournemouth,ENG,1,1699.78210449,2024-02-22,2024-02-23,Bournemouth
53.0,Bournemouth,ENG,1,1699.78210449,2024-02-24,2024-02-24,Bournemouth
53.0,Bournemouth,ENG,1,1697.8034668,2024-02-25,2024-02-25,Bournemouth
54.0,Bournemouth,ENG,1,1697.8034668,2024-02-26,2024-03-03,Bournemouth
48.0,Bournemouth,ENG,1,1708.20483398,2024-03-04,2024-03-06,Bournemouth
48.0,Bournemouth,ENG,1,1708.36901855,2024-03-07,2024-03-07,Bournemouth
52.0,Bournemouth,ENG,1,1703.58789062,2024-03-08,2024-03-08,Bournemouth
53.0,Bournemouth,ENG,1,1703.58789062,2024-03-09,2024-03-09,Bournemouth
55.0,Bournemouth,ENG,1,1698.7824707,2024-03-10,2024-03-10,Bournemouth
54.0,Bournemouth,ENG,1,1698.7824707,2024-03-11,2024-03-12,Bournemouth
57.0,Bournemouth,ENG,1,1697.77270508,2024-03-13,2024-03-13,Bournemouth
52.0,Bournemouth,ENG,1,1702.5135498,2024-03-14,2024-03-14,Bournemouth
46.0,Bournemouth,ENG,1,1709.9588623,2024-03-15,2024-03-16,Bournemouth
47.0,Bournemouth,ENG,1,1709.9588623,2024-03-17,2024-03-30,Bournemouth
47.0,Bournemouth,ENG,1,1716.7935791,2024-03-31,2024-04-01,Bournemouth
46.0,Bournemouth,ENG,1,1716.7935791,2024-04-02,2024-04-02,Bournemouth
45.0,Bournemouth,ENG,1,1723.34130859,2024-04-03,2024-04-06,Bournemouth
47.0,Bournemouth,ENG,1,1713.70874023,2024-04-07,2024-04-07,Bournemouth
46.0,Bournemouth,ENG,1,1713.70874023,2024-04-08,2024-04-09,Bournemouth
46.0,Bournemouth,ENG,1,1713.16174316,2024-04-10,2024-04-11,Bournemouth
49.0,Bournemouth,ENG,1,1705.50585938,2024-04-12,2024-04-13,Bournemouth
47.0,Bournemouth,ENG,1,1706.734375,2024-04-14,2024-04-15,Bournemouth
49.0,Bournemouth,ENG,1,1706.734375,2024-04-16,2024-04-16,Bournemouth
48.0,Bournemouth,ENG,1,1706.734375,2024-04-17,2024-04-17,Bournemouth
51.0,Bournemouth,ENG,1,1702.44885254,2024-04-18,2024-04-18,Bournemouth
53.0,Bournemouth,ENG,1,1700.27233887,2024-04-19,2024-04-19,Bournemouth
54.0,Bournemouth,ENG,1,1700.27233887,2024-04-20,2024-04-20,Bournemouth
53.0,Bournemouth,ENG,1,1700.27233887,2024-04-21,2024-04-21,Bournemouth
56.0,Bournemouth,ENG,1,1695.0480957,2024-04-22,2024-04-24,Bournemouth
51.0,Bournemouth,ENG,1,1704.8067627,2024-04-25,2024-04-27,Bournemouth
52.0,Bournemouth,ENG,1,1704.8067627,2024-04-28,2024-04-28,Bournemouth
48.0,Bournemouth,ENG,1,1717.85437012,2024-04-29,2024-05-02,Bournemouth
49.0,Bournemouth,ENG,1,1712.60253906,2024-05-03,2024-05-03,Bournemouth
48.0,Bournemouth,ENG,1,1712.60253906,2024-05-04,2024-05-04,Bournemouth
50.0,Bournemouth,ENG,1,1708.71728516,2024-05-05,2024-05-06,Bournemouth
51.0,Bournemouth,ENG,1,1708.71728516,2024-05-07,2024-05-07,Bournemouth
49.0,Bournemouth,ENG,1,1708.71728516,2024-05-08,2024-05-08,Bournemouth
50.0,Bournemouth,ENG,1,1708.71728516,2024-05-09,2024-05-09,Bournemouth
50.0,Bournemouth,ENG,1,1704.39575195,2024-05-10,2024-05-10,Bournemouth
51.0,Bournemouth,ENG,1,1704.39575195,2024-05-11,2024-05-11,Bournemouth
56.0,Bournemouth,ENG,1,1695.08203125,2024-05-12,2024-05-18,Bournemouth
57.0,Bournemouth,ENG,1,1695.08203125,2024-05-19,2024-05-19,Bournemouth
59.0,Bournemouth,ENG,1,1691.12365723,2024-05-20,2024-05-24,Bournemouth
60.0,Bournemouth,ENG,1,1691.12365723,2024-05-25,2024-08-07,Bournemouth
59.0,Bournemouth,ENG,1,1691.12365723,2024-08-08,2024-08-10,Bournemouth
60.0,Bournemouth,ENG,1,1691.12365723,2024-08-11,2024-08-17,Bournemouth
58.0,Bournemouth,ENG,1,1691.42700195,2024-08-18,2024-08-20,Bournemouth
59.0,Bournemouth,ENG,1,1691.42700195,2024-08-21,2024-08-21,Bournemouth
60.0,Bournemouth,ENG,1,1691.42700195,2024-08-22,2024-08-22,Bournemouth
59.0,Bournemouth,ENG,1,1691.69104004,2024-08-23,2024-08-25,Bournemouth
57.0,Bournemouth,ENG,1,1693.30444336,2024-08-26,2024-08-27,Bournemouth
56.0,Bournemouth,ENG,1,1693.30444336,2024-08-28,2024-08-29,Bournemouth
54.0,Bournemouth,ENG,1,1693.36071777,2024-08-30,2024-08-30,Bournemouth
55.0,Bournemouth,ENG,1,1693.36071777,2024-08-31,2024-08-31,Bournemouth
53.0,Bournemouth,ENG,1,1702.64941406,2024-09-01,2024-09-01,Bournemouth
52.0,Bournemouth,ENG,1,1702.64941406,2024-09-02,2024-09-14,Bournemouth
53.0,Bournemouth,ENG,1,1696.3079834,2024-09-15,2024-09-15,Bournemouth
54.0,Bournemouth,ENG,1,1696.3079834,2024-09-16,2024-09-17,Bournemouth
53.0,Bournemouth,ENG,1,1702.47290039,2024-09-18,2024-09-18,Bournemouth
52.0,Bournemouth,ENG,1,1700.84924316,2024-09-19,2024-09-19,Bournemouth
53.0,Bournemouth,ENG,1,1700.77807617,2024-09-20,2024-09-21,Bournemouth
57.0,Bournemouth,ENG,1,1696.57165527,2024-09-22,2024-09-22,Bournemouth
56.0,Bournemouth,ENG,1,1696.57165527,2024-09-23,2024-09-25,Bournemouth
57.0,Bournemouth,ENG,1,1694.54089355,2024-09-26,2024-09-26,Bournemouth
58.0,Bournemouth,ENG,1,1695.63830566,2024-09-27,2024-09-27,Bournemouth
56.0,Bournemouth,ENG,1,1695.63830566,2024-09-28,2024-09-28,Bournemouth
54.0,Bournemouth,ENG,1,1695.63830566,2024-09-29,2024-09-30,Bournemouth
54.0,Bournemouth,ENG,1,1701.14953613,2024-10-01,2024-10-01,Bournemouth
55.0,Bournemouth,ENG,1,1703.48144531,2024-10-02,2024-10-02,Bournemouth
52.0,Bournemouth,ENG,1,1707.56945801,2024-10-03,2024-10-03,Bournemouth
49.0,Bournemouth,ENG,1,1710.35986328,2024-10-04,2024-10-05,Bournemouth
52.0,Bournemouth,ENG,1,1702.36560059,2024-10-06,2024-10-19,Bournemouth
48.0,Bournemouth,ENG,1,1721.13439941,2024-10-20,2024-10-22,Bournemouth
48.0,Bournemouth,ENG,1,1723.35852051,2024-10-23,2024-10-23,Bournemouth
47.0,Bournemouth,ENG,1,1726.45092773,2024-10-24,2024-10-24,Bournemouth
47.0,Bournemouth,ENG,1,1728.61364746,2024-10-25,2024-10-26,Bournemouth
44.0,Bournemouth,ENG,1,1733.10681152,2024-10-27,2024-10-31,Bournemouth
43.0,Bournemouth,ENG,1,1733.10681152,2024-11-01,2024-11-02,Bournemouth
38.0,Bournemouth,ENG,1,1747.32849121,2024-11-03,2024-11-03,Bournemouth
37.0,Bournemouth,ENG,1,1747.32849121,2024-11-04,2024-11-04,Bournemouth
38.0,Bournemouth,ENG,1,1747.32849121,2024-11-05,2024-11-05,Bournemouth
39.0,Bournemouth,ENG,1,1744.36010742,2024-11-06,2024-11-06,Bournemouth
39.0,Bournemouth,ENG,1,1739.75927734,2024-11-07,2024-11-07,Bournemouth
38.0,Bournemouth,ENG,1,1738.23510742,2024-11-08,2024-11-09,Bournemouth
41.0,Bournemouth,ENG,1,1731.56970215,2024-11-10,2024-11-23,Bournemouth
45.0,Bournemouth,ENG,1,1722.77758789,2024-11-24,2024-11-25,Bournemouth
46.0,Bournemouth,ENG,1,1722.77758789,2024-11-26,2024-11-26,Bournemouth
45.0,Bournemouth,ENG,1,1725.94287109,2024-11-27,2024-11-27,Bournemouth
44.0,Bournemouth,ENG,1,1728.05712891,2024-11-28,2024-11-28,Bournemouth
44.0,Bournemouth,ENG,1,1729.21398926,2024-11-29,2024-11-30,Bournemouth
40.0,Bournemouth,ENG,1,1741.20422363,2024-12-01,2024-12-04,Bournemouth
39.0,Bournemouth,ENG,1,1741.20422363,2024-12-05,2024-12-05,Bournemouth
38.0,Bournemouth,ENG,1,1749.95690918,2024-12-06,2024-12-07,Bournemouth
39.0,Bournemouth,ENG,1,1749.95690918,2024-12-08,2024-12-08,Bournemouth
35.0,Bournemouth,ENG,1,1755.39868164,2024-12-09,2024-12-10,Bournemouth
34.0,Bournemouth,ENG,1,1759.33618164,2024-12-11,2024-12-11,Bournemouth
37.0,Bournemouth,ENG,1,1756.42272949,2024-12-12,2024-12-12,Bournemouth
35.0,Bournemouth,ENG,1,1757.6986084,2024-12-13,2024-12-15,Bournemouth
36.0,Bournemouth,ENG,1,1757.6986084,2024-12-16,2024-12-16,Bournemouth
37.0,Bournemouth,ENG,1,1755.32434082,2024-12-17,2024-12-19,Bournemouth
37.0,Bournemouth,ENG,1,1755.43481445,2024-12-20,2024-12-20,Bournemouth
36.0,Bournemouth,ENG,1,1755.43481445,2024-12-21,2024-12-21,Bournemouth
34.0,Bournemouth,ENG,1,1755.43481445,2024-12-22,2024-12-22,Bournemouth
30.0,Bournemouth,ENG,1,1774.12890625,2024-12-23,2024-12-26,Bournemouth
30.0,Bournemouth,ENG,1,1771.82910156,2024-12-27,2024-12-29,Bournemouth
29.0,Bournemouth,ENG,1,1773.63903809,2024-12-30,2024-12-30,Bournemouth
28.0,Bournemouth,ENG,1,1773.63903809,2024-12-31,2024-12-31,Bournemouth
28.0,Bournemouth,ENG,1,1773.63903809,2025-01-01,2025-01-03,Bournemouth
27.0,Bournemouth,ENG,1,1773.63903809,2025-01-04,2025-01-04,Bournemouth
26.0,Bournemouth,ENG,1,1778.71130371,2025-01-05,2025-01-06,Bournemouth
27.0,Bournemouth,ENG,1,1778.71130371,2025-01-07,2025-01-14,Bournemouth
26.0,Bournemouth,ENG,1,1782.62109375,2025-01-15,2025-01-17,Bournemouth
25.0,Bournemouth,ENG,1,1782.62109375,2025-01-18,2025-01-18,Bournemouth
22.0,Bournemouth,ENG,1,1802.06726074,2025-01-19,2025-01-21,Bournemouth
22.0,Bournemouth,ENG,1,1800.53771973,2025-01-22,2025-01-22,Bournemouth
22.0,Bournemouth,ENG,1,1797.93493652,2025-01-23,2025-01-23,Bournemouth
22.0,Bournemouth,ENG,1,1800.62988281,2025-01-24,2025-01-25,Bournemouth
18.0,Bournemouth,ENG,1,1814.7298584,2025-01-26,2025-01-29,Bournemouth
16.0,Bournemouth,ENG,1,1814.85876465,2025-01-30,2025-01-30,Bournemouth
16.0,Bournemouth,ENG,1,1817.38818359,2025-01-31,2025-02-01,Bournemouth
18.0,Bournemouth,ENG,1,1810.66748047,2025-02-02,2025-02-11,Bournemouth
17.0,Bournemouth,ENG,1,1808.37695312,2025-02-12,2025-02-15,Bournemouth
17.0,Bournemouth,ENG,1,1813.27722168,2025-02-16,2025-02-18,Bournemouth
16.0,Bournemouth,ENG,1,1813.27722168,2025-02-19,2025-02-19,Bournemouth
17.0,Bournemouth,ENG,1,1810.63098145,2025-02-20,2025-02-22,Bournemouth
19.0,Bournemouth,ENG,1,1797.95227051,2025-02-23,2025-02-25,Bournemouth
21.0,Bournemouth,ENG,1,1790.51940918,2025-02-26,2025-02-26,Bournemouth
20.0,Bournemouth,ENG,1,1790.51940918,2025-02-27,2025-03-02,Bournemouth
21.0,Bournemouth,ENG,1,1790.51940918,2025-03-03,2025-03-04,Bournemouth
20.0,Bournemouth,ENG,1,1795.5098877,2025-03-05,2025-03-05,Bournemouth
19.0,Bournemouth,ENG,1,1797.34008789,2025-03-06,2025-03-06,Bournemouth
19.0,Bournemouth,ENG,1,1797.49279785,2025-03-07,2025-03-08,Bournemouth
20.0,Bournemouth,ENG,1,1797.49279785,2025-03-09,2025-03-09,Bournemouth
18.0,Bournemouth,ENG,1,1798.82116699,2025-03-10,2025-03-11,Bournemouth
20.0,Bournemouth,ENG,1,1795.97729492,2025-03-12,2025-03-12,Bournemouth
19.0,Bournemouth,ENG,1,1798.46691895,2025-03-13,2025-03-13,Bournemouth
20.0,Bournemouth,ENG,1,1804.70678711,2025-03-14,2025-03-15,Bournemouth
22.0,Bournemouth,ENG,1,1794.06604004,2025-03-16,2025-04-02,Bournemouth
26.0,Bournemouth,ENG,1,1779.96325684,2025-04-03,2025-04-05,Bournemouth
27.0,Bournemouth,ENG,1,1780.0838623,2025-04-06,2025-04-06,Bournemouth
29.0,Bournemouth,ENG,1,1780.0838623,2025-04-07,2025-04-08,Bournemouth
29.0,Bournemouth,ENG,1,1782.99462891,2025-04-09,2025-04-09,Bournemouth
28.0,Bournemouth,ENG,1,1781.62084961,2025-04-10,2025-04-10,Bournemouth
28.0,Bournemouth,ENG,1,1781.6192627,2025-04-11,2025-04-11,Bournemouth
29.0,Bournemouth,ENG,1,1781.6192627,2025-04-12,2025-04-12,Bournemouth
28.0,Bournemouth,ENG,1,1781.6192627,2025-04-13,2025-04-13,Bournemouth
27.0,Bournemouth,ENG,1,1781.6192627,2025-04-14,2025-04-14,Bournemouth
21.0,Bournemouth,ENG,1,1788.54589844,2025-04-15,2025-04-15,Bournemouth
21.0,Bournemouth,ENG,1,1788.31274414,2025-04-16,2025-04-16,Bournemouth
21.0,Bournemouth,ENG,1,1790.10949707,2025-04-17,2025-04-17,Bournemouth
22.0,Bournemouth,ENG,1,1795.3638916,2025-04-18,2025-04-19,Bournemouth
20.0,Bournemouth,ENG,1,1797.06860352,2025-04-20,2025-04-20,Bournemouth
19.0,Bournemouth,ENG,1,1797.06860352,2025-04-21,2025-04-23,Bournemouth
20.0,Bournemouth,ENG,1,1797.06860352,2025-04-24,2025-04-27,Bournemouth
22.0,Bournemouth,ENG,1,1795.13891602,2025-04-28,2025-04-28,Bournemouth
21.0,Bournemouth,ENG,1,1795.13891602,2025-04-29,2025-04-29,Bournemouth
24.0,Bournemouth,ENG,1,1792.2878418,2025-04-30,2025-05-01,Bournemouth
22.0,Bournemouth,ENG,1,1798.55358887,2025-05-02,2025-05-03,Bournemouth
16.0,Bournemouth,ENG,1,1812.69384766,2025-05-04,2025-05-04,Bournemouth
18.0,Bournemouth,ENG,1,1812.69384766,2025-05-05,2025-05-07,Bournemouth
18.0,Bournemouth,ENG,1,1810.17211914,2025-05-08,2025-05-08,Bournemouth
17.0,Bournemouth,ENG,1,1814.8416748,2025-05-09,2025-05-10,Bournemouth
20.0,Bournemouth,ENG,1,1806.69116211,2025-05-11,2025-05-18,Bournemouth
22.0,Bournemouth,ENG,1,1806.69116211,2025-05-19,2025-05-19,Bournemouth
23.0,Bournemouth,ENG,1,1806.69116211,2025-05-20,2025-05-20,Bournemouth
24.0,Bournemouth,ENG,1,1801.60510254,2025-05-21,2025-05-25,Bournemouth
22.0,Bournemouth,ENG,1,1805.73339844,2025-05-26,2025-05-28,Bournemouth
22.0,Bournemouth,ENG,1,1808.10119629,2025-05-29,2025-05-31,Bournemouth
21.0,Bournemouth,ENG,1,1808.10119629,2025-06-01,2025-08-12,Bournemouth
22.0,Bournemouth,ENG,1,1808.10119629,2025-08-13,2025-08-15,Bournemouth
23.0,Bournemouth,ENG,1,1804.01794434,2025-08-16,2025-08-17,Bournemouth
25.0,Bournemouth,ENG,1,1804.01794434,2025-08-18,2025-08-21,Bournemouth
24.0,Bournemouth,ENG,1,1804.00744629,2025-08-22,2025-08-23,Bournemouth
23.0,Bournemouth,ENG,1,1809.01269531,2025-08-24,2025-08-24,Bournemouth
24.0,Bournemouth,ENG,1,1809.01269531,2025-08-25,2025-08-28,Bournemouth
25.0,Bournemouth,ENG,1,1809.1998291,2025-08-29,2025-08-30,Bournemouth
19.0,Bournemouth,ENG,1,1818.21594238,2025-08-31,2025-08-31,Bournemouth
21.0,Bournemouth,ENG,1,1818.21594238,2025-09-01,2025-09-12,Bournemouth
20.0,Bournemouth,ENG,1,1818.21594238,2025-09-13,2025-09-13,Bournemouth
19.0,Bournemouth,ENG,1,1825.15600586,2025-09-14,2025-09-14,Bournemouth
18.0,Bournemouth,ENG,1,1825.15600586,2025-09-15,2025-09-16,Bournemouth
17.0,Bournemouth,ENG,1,1829.03125,2025-09-17,2025-09-17,Bournemouth
18.0,Bournemouth,ENG,1,1827.43371582,2025-09-18,2025-09-18,Bournemouth
17.0,Bournemouth,ENG,1,1826.6373291,2025-09-19,2025-09-21,Bournemouth
18.0,Bournemouth,ENG,1,1826.32775879,2025-09-22,2025-09-24,Bournemouth
19.0,Bournemouth,ENG,1,1826.64465332,2025-09-25,2025-09-25,Bournemouth
19.0,Bournemouth,ENG,1,1827.83520508,2025-09-26,2025-09-27,Bournemouth
20.0,Bournemouth,ENG,1,1826.52062988,2025-09-28,2025-09-30,Bournemouth
20.0,Bournemouth,ENG,1,1822.98840332,2025-10-01,2025-10-01,Bournemouth
20.0,Bournemouth,ENG,1,1827.55249023,2025-10-02,2025-10-02,Bournemouth
19.0,Bournemouth,ENG,1,1827.15698242,2025-10-03,2025-10-03,Bournemouth
17.0,Bournemouth,ENG,1,1835.78735352,2025-10-04,2025-10-18,Bournemouth
17.0,Bournemouth,ENG,1,1837.77294922,2025-10-19,2025-10-21,Bournemouth
16.0,Bournemouth,ENG,1,1843.89953613,2025-10-22,2025-10-22,Bournemouth
15.0,Bournemouth,ENG,1,1847.51477051,2025-10-23,2025-10-23,Bournemouth
16.0,Bournemouth,ENG,1,1840.34301758,2025-10-24,2025-10-25,Bournemouth
15.0,Bournemouth,ENG,1,1840.34301758,2025-10-26,2025-10-26,Bournemouth
13.0,Bournemouth,ENG,1,1847.4185791,2025-10-27,2025-10-31,Bournemouth
14.0,Bournemouth,ENG,1,1847.4185791,2025-11-01,2025-11-01,Bournemouth
15.0,Bournemouth,ENG,1,1847.4185791,2025-11-02,2025-11-02,Bournemouth
15.0,Bournemouth,ENG,1,1841.7454834,2025-11-03,2025-11-04,Bournemouth
15.0,Bournemouth,ENG,1,1845.88696289,2025-11-05,2025-11-05,Bournemouth
15.0,Bournemouth,ENG,1,1846.91577148,2025-11-06,2025-11-06,Bournemouth
16.0,Bournemouth,ENG,1,1846.75256348,2025-11-07,2025-11-09,Bournemouth
17.0,Bournemouth,ENG,1,1834.43347168,2025-11-10,2025-11-22,Bournemouth
18.0,Bournemouth,ENG,1,1830.38415527,2025-11-23,2025-11-24,Bournemouth
17.0,Bournemouth,ENG,1,1830.38415527,2025-11-25,2025-11-25,Bournemouth
17.0,Bournemouth,ENG,1,1825.58837891,2025-11-26,2025-11-26,Bournemouth
19.0,Bournemouth,ENG,1,1819.67749023,2025-11-27,2025-11-27,Bournemouth
18.0,Bournemouth,ENG,1,1817.69641113,2025-11-28,2025-11-29,Bournemouth
24.0,Bournemouth,ENG,1,1806.24133301,2025-11-30,2025-12-02,Bournemouth
27.0,Bournemouth,ENG,1,1796.37780762,2025-12-03,2025-12-06,Bournemouth
26.0,Bournemouth,ENG,1,1797.89489746,2025-12-07,2025-12-07,Bournemouth
25.0,Bournemouth,ENG,1,1797.89489746,2025-12-08,2025-12-09,Bournemouth
25.0,Bournemouth,ENG,1,1800.16796875,2025-12-10,2025-12-10,Bournemouth
25.0,Bournemouth,ENG,1,1804.8190918,2025-12-11,2025-12-11,Bournemouth
25.0,Bournemouth,ENG,1,1806.9473877,2025-12-12,2025-12-15,Bournemouth
24.0,Bournemouth,ENG,1,1809.34472656,2025-12-16,2025-12-18,Bournemouth
24.0,Bournemouth,ENG,1,1806.58557129,2025-12-19,2025-12-20,Bournemouth
28.0,Bournemouth,ENG,1,1802.05187988,2025-12-21,2025-12-27,Bournemouth
30.0,Bournemouth,ENG,1,1791.45446777,2025-12-28,2025-12-30,Bournemouth
29.0,Bournemouth,ENG,1,1795.74389648,2025-12-31,2025-12-31,Bournemouth
29.0,Bournemouth,ENG,1,1795.74389648,2026-01-01,2026-01-03,Bournemouth
30.0,Bournemouth,ENG,1,1792.21618652,2026-01-04,2026-01-07,Bournemouth
29.0,Bournemouth,ENG,1,1799.17553711,2026-01-08,2026-01-17,Bournemouth
27.0,Bournemouth,ENG,1,1799.17553711,2026-01-18,2026-01-18,Bournemouth
28.0,Bournemouth,ENG,1,1799.17553711,2026-01-19,2026-01-19,Bournemouth
27.0,Bournemouth,ENG,1,1801.92272949,2026-01-20,2026-01-20,Bournemouth
27.0,Bournemouth,ENG,1,1802.46923828,2026-01-21,2026-01-21,Bournemouth
24.0,Bournemouth,ENG,1,1807.89624023,2026-01-22,2026-01-22,Bournemouth
24.0,Bournemouth,ENG,1,1806.89758301,2026-01-23,2026-01-24,Bournemouth
20.0,Bournemouth,ENG,1,1817.07019043,2026-01-25,2026-01-28,Bournemouth
19.0,Bournemouth,ENG,1,1824.79858398,2026-01-29,2026-01-29,Bournemouth
18.0,Bournemouth,ENG,1,1825.75817871,2026-01-30,2026-01-31,Bournemouth
17.0,Bournemouth,ENG,1,1833.76049805,2026-02-01,2026-02-01,Bournemouth
18.0,Bournemouth,ENG,1,1833.76049805,2026-02-02,2026-02-07,Bournemouth
18.0,Bournemouth,ENG,1,1835.06213379,2026-02-08,2026-02-08,Bournemouth
16.0,Bournemouth,ENG,1,1835.06213379,2026-02-09,2026-02-10,Bournemouth
15.0,Bournemouth,ENG,1,1844.31835938,2026-02-11,2026-02-13,Bournemouth
16.0,Bournemouth,ENG,1,1844.31835938,2026-02-14,2026-02-18,Bournemouth
16.0,Bournemouth,ENG,1,1844.81140137,2026-02-19,2026-02-19,Bournemouth
16.0,Bournemouth,ENG,1,1847.69812012,2026-02-20,2026-02-21,Bournemouth
16.0,Bournemouth,ENG,1,1846.13806152,2026-02-22,2026-02-24,Bournemouth
16.0,Bournemouth,ENG,1,1846.37744141,2026-02-25,2026-02-25,Bournemouth
15.0,Bournemouth,ENG,1,1846.37744141,2026-02-26,2026-02-26,Bournemouth
15.0,Bournemouth,ENG,1,1846.29614258,2026-02-27,2026-02-28,Bournemouth
16.0,Bournemouth,ENG,1,1841.30322266,2026-03-01,2026-03-03,Bournemouth
16.0,Bournemouth,ENG,1,1840.55187988,2026-03-04,2026-03-10,Bournemouth
17.0,Bournemouth,ENG,1,1836.28710938,2026-03-11,2026-03-11,Bournemouth
18.0,Bournemouth,ENG,1,1828.7767334,2026-03-12,2026-03-12,Bournemouth
18.0,Bournemouth,ENG,1,1826.1706543,2026-03-13,2026-03-14,Bournemouth
18.0,Bournemouth,ENG,1,1823.1394043,2026-03-15,2026-03-17,Bournemouth
18.0,Bournemouth,ENG,1,1818.24658203,2026-03-18,2026-03-18,Bournemouth
19.0,Bournemouth,ENG,1,1817.17651367,2026-03-19,2026-03-19,Bournemouth
19.0,Bournemouth,ENG,1,1821.45080566,2026-03-20,2026-03-20,Bournemouth
19.0,Bournemouth,ENG,1,1822.14831543,2026-03-21,2026-03-21,Bournemouth
20.0,Bournemouth,ENG,1,1822.14831543,2026-03-22,2026-04-06,Bournemouth
19.0,Bournemouth,ENG,1,1822.14831543,2026-04-07,2026-04-07,Bournemouth
19.0,Bournemouth,ENG,1,1823.03466797,2026-04-08,2026-04-08,Bournemouth
19.0,Bournemouth,ENG,1,1821.05554199,2026-04-09,2026-04-09,Bournemouth
19.0,Bournemouth,ENG,1,1824.93664551,2026-04-10,2026-04-11,Bournemouth
17.0,Bournemouth,ENG,1,1839.3380127,2026-04-12,2026-04-12,Bournemouth
16.0,Bournemouth,ENG,1,1839.3380127,2026-04-13,2026-04-14,Bournemouth
16.0,Bournemouth,ENG,1,1836.38464355,2026-04-15,2026-04-15,Bournemouth
16.0,Bournemouth,ENG,1,1836.5345459,2026-04-16,2026-04-18,Bournemouth
16.0,Bournemouth,ENG,1,1836.5345459,2026-04-19,2026-04-22,Bournemouth
16.0,Bournemouth,ENG,1,1836.5345459,2026-04-23,2026-05-12,Bournemouth
16.0,Bournemouth,ENG,1,1836.5345459,2026-05-13,2026-12-31,Bournemouth
35.0,Brentford,ENG,1,1740.8939209,2024-01-01,2024-01-20,Brentford
35.0,Brentford,ENG,1,1745.8046875,2024-01-21,2024-01-28,Brentford
34.0,Brentford,ENG,1,1745.8046875,2024-01-29,2024-01-31,Brentford
36.0,Brentford,ENG,1,1741.56103516,2024-02-01,2024-02-01,Brentford
35.0,Brentford,ENG,1,1741.56103516,2024-02-02,2024-02-02,Brentford
34.0,Brentford,ENG,1,1741.56103516,2024-02-03,2024-02-04,Brentford
35.0,Brentford,ENG,1,1741.56103516,2024-02-05,2024-02-05,Brentford
35.0,Brentford,ENG,1,1737.79626465,2024-02-06,2024-02-10,Brentford
34.0,Brentford,ENG,1,1751.63793945,2024-02-11,2024-02-13,Brentford
34.0,Brentford,ENG,1,1751.81262207,2024-02-14,2024-02-17,Brentford
36.0,Brentford,ENG,1,1744.08740234,2024-02-18,2024-02-20,Brentford
37.0,Brentford,ENG,1,1742.53259277,2024-02-21,2024-02-21,Brentford
37.0,Brentford,ENG,1,1741.24145508,2024-02-22,2024-02-24,Brentford
36.0,Brentford,ENG,1,1741.24145508,2024-02-25,2024-02-26,Brentford
39.0,Brentford,ENG,1,1732.08056641,2024-02-27,2024-03-02,Brentford
41.0,Brentford,ENG,1,1732.19421387,2024-03-03,2024-03-06,Brentford
41.0,Brentford,ENG,1,1732.35839844,2024-03-07,2024-03-07,Brentford
42.0,Brentford,ENG,1,1727.57714844,2024-03-08,2024-03-09,Brentford
42.0,Brentford,ENG,1,1725.20068359,2024-03-10,2024-03-12,Brentford
42.0,Brentford,ENG,1,1724.19091797,2024-03-13,2024-03-14,Brentford
42.0,Brentford,ENG,1,1731.63623047,2024-03-15,2024-03-16,Brentford
42.0,Brentford,ENG,1,1722.23181152,2024-03-17,2024-03-17,Brentford
43.0,Brentford,ENG,1,1722.23181152,2024-03-18,2024-03-30,Brentford
45.0,Brentford,ENG,1,1723.56347656,2024-03-31,2024-03-31,Brentford
44.0,Brentford,ENG,1,1723.56347656,2024-04-01,2024-04-03,Brentford
44.0,Brentford,ENG,1,1723.62097168,2024-04-04,2024-04-06,Brentford
41.0,Brentford,ENG,1,1728.00720215,2024-04-07,2024-04-07,Brentford
42.0,Brentford,ENG,1,1728.00720215,2024-04-08,2024-04-09,Brentford
42.0,Brentford,ENG,1,1727.46020508,2024-04-10,2024-04-11,Brentford
43.0,Brentford,ENG,1,1719.80432129,2024-04-12,2024-04-12,Brentford
42.0,Brentford,ENG,1,1719.80432129,2024-04-13,2024-04-13,Brentford
39.0,Brentford,ENG,1,1724.7388916,2024-04-14,2024-04-14,Brentford
40.0,Brentford,ENG,1,1724.7388916,2024-04-15,2024-04-16,Brentford
42.0,Brentford,ENG,1,1724.7388916,2024-04-17,2024-04-17,Brentford
43.0,Brentford,ENG,1,1720.45349121,2024-04-18,2024-04-18,Brentford
43.0,Brentford,ENG,1,1718.27697754,2024-04-19,2024-04-20,Brentford
41.0,Brentford,ENG,1,1730.83776855,2024-04-21,2024-04-24,Brentford
42.0,Brentford,ENG,1,1730.83776855,2024-04-25,2024-04-27,Brentford
42.0,Brentford,ENG,1,1723.67419434,2024-04-28,2024-04-28,Brentford
43.0,Brentford,ENG,1,1723.67419434,2024-04-29,2024-05-02,Brentford
44.0,Brentford,ENG,1,1718.42236328,2024-05-03,2024-05-04,Brentford
47.0,Brentford,ENG,1,1716.75292969,2024-05-05,2024-05-05,Brentford
46.0,Brentford,ENG,1,1716.75292969,2024-05-06,2024-05-08,Brentford
47.0,Brentford,ENG,1,1716.75292969,2024-05-09,2024-05-09,Brentford
47.0,Brentford,ENG,1,1712.43139648,2024-05-10,2024-05-11,Brentford
45.0,Brentford,ENG,1,1721.74511719,2024-05-12,2024-05-12,Brentford
46.0,Brentford,ENG,1,1721.74511719,2024-05-13,2024-05-15,Brentford
45.0,Brentford,ENG,1,1721.74511719,2024-05-16,2024-05-19,Brentford
49.0,Brentford,ENG,1,1711.08398438,2024-05-20,2024-08-07,Brentford
50.0,Brentford,ENG,1,1711.08398438,2024-08-08,2024-08-08,Brentford
49.0,Brentford,ENG,1,1711.08398438,2024-08-09,2024-08-13,Brentford
48.0,Brentford,ENG,1,1711.08398438,2024-08-14,2024-08-15,Brentford
49.0,Brentford,ENG,1,1711.08398438,2024-08-16,2024-08-18,Brentford
45.0,Brentford,ENG,1,1718.84753418,2024-08-19,2024-08-22,Brentford
45.0,Brentford,ENG,1,1719.11169434,2024-08-23,2024-08-25,Brentford
46.0,Brentford,ENG,1,1715.22351074,2024-08-26,2024-08-27,Brentford
47.0,Brentford,ENG,1,1715.22351074,2024-08-28,2024-08-29,Brentford
46.0,Brentford,ENG,1,1715.27978516,2024-08-30,2024-08-31,Brentford
45.0,Brentford,ENG,1,1720.58557129,2024-09-01,2024-09-14,Brentford
45.0,Brentford,ENG,1,1719.38830566,2024-09-15,2024-09-17,Brentford
45.0,Brentford,ENG,1,1725.55322266,2024-09-18,2024-09-18,Brentford
45.0,Brentford,ENG,1,1723.9296875,2024-09-19,2024-09-19,Brentford
44.0,Brentford,ENG,1,1723.85852051,2024-09-20,2024-09-21,Brentford
50.0,Brentford,ENG,1,1716.73132324,2024-09-22,2024-09-23,Brentford
49.0,Brentford,ENG,1,1716.73132324,2024-09-24,2024-09-25,Brentford
49.0,Brentford,ENG,1,1714.70056152,2024-09-26,2024-09-26,Brentford
49.0,Brentford,ENG,1,1715.79797363,2024-09-27,2024-09-28,Brentford
49.0,Brentford,ENG,1,1714.49047852,2024-09-29,2024-10-01,Brentford
48.0,Brentford,ENG,1,1716.8223877,2024-10-02,2024-10-02,Brentford
47.0,Brentford,ENG,1,1720.91027832,2024-10-03,2024-10-03,Brentford
48.0,Brentford,ENG,1,1723.70068359,2024-10-04,2024-10-05,Brentford
45.0,Brentford,ENG,1,1730.89282227,2024-10-06,2024-10-06,Brentford
46.0,Brentford,ENG,1,1730.89282227,2024-10-07,2024-10-19,Brentford
47.0,Brentford,ENG,1,1725.60351562,2024-10-20,2024-10-22,Brentford
47.0,Brentford,ENG,1,1727.82763672,2024-10-23,2024-10-23,Brentford
45.0,Brentford,ENG,1,1730.92004395,2024-10-24,2024-10-24,Brentford
44.0,Brentford,ENG,1,1733.08276367,2024-10-25,2024-10-26,Brentford
42.0,Brentford,ENG,1,1736.27587891,2024-10-27,2024-10-27,Brentford
43.0,Brentford,ENG,1,1736.27587891,2024-10-28,2024-10-31,Brentford
42.0,Brentford,ENG,1,1736.27587891,2024-11-01,2024-11-04,Brentford
44.0,Brentford,ENG,1,1730.12451172,2024-11-05,2024-11-05,Brentford
44.0,Brentford,ENG,1,1727.15612793,2024-11-06,2024-11-06,Brentford
46.0,Brentford,ENG,1,1722.55529785,2024-11-07,2024-11-07,Brentford
46.0,Brentford,ENG,1,1721.03112793,2024-11-08,2024-11-09,Brentford
42.0,Brentford,ENG,1,1727.6965332,2024-11-10,2024-11-10,Brentford
43.0,Brentford,ENG,1,1727.6965332,2024-11-11,2024-11-23,Brentford
42.0,Brentford,ENG,1,1728.56359863,2024-11-24,2024-11-25,Brentford
43.0,Brentford,ENG,1,1728.56359863,2024-11-26,2024-11-26,Brentford
43.0,Brentford,ENG,1,1731.72888184,2024-11-27,2024-11-27,Brentford
41.0,Brentford,ENG,1,1733.84326172,2024-11-28,2024-11-28,Brentford
41.0,Brentford,ENG,1,1735.00012207,2024-11-29,2024-11-30,Brentford
39.0,Brentford,ENG,1,1742.68261719,2024-12-01,2024-12-04,Brentford
43.0,Brentford,ENG,1,1735.21142578,2024-12-05,2024-12-07,Brentford
40.0,Brentford,ENG,1,1747.02770996,2024-12-08,2024-12-10,Brentford
37.0,Brentford,ENG,1,1750.96520996,2024-12-11,2024-12-11,Brentford
42.0,Brentford,ENG,1,1748.05175781,2024-12-12,2024-12-12,Brentford
41.0,Brentford,ENG,1,1749.32763672,2024-12-13,2024-12-15,Brentford
43.0,Brentford,ENG,1,1746.15771484,2024-12-16,2024-12-19,Brentford
41.0,Brentford,ENG,1,1746.26818848,2024-12-20,2024-12-21,Brentford
45.0,Brentford,ENG,1,1732.36254883,2024-12-22,2024-12-22,Brentford
46.0,Brentford,ENG,1,1732.36254883,2024-12-23,2024-12-27,Brentford
46.0,Brentford,ENG,1,1734.68359375,2024-12-28,2024-12-29,Brentford
45.0,Brentford,ENG,1,1734.68359375,2024-12-30,2024-12-31,Brentford
45.0,Brentford,ENG,1,1734.68359375,2025-01-01,2025-01-01,Brentford
46.0,Brentford,ENG,1,1729.57226562,2025-01-02,2025-01-04,Brentford
42.0,Brentford,ENG,1,1741.68334961,2025-01-05,2025-01-13,Brentford
43.0,Brentford,ENG,1,1741.68334961,2025-01-14,2025-01-14,Brentford
41.0,Brentford,ENG,1,1745.59008789,2025-01-15,2025-01-18,Brentford
44.0,Brentford,ENG,1,1740.65100098,2025-01-19,2025-01-19,Brentford
43.0,Brentford,ENG,1,1740.65100098,2025-01-20,2025-01-21,Brentford
44.0,Brentford,ENG,1,1739.12158203,2025-01-22,2025-01-22,Brentford
45.0,Brentford,ENG,1,1736.51867676,2025-01-23,2025-01-23,Brentford
43.0,Brentford,ENG,1,1739.21362305,2025-01-24,2025-01-25,Brentford
44.0,Brentford,ENG,1,1739.21362305,2025-01-26,2025-01-26,Brentford
38.0,Brentford,ENG,1,1749.74243164,2025-01-27,2025-01-29,Brentford
37.0,Brentford,ENG,1,1749.87133789,2025-01-30,2025-01-30,Brentford
37.0,Brentford,ENG,1,1752.40063477,2025-01-31,2025-02-01,Brentford
36.0,Brentford,ENG,1,1752.40063477,2025-02-02,2025-02-02,Brentford
38.0,Brentford,ENG,1,1740.34741211,2025-02-03,2025-02-11,Brentford
41.0,Brentford,ENG,1,1738.05688477,2025-02-12,2025-02-15,Brentford
38.0,Brentford,ENG,1,1746.8659668,2025-02-16,2025-02-18,Brentford
40.0,Brentford,ENG,1,1746.8659668,2025-02-19,2025-02-19,Brentford
41.0,Brentford,ENG,1,1744.21984863,2025-02-20,2025-02-20,Brentford
40.0,Brentford,ENG,1,1744.21984863,2025-02-21,2025-02-21,Brentford
37.0,Brentford,ENG,1,1755.56420898,2025-02-22,2025-02-22,Brentford
35.0,Brentford,ENG,1,1755.56420898,2025-02-23,2025-02-23,Brentford
34.0,Brentford,ENG,1,1755.56420898,2025-02-24,2025-02-26,Brentford
35.0,Brentford,ENG,1,1753.66699219,2025-02-27,2025-03-01,Brentford
34.0,Brentford,ENG,1,1753.66699219,2025-03-02,2025-03-04,Brentford
34.0,Brentford,ENG,1,1758.6574707,2025-03-05,2025-03-05,Brentford
34.0,Brentford,ENG,1,1760.4876709,2025-03-06,2025-03-06,Brentford
35.0,Brentford,ENG,1,1760.64038086,2025-03-07,2025-03-08,Brentford
35.0,Brentford,ENG,1,1752.33837891,2025-03-09,2025-03-09,Brentford
36.0,Brentford,ENG,1,1752.33837891,2025-03-10,2025-03-11,Brentford
37.0,Brentford,ENG,1,1749.49450684,2025-03-12,2025-03-12,Brentford
35.0,Brentford,ENG,1,1751.98413086,2025-03-13,2025-03-13,Brentford
35.0,Brentford,ENG,1,1758.22387695,2025-03-14,2025-03-15,Brentford
34.0,Brentford,ENG,1,1768.86474609,2025-03-16,2025-03-30,Brentford
35.0,Brentford,ENG,1,1768.86474609,2025-03-31,2025-04-02,Brentford
36.0,Brentford,ENG,1,1763.90771484,2025-04-03,2025-04-06,Brentford
36.0,Brentford,ENG,1,1764.94812012,2025-04-07,2025-04-08,Brentford
35.0,Brentford,ENG,1,1767.85900879,2025-04-09,2025-04-09,Brentford
35.0,Brentford,ENG,1,1766.48522949,2025-04-10,2025-04-10,Brentford
35.0,Brentford,ENG,1,1766.48364258,2025-04-11,2025-04-12,Brentford
35.0,Brentford,ENG,1,1773.41333008,2025-04-13,2025-04-13,Brentford
34.0,Brentford,ENG,1,1773.41333008,2025-04-14,2025-04-15,Brentford
34.0,Brentford,ENG,1,1773.18017578,2025-04-16,2025-04-16,Brentford
32.0,Brentford,ENG,1,1774.97692871,2025-04-17,2025-04-17,Brentford
30.0,Brentford,ENG,1,1780.23132324,2025-04-18,2025-04-19,Brentford
26.0,Brentford,ENG,1,1789.54052734,2025-04-20,2025-04-20,Brentford
25.0,Brentford,ENG,1,1789.54052734,2025-04-21,2025-04-21,Brentford
24.0,Brentford,ENG,1,1789.54052734,2025-04-22,2025-04-26,Brentford
26.0,Brentford,ENG,1,1789.54052734,2025-04-27,2025-04-29,Brentford
26.0,Brentford,ENG,1,1786.6895752,2025-04-30,2025-05-01,Brentford
18.0,Brentford,ENG,1,1807.24951172,2025-05-02,2025-05-03,Brentford
19.0,Brentford,ENG,1,1807.24951172,2025-05-04,2025-05-04,Brentford
16.0,Brentford,ENG,1,1813.7902832,2025-05-05,2025-05-06,Brentford
17.0,Brentford,ENG,1,1813.7902832,2025-05-07,2025-05-07,Brentford
17.0,Brentford,ENG,1,1811.26843262,2025-05-08,2025-05-08,Brentford
16.0,Brentford,ENG,1,1815.93798828,2025-05-09,2025-05-10,Brentford
16.0,Brentford,ENG,1,1820.25439453,2025-05-11,2025-05-11,Brentford
17.0,Brentford,ENG,1,1820.25439453,2025-05-12,2025-05-18,Brentford
19.0,Brentford,ENG,1,1809.60241699,2025-05-19,2025-05-19,Brentford
20.0,Brentford,ENG,1,1809.60241699,2025-05-20,2025-05-25,Brentford
21.0,Brentford,ENG,1,1808.93103027,2025-05-26,2025-05-28,Brentford
21.0,Brentford,ENG,1,1811.29882812,2025-05-29,2025-05-31,Brentford
20.0,Brentford,ENG,1,1811.29882812,2025-06-01,2025-08-12,Brentford
21.0,Brentford,ENG,1,1811.29882812,2025-08-13,2025-08-17,Brentford
26.0,Brentford,ENG,1,1801.47546387,2025-08-18,2025-08-21,Brentford
26.0,Brentford,ENG,1,1801.46484375,2025-08-22,2025-08-23,Brentford
22.0,Brentford,ENG,1,1810.04589844,2025-08-24,2025-08-24,Brentford
23.0,Brentford,ENG,1,1810.04589844,2025-08-25,2025-08-28,Brentford
23.0,Brentford,ENG,1,1810.23303223,2025-08-29,2025-08-30,Brentford
26.0,Brentford,ENG,1,1797.15966797,2025-08-31,2025-09-13,Brentford
26.0,Brentford,ENG,1,1799.19213867,2025-09-14,2025-09-16,Brentford
24.0,Brentford,ENG,1,1803.06750488,2025-09-17,2025-09-17,Brentford
24.0,Brentford,ENG,1,1801.4699707,2025-09-18,2025-09-18,Brentford
24.0,Brentford,ENG,1,1800.67358398,2025-09-19,2025-09-20,Brentford
30.0,Brentford,ENG,1,1790.43188477,2025-09-21,2025-09-24,Brentford
29.0,Brentford,ENG,1,1790.7487793,2025-09-25,2025-09-25,Brentford
29.0,Brentford,ENG,1,1791.93945312,2025-09-26,2025-09-27,Brentford
24.0,Brentford,ENG,1,1802.19824219,2025-09-28,2025-09-29,Brentford
23.0,Brentford,ENG,1,1802.19824219,2025-09-30,2025-09-30,Brentford
25.0,Brentford,ENG,1,1798.66589355,2025-10-01,2025-10-01,Brentford
24.0,Brentford,ENG,1,1803.22998047,2025-10-02,2025-10-02,Brentford
23.0,Brentford,ENG,1,1802.83459473,2025-10-03,2025-10-05,Brentford
27.0,Brentford,ENG,1,1797.77429199,2025-10-06,2025-10-20,Brentford
24.0,Brentford,ENG,1,1807.91772461,2025-10-21,2025-10-21,Brentford
23.0,Brentford,ENG,1,1814.04431152,2025-10-22,2025-10-22,Brentford
21.0,Brentford,ENG,1,1817.6595459,2025-10-23,2025-10-23,Brentford
22.0,Brentford,ENG,1,1810.48779297,2025-10-24,2025-10-25,Brentford
20.0,Brentford,ENG,1,1821.59973145,2025-10-26,2025-10-26,Brentford
21.0,Brentford,ENG,1,1821.59973145,2025-10-27,2025-11-01,Brentford
21.0,Brentford,ENG,1,1812.64611816,2025-11-02,2025-11-04,Brentford
21.0,Brentford,ENG,1,1816.78759766,2025-11-05,2025-11-05,Brentford
21.0,Brentford,ENG,1,1817.81652832,2025-11-06,2025-11-06,Brentford
21.0,Brentford,ENG,1,1817.65319824,2025-11-07,2025-11-09,Brentford
20.0,Brentford,ENG,1,1829.36035156,2025-11-10,2025-11-22,Brentford
20.0,Brentford,ENG,1,1823.19995117,2025-11-23,2025-11-25,Brentford
21.0,Brentford,ENG,1,1818.4041748,2025-11-26,2025-11-26,Brentford
24.0,Brentford,ENG,1,1812.4934082,2025-11-27,2025-11-27,Brentford
24.0,Brentford,ENG,1,1810.5123291,2025-11-28,2025-11-29,Brentford
20.0,Brentford,ENG,1,1816.66113281,2025-11-30,2025-12-03,Brentford
22.0,Brentford,ENG,1,1813.19750977,2025-12-04,2025-12-06,Brentford
25.0,Brentford,ENG,1,1803.27856445,2025-12-07,2025-12-07,Brentford
24.0,Brentford,ENG,1,1803.27856445,2025-12-08,2025-12-09,Brentford
23.0,Brentford,ENG,1,1805.55163574,2025-12-10,2025-12-10,Brentford
23.0,Brentford,ENG,1,1810.20288086,2025-12-11,2025-12-11,Brentford
23.0,Brentford,ENG,1,1812.33117676,2025-12-12,2025-12-13,Brentford
22.0,Brentford,ENG,1,1812.33117676,2025-12-14,2025-12-14,Brentford
23.0,Brentford,ENG,1,1808.59680176,2025-12-15,2025-12-15,Brentford
25.0,Brentford,ENG,1,1808.59680176,2025-12-16,2025-12-18,Brentford
25.0,Brentford,ENG,1,1805.83752441,2025-12-19,2025-12-20,Brentford
21.0,Brentford,ENG,1,1813.51647949,2025-12-21,2025-12-27,Brentford
18.0,Brentford,ENG,1,1824.11401367,2025-12-28,2025-12-31,Brentford
18.0,Brentford,ENG,1,1824.11401367,2026-01-01,2026-01-01,Brentford
18.0,Brentford,ENG,1,1822.18688965,2026-01-02,2026-01-04,Brentford
15.0,Brentford,ENG,1,1835.69641113,2026-01-05,2026-01-07,Brentford
15.0,Brentford,ENG,1,1841.53430176,2026-01-08,2026-01-10,Brentford
14.0,Brentford,ENG,1,1841.53430176,2026-01-11,2026-01-17,Brentford
16.0,Brentford,ENG,1,1833.76220703,2026-01-18,2026-01-20,Brentford
17.0,Brentford,ENG,1,1834.30871582,2026-01-21,2026-01-21,Brentford
16.0,Brentford,ENG,1,1839.73571777,2026-01-22,2026-01-22,Brentford
16.0,Brentford,ENG,1,1838.73706055,2026-01-23,2026-01-24,Brentford
15.0,Brentford,ENG,1,1838.73706055,2026-01-25,2026-01-25,Brentford
18.0,Brentford,ENG,1,1822.73986816,2026-01-26,2026-01-28,Brentford
17.0,Brentford,ENG,1,1830.46813965,2026-01-29,2026-01-29,Brentford
17.0,Brentford,ENG,1,1831.42785645,2026-01-30,2026-01-31,Brentford
18.0,Brentford,ENG,1,1831.42785645,2026-02-01,2026-02-01,Brentford
14.0,Brentford,ENG,1,1843.37268066,2026-02-02,2026-02-07,Brentford
13.0,Brentford,ENG,1,1853.4699707,2026-02-08,2026-02-12,Brentford
13.0,Brentford,ENG,1,1857.94604492,2026-02-13,2026-02-18,Brentford
13.0,Brentford,ENG,1,1858.43908691,2026-02-19,2026-02-19,Brentford
13.0,Brentford,ENG,1,1861.32580566,2026-02-20,2026-02-21,Brentford
15.0,Brentford,ENG,1,1847.53979492,2026-02-22,2026-02-24,Brentford
15.0,Brentford,ENG,1,1847.77929688,2026-02-25,2026-02-25,Brentford
14.0,Brentford,ENG,1,1847.77929688,2026-02-26,2026-02-26,Brentford
14.0,Brentford,ENG,1,1847.69799805,2026-02-27,2026-02-28,Brentford
14.0,Brentford,ENG,1,1853.22045898,2026-03-01,2026-03-03,Brentford
13.0,Brentford,ENG,1,1853.97180176,2026-03-04,2026-03-10,Brentford
15.0,Brentford,ENG,1,1849.70703125,2026-03-11,2026-03-11,Brentford
14.0,Brentford,ENG,1,1842.19665527,2026-03-12,2026-03-12,Brentford
14.0,Brentford,ENG,1,1839.59057617,2026-03-13,2026-03-16,Brentford
15.0,Brentford,ENG,1,1834.91088867,2026-03-17,2026-03-17,Brentford
16.0,Brentford,ENG,1,1830.01806641,2026-03-18,2026-03-18,Brentford
17.0,Brentford,ENG,1,1828.94787598,2026-03-19,2026-03-19,Brentford
17.0,Brentford,ENG,1,1833.22229004,2026-03-20,2026-03-21,Brentford
17.0,Brentford,ENG,1,1832.27941895,2026-03-22,2026-04-07,Brentford
17.0,Brentford,ENG,1,1833.16577148,2026-04-08,2026-04-08,Brentford
17.0,Brentford,ENG,1,1831.18664551,2026-04-09,2026-04-09,Brentford
17.0,Brentford,ENG,1,1835.06787109,2026-04-10,2026-04-11,Brentford
19.0,Brentford,ENG,1,1833.99328613,2026-04-12,2026-04-14,Brentford
19.0,Brentford,ENG,1,1831.03991699,2026-04-15,2026-04-15,Brentford
19.0,Brentford,ENG,1,1831.18981934,2026-04-16,2026-04-18,Brentford
19.0,Brentford,ENG,1,1831.18981934,2026-04-19,2026-04-27,Brentford
19.0,Brentford,ENG,1,1831.18981934,2026-04-28,2026-05-12,Brentford
19.0,Brentford,ENG,1,1831.18981934,2026-05-13,2026-12-31,Brentford
19.0,Brighton,ENG,1,1820.63659668,2024-01-01,2024-01-02,Brighton
18.0,Brighton,ENG,1,1821.94726562,2024-01-03,2024-01-07,Brighton
17.0,Brighton,ENG,1,1821.94726562,2024-01-08,2024-01-22,Brighton
18.0,Brighton,ENG,1,1818.10534668,2024-01-23,2024-01-27,Brighton
16.0,Brighton,ENG,1,1818.10534668,2024-01-28,2024-01-30,Brighton
24.0,Brighton,ENG,1,1794.08178711,2024-01-31,2024-02-01,Brighton
25.0,Brighton,ENG,1,1794.08178711,2024-02-02,2024-02-03,Brighton
21.0,Brighton,ENG,1,1802.43615723,2024-02-04,2024-02-04,Brighton
22.0,Brighton,ENG,1,1802.43615723,2024-02-05,2024-02-10,Brighton
23.0,Brighton,ENG,1,1797.02001953,2024-02-11,2024-02-11,Brighton
24.0,Brighton,ENG,1,1797.02001953,2024-02-12,2024-02-12,Brighton
23.0,Brighton,ENG,1,1797.02001953,2024-02-13,2024-02-13,Brighton
23.0,Brighton,ENG,1,1797.19482422,2024-02-14,2024-02-14,Brighton
22.0,Brighton,ENG,1,1797.19482422,2024-02-15,2024-02-18,Brighton
21.0,Brighton,ENG,1,1806.42504883,2024-02-19,2024-02-21,Brighton
20.0,Brighton,ENG,1,1805.13391113,2024-02-22,2024-02-24,Brighton
21.0,Brighton,ENG,1,1801.61047363,2024-02-25,2024-02-25,Brighton
20.0,Brighton,ENG,1,1801.61047363,2024-02-26,2024-02-28,Brighton
21.0,Brighton,ENG,1,1801.61047363,2024-02-29,2024-03-02,Brighton
24.0,Brighton,ENG,1,1786.29626465,2024-03-03,2024-03-06,Brighton
24.0,Brighton,ENG,1,1786.46032715,2024-03-07,2024-03-07,Brighton
30.0,Brighton,ENG,1,1767.01928711,2024-03-08,2024-03-10,Brighton
29.0,Brighton,ENG,1,1771.26098633,2024-03-11,2024-03-12,Brighton
29.0,Brighton,ENG,1,1770.2512207,2024-03-13,2024-03-14,Brighton
29.0,Brighton,ENG,1,1775.9041748,2024-03-15,2024-03-15,Brighton
30.0,Brighton,ENG,1,1775.9041748,2024-03-16,2024-03-31,Brighton
32.0,Brighton,ENG,1,1773.14233398,2024-04-01,2024-04-03,Brighton
32.0,Brighton,ENG,1,1773.08483887,2024-04-04,2024-04-06,Brighton
33.0,Brighton,ENG,1,1765.27392578,2024-04-07,2024-04-09,Brighton
33.0,Brighton,ENG,1,1764.72692871,2024-04-10,2024-04-11,Brighton
34.0,Brighton,ENG,1,1757.07116699,2024-04-12,2024-04-13,Brighton
34.0,Brighton,ENG,1,1754.88171387,2024-04-14,2024-04-16,Brighton
35.0,Brighton,ENG,1,1754.88171387,2024-04-17,2024-04-17,Brighton
36.0,Brighton,ENG,1,1750.59619141,2024-04-18,2024-04-18,Brighton
37.0,Brighton,ENG,1,1748.41967773,2024-04-19,2024-04-25,Brighton
37.0,Brighton,ENG,1,1742.78808594,2024-04-26,2024-04-27,Brighton
38.0,Brighton,ENG,1,1742.78808594,2024-04-28,2024-04-28,Brighton
40.0,Brighton,ENG,1,1729.74035645,2024-04-29,2024-05-02,Brighton
41.0,Brighton,ENG,1,1724.48852539,2024-05-03,2024-05-03,Brighton
42.0,Brighton,ENG,1,1724.48852539,2024-05-04,2024-05-05,Brighton
39.0,Brighton,ENG,1,1733.3996582,2024-05-06,2024-05-06,Brighton
40.0,Brighton,ENG,1,1733.3996582,2024-05-07,2024-05-09,Brighton
39.0,Brighton,ENG,1,1729.078125,2024-05-10,2024-05-11,Brighton
39.0,Brighton,ENG,1,1732.68286133,2024-05-12,2024-05-13,Brighton
38.0,Brighton,ENG,1,1732.68286133,2024-05-14,2024-05-14,Brighton
39.0,Brighton,ENG,1,1732.68286133,2024-05-15,2024-05-15,Brighton
43.0,Brighton,ENG,1,1725.04504395,2024-05-16,2024-05-19,Brighton
47.0,Brighton,ENG,1,1713.16320801,2024-05-20,2024-05-26,Brighton
48.0,Brighton,ENG,1,1713.16320801,2024-05-27,2024-08-13,Brighton
47.0,Brighton,ENG,1,1713.16320801,2024-08-14,2024-08-15,Brighton
48.0,Brighton,ENG,1,1713.16320801,2024-08-16,2024-08-16,Brighton
47.0,Brighton,ENG,1,1713.16320801,2024-08-17,2024-08-17,Brighton
42.0,Brighton,ENG,1,1729.44433594,2024-08-18,2024-08-22,Brighton
43.0,Brighton,ENG,1,1729.70837402,2024-08-23,2024-08-24,Brighton
40.0,Brighton,ENG,1,1737.6081543,2024-08-25,2024-08-25,Brighton
41.0,Brighton,ENG,1,1737.6081543,2024-08-26,2024-08-29,Brighton
40.0,Brighton,ENG,1,1737.66442871,2024-08-30,2024-08-31,Brighton
40.0,Brighton,ENG,1,1744.23925781,2024-09-01,2024-09-14,Brighton
41.0,Brighton,ENG,1,1738.45056152,2024-09-15,2024-09-17,Brighton
38.0,Brighton,ENG,1,1744.61560059,2024-09-18,2024-09-18,Brighton
38.0,Brighton,ENG,1,1742.99194336,2024-09-19,2024-09-19,Brighton
38.0,Brighton,ENG,1,1742.92077637,2024-09-20,2024-09-22,Brighton
41.0,Brighton,ENG,1,1739.58190918,2024-09-23,2024-09-25,Brighton
41.0,Brighton,ENG,1,1737.55126953,2024-09-26,2024-09-26,Brighton
41.0,Brighton,ENG,1,1738.64855957,2024-09-27,2024-09-27,Brighton
40.0,Brighton,ENG,1,1738.64855957,2024-09-28,2024-09-28,Brighton
41.0,Brighton,ENG,1,1732.5345459,2024-09-29,2024-10-01,Brighton
42.0,Brighton,ENG,1,1734.86645508,2024-10-02,2024-10-02,Brighton
41.0,Brighton,ENG,1,1738.9543457,2024-10-03,2024-10-03,Brighton
39.0,Brighton,ENG,1,1741.74475098,2024-10-04,2024-10-06,Brighton
35.0,Brighton,ENG,1,1750.22338867,2024-10-07,2024-10-19,Brighton
31.0,Brighton,ENG,1,1761.45007324,2024-10-20,2024-10-20,Brighton
34.0,Brighton,ENG,1,1761.45007324,2024-10-21,2024-10-22,Brighton
34.0,Brighton,ENG,1,1763.67407227,2024-10-23,2024-10-23,Brighton
33.0,Brighton,ENG,1,1766.76660156,2024-10-24,2024-10-24,Brighton
33.0,Brighton,ENG,1,1768.92919922,2024-10-25,2024-10-26,Brighton
34.0,Brighton,ENG,1,1764.41882324,2024-10-27,2024-10-27,Brighton
33.0,Brighton,ENG,1,1764.41882324,2024-10-28,2024-11-02,Brighton
34.0,Brighton,ENG,1,1761.9296875,2024-11-03,2024-11-03,Brighton
33.0,Brighton,ENG,1,1761.9296875,2024-11-04,2024-11-05,Brighton
34.0,Brighton,ENG,1,1758.96130371,2024-11-06,2024-11-06,Brighton
35.0,Brighton,ENG,1,1754.36035156,2024-11-07,2024-11-07,Brighton
35.0,Brighton,ENG,1,1752.83630371,2024-11-08,2024-11-08,Brighton
34.0,Brighton,ENG,1,1752.83630371,2024-11-09,2024-11-09,Brighton
31.0,Brighton,ENG,1,1765.95056152,2024-11-10,2024-11-23,Brighton
31.0,Brighton,ENG,1,1774.74279785,2024-11-24,2024-11-26,Brighton
31.0,Brighton,ENG,1,1777.90808105,2024-11-27,2024-11-27,Brighton
30.0,Brighton,ENG,1,1780.02233887,2024-11-28,2024-11-28,Brighton
30.0,Brighton,ENG,1,1781.17919922,2024-11-29,2024-11-29,Brighton
30.0,Brighton,ENG,1,1774.87658691,2024-11-30,2024-11-30,Brighton
29.0,Brighton,ENG,1,1774.87658691,2024-12-01,2024-12-04,Brighton
30.0,Brighton,ENG,1,1774.87658691,2024-12-05,2024-12-05,Brighton
31.0,Brighton,ENG,1,1764.59765625,2024-12-06,2024-12-08,Brighton
31.0,Brighton,ENG,1,1763.16101074,2024-12-09,2024-12-10,Brighton
30.0,Brighton,ENG,1,1767.09863281,2024-12-11,2024-12-11,Brighton
31.0,Brighton,ENG,1,1764.18505859,2024-12-12,2024-12-12,Brighton
30.0,Brighton,ENG,1,1765.46105957,2024-12-13,2024-12-14,Brighton
31.0,Brighton,ENG,1,1765.46105957,2024-12-15,2024-12-15,Brighton
38.0,Brighton,ENG,1,1751.10705566,2024-12-16,2024-12-19,Brighton
38.0,Brighton,ENG,1,1751.2175293,2024-12-20,2024-12-20,Brighton
37.0,Brighton,ENG,1,1751.2175293,2024-12-21,2024-12-21,Brighton
35.0,Brighton,ENG,1,1752.44787598,2024-12-22,2024-12-26,Brighton
37.0,Brighton,ENG,1,1752.44787598,2024-12-27,2024-12-27,Brighton
39.0,Brighton,ENG,1,1750.12683105,2024-12-28,2024-12-30,Brighton
37.0,Brighton,ENG,1,1753.26464844,2024-12-31,2024-12-31,Brighton
37.0,Brighton,ENG,1,1753.26464844,2025-01-01,2025-01-04,Brighton
35.0,Brighton,ENG,1,1757.9317627,2025-01-05,2025-01-05,Brighton
37.0,Brighton,ENG,1,1757.9317627,2025-01-06,2025-01-16,Brighton
35.0,Brighton,ENG,1,1766.04016113,2025-01-17,2025-01-17,Brighton
34.0,Brighton,ENG,1,1766.04016113,2025-01-18,2025-01-18,Brighton
35.0,Brighton,ENG,1,1766.04016113,2025-01-19,2025-01-19,Brighton
28.0,Brighton,ENG,1,1779.46704102,2025-01-20,2025-01-21,Brighton
28.0,Brighton,ENG,1,1777.93762207,2025-01-22,2025-01-22,Brighton
28.0,Brighton,ENG,1,1775.33483887,2025-01-23,2025-01-23,Brighton
27.0,Brighton,ENG,1,1778.02966309,2025-01-24,2025-01-25,Brighton
30.0,Brighton,ENG,1,1766.65869141,2025-01-26,2025-01-29,Brighton
31.0,Brighton,ENG,1,1766.78759766,2025-01-30,2025-01-30,Brighton
31.0,Brighton,ENG,1,1769.3170166,2025-01-31,2025-02-01,Brighton
37.0,Brighton,ENG,1,1751.81616211,2025-02-02,2025-02-02,Brighton
36.0,Brighton,ENG,1,1751.81616211,2025-02-03,2025-02-08,Brighton
37.0,Brighton,ENG,1,1751.81616211,2025-02-09,2025-02-11,Brighton
37.0,Brighton,ENG,1,1749.5255127,2025-02-12,2025-02-12,Brighton
36.0,Brighton,ENG,1,1749.5255127,2025-02-13,2025-02-13,Brighton
37.0,Brighton,ENG,1,1749.5255127,2025-02-14,2025-02-14,Brighton
33.0,Brighton,ENG,1,1765.52746582,2025-02-15,2025-02-18,Brighton
32.0,Brighton,ENG,1,1765.52746582,2025-02-19,2025-02-19,Brighton
34.0,Brighton,ENG,1,1762.88134766,2025-02-20,2025-02-20,Brighton
32.0,Brighton,ENG,1,1762.88134766,2025-02-21,2025-02-22,Brighton
29.0,Brighton,ENG,1,1771.06054688,2025-02-23,2025-02-25,Brighton
27.0,Brighton,ENG,1,1778.49328613,2025-02-26,2025-03-02,Brighton
26.0,Brighton,ENG,1,1778.49328613,2025-03-03,2025-03-04,Brighton
26.0,Brighton,ENG,1,1783.48376465,2025-03-05,2025-03-05,Brighton
25.0,Brighton,ENG,1,1785.31384277,2025-03-06,2025-03-06,Brighton
25.0,Brighton,ENG,1,1785.46655273,2025-03-07,2025-03-08,Brighton
26.0,Brighton,ENG,1,1791.89660645,2025-03-09,2025-03-09,Brighton
25.0,Brighton,ENG,1,1791.89660645,2025-03-10,2025-03-11,Brighton
26.0,Brighton,ENG,1,1789.05273438,2025-03-12,2025-03-12,Brighton
24.0,Brighton,ENG,1,1791.54223633,2025-03-13,2025-03-13,Brighton
22.0,Brighton,ENG,1,1797.78210449,2025-03-14,2025-03-15,Brighton
21.0,Brighton,ENG,1,1802.4432373,2025-03-16,2025-03-16,Brighton
20.0,Brighton,ENG,1,1802.4432373,2025-03-17,2025-04-02,Brighton
23.0,Brighton,ENG,1,1787.21154785,2025-04-03,2025-04-05,Brighton
25.0,Brighton,ENG,1,1780.89782715,2025-04-06,2025-04-06,Brighton
28.0,Brighton,ENG,1,1780.89782715,2025-04-07,2025-04-08,Brighton
28.0,Brighton,ENG,1,1783.80871582,2025-04-09,2025-04-09,Brighton
27.0,Brighton,ENG,1,1782.43493652,2025-04-10,2025-04-10,Brighton
27.0,Brighton,ENG,1,1782.43334961,2025-04-11,2025-04-11,Brighton
28.0,Brighton,ENG,1,1782.43334961,2025-04-12,2025-04-12,Brighton
30.0,Brighton,ENG,1,1776.22436523,2025-04-13,2025-04-15,Brighton
30.0,Brighton,ENG,1,1775.99121094,2025-04-16,2025-04-16,Brighton
29.0,Brighton,ENG,1,1777.78796387,2025-04-17,2025-04-17,Brighton
29.0,Brighton,ENG,1,1783.0423584,2025-04-18,2025-04-19,Brighton
34.0,Brighton,ENG,1,1773.7331543,2025-04-20,2025-04-23,Brighton
35.0,Brighton,ENG,1,1773.7331543,2025-04-24,2025-04-26,Brighton
31.0,Brighton,ENG,1,1779.2635498,2025-04-27,2025-04-27,Brighton
34.0,Brighton,ENG,1,1779.2635498,2025-04-28,2025-04-29,Brighton
35.0,Brighton,ENG,1,1776.41247559,2025-04-30,2025-05-01,Brighton
31.0,Brighton,ENG,1,1782.67834473,2025-05-02,2025-05-04,Brighton
30.0,Brighton,ENG,1,1783.60668945,2025-05-05,2025-05-05,Brighton
31.0,Brighton,ENG,1,1783.60668945,2025-05-06,2025-05-07,Brighton
34.0,Brighton,ENG,1,1781.08496094,2025-05-08,2025-05-08,Brighton
30.0,Brighton,ENG,1,1785.7545166,2025-05-09,2025-05-09,Brighton
29.0,Brighton,ENG,1,1785.7545166,2025-05-10,2025-05-10,Brighton
25.0,Brighton,ENG,1,1797.83996582,2025-05-11,2025-05-11,Brighton
24.0,Brighton,ENG,1,1797.83996582,2025-05-12,2025-05-19,Brighton
19.0,Brighton,ENG,1,1809.79956055,2025-05-20,2025-05-25,Brighton
18.0,Brighton,ENG,1,1824.76818848,2025-05-26,2025-05-28,Brighton
17.0,Brighton,ENG,1,1827.13598633,2025-05-29,2025-08-16,Brighton
17.0,Brighton,ENG,1,1824.43798828,2025-08-17,2025-08-21,Brighton
17.0,Brighton,ENG,1,1824.42736816,2025-08-22,2025-08-23,Brighton
18.0,Brighton,ENG,1,1824.42736816,2025-08-24,2025-08-24,Brighton
20.0,Brighton,ENG,1,1813.18225098,2025-08-25,2025-08-28,Brighton
21.0,Brighton,ENG,1,1813.36938477,2025-08-29,2025-08-30,Brighton
22.0,Brighton,ENG,1,1813.36938477,2025-08-31,2025-08-31,Brighton
18.0,Brighton,ENG,1,1823.54284668,2025-09-01,2025-09-13,Brighton
21.0,Brighton,ENG,1,1816.60290527,2025-09-14,2025-09-14,Brighton
20.0,Brighton,ENG,1,1816.60290527,2025-09-15,2025-09-16,Brighton
20.0,Brighton,ENG,1,1820.47814941,2025-09-17,2025-09-17,Brighton
20.0,Brighton,ENG,1,1818.88061523,2025-09-18,2025-09-18,Brighton
20.0,Brighton,ENG,1,1818.08422852,2025-09-19,2025-09-20,Brighton
19.0,Brighton,ENG,1,1816.69445801,2025-09-21,2025-09-21,Brighton
20.0,Brighton,ENG,1,1816.69445801,2025-09-22,2025-09-24,Brighton
21.0,Brighton,ENG,1,1817.01135254,2025-09-25,2025-09-25,Brighton
20.0,Brighton,ENG,1,1818.20202637,2025-09-26,2025-09-27,Brighton
18.0,Brighton,ENG,1,1833.93066406,2025-09-28,2025-09-30,Brighton
19.0,Brighton,ENG,1,1830.39831543,2025-10-01,2025-10-01,Brighton
19.0,Brighton,ENG,1,1834.96252441,2025-10-02,2025-10-02,Brighton
17.0,Brighton,ENG,1,1834.5670166,2025-10-03,2025-10-03,Brighton
18.0,Brighton,ENG,1,1834.5670166,2025-10-04,2025-10-04,Brighton
19.0,Brighton,ENG,1,1834.5670166,2025-10-05,2025-10-05,Brighton
19.0,Brighton,ENG,1,1832.16345215,2025-10-06,2025-10-18,Brighton
16.0,Brighton,ENG,1,1840.22412109,2025-10-19,2025-10-21,Brighton
14.0,Brighton,ENG,1,1846.35070801,2025-10-22,2025-10-22,Brighton
14.0,Brighton,ENG,1,1849.96594238,2025-10-23,2025-10-23,Brighton
15.0,Brighton,ENG,1,1842.79418945,2025-10-24,2025-10-25,Brighton
16.0,Brighton,ENG,1,1832.26477051,2025-10-26,2025-10-28,Brighton
17.0,Brighton,ENG,1,1832.26477051,2025-10-29,2025-11-01,Brighton
16.0,Brighton,ENG,1,1839.88012695,2025-11-02,2025-11-04,Brighton
16.0,Brighton,ENG,1,1844.02172852,2025-11-05,2025-11-05,Brighton
16.0,Brighton,ENG,1,1845.05053711,2025-11-06,2025-11-06,Brighton
17.0,Brighton,ENG,1,1844.8873291,2025-11-07,2025-11-09,Brighton
16.0,Brighton,ENG,1,1846.72033691,2025-11-10,2025-11-22,Brighton
15.0,Brighton,ENG,1,1852.8807373,2025-11-23,2025-11-25,Brighton
16.0,Brighton,ENG,1,1848.08496094,2025-11-26,2025-11-26,Brighton
16.0,Brighton,ENG,1,1842.17407227,2025-11-27,2025-11-27,Brighton
16.0,Brighton,ENG,1,1840.19299316,2025-11-28,2025-11-30,Brighton
15.0,Brighton,ENG,1,1851.00244141,2025-12-01,2025-12-03,Brighton
15.0,Brighton,ENG,1,1842.47595215,2025-12-04,2025-12-07,Brighton
17.0,Brighton,ENG,1,1837.96289062,2025-12-08,2025-12-09,Brighton
16.0,Brighton,ENG,1,1840.23608398,2025-12-10,2025-12-10,Brighton
15.0,Brighton,ENG,1,1844.88720703,2025-12-11,2025-12-11,Brighton
15.0,Brighton,ENG,1,1847.01550293,2025-12-12,2025-12-13,Brighton
16.0,Brighton,ENG,1,1840.67285156,2025-12-14,2025-12-18,Brighton
15.0,Brighton,ENG,1,1837.91369629,2025-12-19,2025-12-20,Brighton
15.0,Brighton,ENG,1,1832.21044922,2025-12-21,2025-12-26,Brighton
16.0,Brighton,ENG,1,1832.21044922,2025-12-27,2025-12-27,Brighton
16.0,Brighton,ENG,1,1829.82409668,2025-12-28,2025-12-30,Brighton
15.0,Brighton,ENG,1,1828.42419434,2025-12-31,2025-12-31,Brighton
15.0,Brighton,ENG,1,1828.42419434,2026-01-01,2026-01-03,Brighton
15.0,Brighton,ENG,1,1833.43518066,2026-01-04,2026-01-04,Brighton
16.0,Brighton,ENG,1,1833.43518066,2026-01-05,2026-01-07,Brighton
16.0,Brighton,ENG,1,1838.91809082,2026-01-08,2026-01-10,Brighton
15.0,Brighton,ENG,1,1838.91809082,2026-01-11,2026-01-19,Brighton
15.0,Brighton,ENG,1,1836.17077637,2026-01-20,2026-01-20,Brighton
15.0,Brighton,ENG,1,1836.71728516,2026-01-21,2026-01-21,Brighton
15.0,Brighton,ENG,1,1842.14428711,2026-01-22,2026-01-22,Brighton
15.0,Brighton,ENG,1,1841.14562988,2026-01-23,2026-01-24,Brighton
17.0,Brighton,ENG,1,1833.65625,2026-01-25,2026-01-25,Brighton
16.0,Brighton,ENG,1,1833.65625,2026-01-26,2026-01-28,Brighton
15.0,Brighton,ENG,1,1841.38452148,2026-01-29,2026-01-29,Brighton
15.0,Brighton,ENG,1,1842.34423828,2026-01-30,2026-01-31,Brighton
15.0,Brighton,ENG,1,1840.2010498,2026-02-01,2026-02-01,Brighton
16.0,Brighton,ENG,1,1840.2010498,2026-02-02,2026-02-08,Brighton
20.0,Brighton,ENG,1,1829.52319336,2026-02-09,2026-02-10,Brighton
19.0,Brighton,ENG,1,1829.52319336,2026-02-11,2026-02-11,Brighton
19.0,Brighton,ENG,1,1825.00793457,2026-02-12,2026-02-15,Brighton
18.0,Brighton,ENG,1,1825.00793457,2026-02-16,2026-02-18,Brighton
18.0,Brighton,ENG,1,1825.50085449,2026-02-19,2026-02-19,Brighton
17.0,Brighton,ENG,1,1828.38757324,2026-02-20,2026-02-21,Brighton
17.0,Brighton,ENG,1,1842.17358398,2026-02-22,2026-02-24,Brighton
17.0,Brighton,ENG,1,1842.41308594,2026-02-25,2026-02-25,Brighton
16.0,Brighton,ENG,1,1842.41308594,2026-02-26,2026-02-26,Brighton
16.0,Brighton,ENG,1,1842.33178711,2026-02-27,2026-02-28,Brighton
15.0,Brighton,ENG,1,1842.33178711,2026-03-01,2026-03-01,Brighton
15.0,Brighton,ENG,1,1848.19042969,2026-03-02,2026-03-04,Brighton
15.0,Brighton,ENG,1,1844.33032227,2026-03-05,2026-03-10,Brighton
16.0,Brighton,ENG,1,1840.06542969,2026-03-11,2026-03-11,Brighton
15.0,Brighton,ENG,1,1832.55505371,2026-03-12,2026-03-12,Brighton
15.0,Brighton,ENG,1,1829.94909668,2026-03-13,2026-03-14,Brighton
15.0,Brighton,ENG,1,1835.64953613,2026-03-15,2026-03-16,Brighton
14.0,Brighton,ENG,1,1835.64953613,2026-03-17,2026-03-17,Brighton
15.0,Brighton,ENG,1,1830.75683594,2026-03-18,2026-03-18,Brighton
16.0,Brighton,ENG,1,1829.68664551,2026-03-19,2026-03-19,Brighton
16.0,Brighton,ENG,1,1833.9609375,2026-03-20,2026-03-21,Brighton
15.0,Brighton,ENG,1,1843.56872559,2026-03-22,2026-03-22,Brighton
14.0,Brighton,ENG,1,1843.56872559,2026-03-23,2026-04-04,Brighton
15.0,Brighton,ENG,1,1843.56872559,2026-04-05,2026-04-07,Brighton
15.0,Brighton,ENG,1,1844.45507812,2026-04-08,2026-04-08,Brighton
15.0,Brighton,ENG,1,1842.47595215,2026-04-09,2026-04-09,Brighton
15.0,Brighton,ENG,1,1846.35705566,2026-04-10,2026-04-11,Brighton
14.0,Brighton,ENG,1,1853.2154541,2026-04-12,2026-04-14,Brighton
14.0,Brighton,ENG,1,1850.26208496,2026-04-15,2026-04-15,Brighton
14.0,Brighton,ENG,1,1850.41210938,2026-04-16,2026-04-18,Brighton
14.0,Brighton,ENG,1,1850.41210938,2026-04-19,2026-04-21,Brighton
14.0,Brighton,ENG,1,1850.41210938,2026-04-22,2026-05-12,Brighton
14.0,Brighton,ENG,1,1850.41210938,2026-05-13,2026-12-31,Brighton
75.0,Burnley,ENG,1,1650.16088867,2024-01-01,2024-01-02,Burnley
76.0,Burnley,ENG,1,1650.16088867,2024-01-03,2024-01-04,Burnley
77.0,Burnley,ENG,1,1650.16088867,2024-01-05,2024-01-12,Burnley
81.0,Burnley,ENG,1,1647.28112793,2024-01-13,2024-01-13,Burnley
82.0,Burnley,ENG,1,1647.28112793,2024-01-14,2024-01-14,Burnley
81.0,Burnley,ENG,1,1647.28112793,2024-01-15,2024-01-19,Burnley
80.0,Burnley,ENG,1,1647.28112793,2024-01-20,2024-01-21,Burnley
81.0,Burnley,ENG,1,1647.28112793,2024-01-22,2024-01-31,Burnley
81.0,Burnley,ENG,1,1646.10473633,2024-02-01,2024-02-03,Burnley
83.0,Burnley,ENG,1,1646.31311035,2024-02-04,2024-02-04,Burnley
81.0,Burnley,ENG,1,1646.31311035,2024-02-05,2024-02-10,Burnley
82.0,Burnley,ENG,1,1644.21154785,2024-02-11,2024-02-12,Burnley
83.0,Burnley,ENG,1,1644.21154785,2024-02-13,2024-02-13,Burnley
82.0,Burnley,ENG,1,1644.38623047,2024-02-14,2024-02-15,Burnley
81.0,Burnley,ENG,1,1644.38623047,2024-02-16,2024-02-16,Burnley
83.0,Burnley,ENG,1,1644.38623047,2024-02-17,2024-02-17,Burnley
85.0,Burnley,ENG,1,1638.31091309,2024-02-18,2024-02-20,Burnley
84.0,Burnley,ENG,1,1638.31091309,2024-02-21,2024-02-21,Burnley
85.0,Burnley,ENG,1,1637.01977539,2024-02-22,2024-02-24,Burnley
87.0,Burnley,ENG,1,1627.75549316,2024-02-25,2024-02-25,Burnley
89.0,Burnley,ENG,1,1627.75549316,2024-02-26,2024-02-26,Burnley
88.0,Burnley,ENG,1,1627.75549316,2024-02-27,2024-03-01,Burnley
89.0,Burnley,ENG,1,1627.75549316,2024-03-02,2024-03-03,Burnley
99.0,Burnley,ENG,1,1617.35400391,2024-03-04,2024-03-04,Burnley
98.0,Burnley,ENG,1,1617.35400391,2024-03-05,2024-03-05,Burnley
99.0,Burnley,ENG,1,1617.35400391,2024-03-06,2024-03-06,Burnley
99.0,Burnley,ENG,1,1617.51818848,2024-03-07,2024-03-07,Burnley
,Burnley,ENG,1,1612.73706055,2024-03-08,2024-03-10,Burnley
98.0,Burnley,ENG,1,1618.03271484,2024-03-11,2024-03-12,Burnley
99.0,Burnley,ENG,1,1617.02294922,2024-03-13,2024-03-13,Burnley
100.0,Burnley,ENG,1,1617.02294922,2024-03-14,2024-03-14,Burnley
94.0,Burnley,ENG,1,1624.46826172,2024-03-15,2024-03-16,Burnley
87.0,Burnley,ENG,1,1633.87268066,2024-03-17,2024-03-30,Burnley
87.0,Burnley,ENG,1,1639.09802246,2024-03-31,2024-04-01,Burnley
86.0,Burnley,ENG,1,1639.09802246,2024-04-02,2024-04-02,Burnley
85.0,Burnley,ENG,1,1640.7088623,2024-04-03,2024-04-06,Burnley
86.0,Burnley,ENG,1,1635.42333984,2024-04-07,2024-04-07,Burnley
88.0,Burnley,ENG,1,1635.42333984,2024-04-08,2024-04-09,Burnley
88.0,Burnley,ENG,1,1634.87634277,2024-04-10,2024-04-11,Burnley
92.0,Burnley,ENG,1,1627.22058105,2024-04-12,2024-04-13,Burnley
93.0,Burnley,ENG,1,1629.41003418,2024-04-14,2024-04-14,Burnley
91.0,Burnley,ENG,1,1629.41003418,2024-04-15,2024-04-16,Burnley
90.0,Burnley,ENG,1,1629.41003418,2024-04-17,2024-04-17,Burnley
93.0,Burnley,ENG,1,1625.12451172,2024-04-18,2024-04-18,Burnley
95.0,Burnley,ENG,1,1622.94799805,2024-04-19,2024-04-20,Burnley
86.0,Burnley,ENG,1,1636.64038086,2024-04-21,2024-04-26,Burnley
85.0,Burnley,ENG,1,1636.64038086,2024-04-27,2024-04-27,Burnley
82.0,Burnley,ENG,1,1642.1262207,2024-04-28,2024-04-28,Burnley
80.0,Burnley,ENG,1,1642.1262207,2024-04-29,2024-05-02,Burnley
85.0,Burnley,ENG,1,1636.87426758,2024-05-03,2024-05-04,Burnley
89.0,Burnley,ENG,1,1627.68139648,2024-05-05,2024-05-05,Burnley
88.0,Burnley,ENG,1,1627.68139648,2024-05-06,2024-05-08,Burnley
89.0,Burnley,ENG,1,1627.68139648,2024-05-09,2024-05-09,Burnley
95.0,Burnley,ENG,1,1623.35998535,2024-05-10,2024-05-11,Burnley
99.0,Burnley,ENG,1,1620.34423828,2024-05-12,2024-05-12,Burnley
100.0,Burnley,ENG,1,1620.34423828,2024-05-13,2024-05-13,Burnley
99.0,Burnley,ENG,1,1620.34423828,2024-05-14,2024-05-14,Burnley
100.0,Burnley,ENG,1,1620.34423828,2024-05-15,2024-05-16,Burnley
,Burnley,ENG,1,1620.34423828,2024-05-17,2024-05-19,Burnley
,Burnley,ENG,1,1611.26379395,2024-05-20,2024-07-03,Burnley
,Burnley,ENG,2,1611.26379395,2024-07-04,2024-08-12,Burnley
98.0,Burnley,ENG,2,1625.59960938,2024-08-13,2024-08-13,Burnley
96.0,Burnley,ENG,2,1625.59960938,2024-08-14,2024-08-15,Burnley
94.0,Burnley,ENG,2,1625.59960938,2024-08-16,2024-08-16,Burnley
95.0,Burnley,ENG,2,1625.59960938,2024-08-17,2024-08-17,Burnley
91.0,Burnley,ENG,2,1630.60791016,2024-08-18,2024-08-20,Burnley
92.0,Burnley,ENG,2,1630.60791016,2024-08-21,2024-08-22,Burnley
92.0,Burnley,ENG,2,1630.87207031,2024-08-23,2024-08-24,Burnley
97.0,Burnley,ENG,2,1619.84887695,2024-08-25,2024-08-28,Burnley
95.0,Burnley,ENG,2,1619.84887695,2024-08-29,2024-08-29,Burnley
97.0,Burnley,ENG,2,1619.90515137,2024-08-30,2024-08-30,Burnley
96.0,Burnley,ENG,2,1619.90515137,2024-08-31,2024-08-31,Burnley
99.0,Burnley,ENG,2,1614.48632812,2024-09-01,2024-09-14,Burnley
92.0,Burnley,ENG,2,1623.88464355,2024-09-15,2024-09-15,Burnley
91.0,Burnley,ENG,2,1623.88464355,2024-09-16,2024-09-16,Burnley
92.0,Burnley,ENG,2,1623.88464355,2024-09-17,2024-09-17,Burnley
89.0,Burnley,ENG,2,1630.04968262,2024-09-18,2024-09-18,Burnley
89.0,Burnley,ENG,2,1628.42602539,2024-09-19,2024-09-19,Burnley
90.0,Burnley,ENG,2,1628.3548584,2024-09-20,2024-09-20,Burnley
89.0,Burnley,ENG,2,1628.3548584,2024-09-21,2024-09-21,Burnley
89.0,Burnley,ENG,2,1630.49230957,2024-09-22,2024-09-22,Burnley
91.0,Burnley,ENG,2,1630.49230957,2024-09-23,2024-09-25,Burnley
91.0,Burnley,ENG,2,1628.46154785,2024-09-26,2024-09-26,Burnley
90.0,Burnley,ENG,2,1629.55895996,2024-09-27,2024-09-28,Burnley
93.0,Burnley,ENG,2,1624.97827148,2024-09-29,2024-09-29,Burnley
95.0,Burnley,ENG,2,1624.97827148,2024-09-30,2024-10-01,Burnley
91.0,Burnley,ENG,2,1629.84912109,2024-10-02,2024-10-02,Burnley
89.0,Burnley,ENG,2,1633.93713379,2024-10-03,2024-10-03,Burnley
88.0,Burnley,ENG,2,1636.72753906,2024-10-04,2024-10-05,Burnley
90.0,Burnley,ENG,2,1630.54785156,2024-10-06,2024-10-18,Burnley
91.0,Burnley,ENG,2,1630.54785156,2024-10-19,2024-10-19,Burnley
86.0,Burnley,ENG,2,1638.15722656,2024-10-20,2024-10-20,Burnley
87.0,Burnley,ENG,2,1638.15722656,2024-10-21,2024-10-21,Burnley
86.0,Burnley,ENG,2,1638.15722656,2024-10-22,2024-10-22,Burnley
85.0,Burnley,ENG,2,1640.38134766,2024-10-23,2024-10-23,Burnley
85.0,Burnley,ENG,2,1641.23620605,2024-10-24,2024-10-24,Burnley
84.0,Burnley,ENG,2,1643.39892578,2024-10-25,2024-10-26,Burnley
85.0,Burnley,ENG,2,1636.78173828,2024-10-27,2024-10-27,Burnley
84.0,Burnley,ENG,2,1636.78173828,2024-10-28,2024-11-02,Burnley
83.0,Burnley,ENG,2,1636.78173828,2024-11-03,2024-11-03,Burnley
91.0,Burnley,ENG,2,1626.41943359,2024-11-04,2024-11-05,Burnley
91.0,Burnley,ENG,2,1623.4510498,2024-11-06,2024-11-06,Burnley
92.0,Burnley,ENG,2,1618.85009766,2024-11-07,2024-11-07,Burnley
95.0,Burnley,ENG,2,1617.02722168,2024-11-08,2024-11-08,Burnley
94.0,Burnley,ENG,2,1617.02722168,2024-11-09,2024-11-10,Burnley
93.0,Burnley,ENG,2,1620.73352051,2024-11-11,2024-11-23,Burnley
89.0,Burnley,ENG,2,1627.57922363,2024-11-24,2024-11-26,Burnley
85.0,Burnley,ENG,2,1635.97314453,2024-11-27,2024-11-27,Burnley
85.0,Burnley,ENG,2,1638.08740234,2024-11-28,2024-11-28,Burnley
83.0,Burnley,ENG,2,1639.2442627,2024-11-29,2024-11-30,Burnley
77.0,Burnley,ENG,2,1646.90795898,2024-12-01,2024-12-01,Burnley
78.0,Burnley,ENG,2,1646.90795898,2024-12-02,2024-12-02,Burnley
77.0,Burnley,ENG,2,1646.90795898,2024-12-03,2024-12-06,Burnley
80.0,Burnley,ENG,2,1642.71911621,2024-12-07,2024-12-08,Burnley
79.0,Burnley,ENG,2,1642.71911621,2024-12-09,2024-12-10,Burnley
83.0,Burnley,ENG,2,1639.73657227,2024-12-11,2024-12-11,Burnley
84.0,Burnley,ENG,2,1636.82312012,2024-12-12,2024-12-12,Burnley
83.0,Burnley,ENG,2,1638.09899902,2024-12-13,2024-12-15,Burnley
80.0,Burnley,ENG,2,1644.53271484,2024-12-16,2024-12-16,Burnley
79.0,Burnley,ENG,2,1644.53271484,2024-12-17,2024-12-19,Burnley
79.0,Burnley,ENG,2,1644.64306641,2024-12-20,2024-12-21,Burnley
80.0,Burnley,ENG,2,1648.40612793,2024-12-22,2024-12-22,Burnley
79.0,Burnley,ENG,2,1648.40612793,2024-12-23,2024-12-26,Burnley
73.0,Burnley,ENG,2,1660.97436523,2024-12-27,2024-12-27,Burnley
72.0,Burnley,ENG,2,1660.97436523,2024-12-28,2024-12-28,Burnley
71.0,Burnley,ENG,2,1660.97436523,2024-12-29,2024-12-29,Burnley
74.0,Burnley,ENG,2,1659.62683105,2024-12-30,2024-12-31,Burnley
74.0,Burnley,ENG,2,1659.62683105,2025-01-01,2025-01-01,Burnley
78.0,Burnley,ENG,2,1653.07727051,2025-01-02,2025-01-04,Burnley
72.0,Burnley,ENG,2,1659.16003418,2025-01-05,2025-01-12,Burnley
71.0,Burnley,ENG,2,1659.16003418,2025-01-13,2025-01-14,Burnley
70.0,Burnley,ENG,2,1659.16003418,2025-01-15,2025-01-17,Burnley
72.0,Burnley,ENG,2,1654.51269531,2025-01-18,2025-01-20,Burnley
71.0,Burnley,ENG,2,1654.51269531,2025-01-21,2025-01-21,Burnley
72.0,Burnley,ENG,2,1652.98327637,2025-01-22,2025-01-22,Burnley
67.0,Burnley,ENG,2,1657.44311523,2025-01-23,2025-01-23,Burnley
68.0,Burnley,ENG,2,1660.13806152,2025-01-24,2025-01-25,Burnley
67.0,Burnley,ENG,2,1660.13806152,2025-01-26,2025-01-26,Burnley
66.0,Burnley,ENG,2,1660.13806152,2025-01-27,2025-01-27,Burnley
68.0,Burnley,ENG,2,1658.6348877,2025-01-28,2025-01-29,Burnley
67.0,Burnley,ENG,2,1658.76379395,2025-01-30,2025-01-30,Burnley
67.0,Burnley,ENG,2,1661.29309082,2025-01-31,2025-02-01,Burnley
70.0,Burnley,ENG,2,1656.25280762,2025-02-02,2025-02-02,Burnley
71.0,Burnley,ENG,2,1656.25280762,2025-02-03,2025-02-03,Burnley
72.0,Burnley,ENG,2,1656.25280762,2025-02-04,2025-02-04,Burnley
70.0,Burnley,ENG,2,1658.76379395,2025-02-05,2025-02-07,Burnley
71.0,Burnley,ENG,2,1658.76379395,2025-02-08,2025-02-11,Burnley
74.0,Burnley,ENG,2,1656.4732666,2025-02-12,2025-02-12,Burnley
71.0,Burnley,ENG,2,1660.66833496,2025-02-13,2025-02-14,Burnley
72.0,Burnley,ENG,2,1660.66833496,2025-02-15,2025-02-15,Burnley
77.0,Burnley,ENG,2,1657.34143066,2025-02-16,2025-02-16,Burnley
76.0,Burnley,ENG,2,1657.34143066,2025-02-17,2025-02-19,Burnley
78.0,Burnley,ENG,2,1654.6953125,2025-02-20,2025-02-20,Burnley
79.0,Burnley,ENG,2,1654.6953125,2025-02-21,2025-02-21,Burnley
74.0,Burnley,ENG,2,1660.99755859,2025-02-22,2025-02-22,Burnley
73.0,Burnley,ENG,2,1660.99755859,2025-02-23,2025-02-23,Burnley
75.0,Burnley,ENG,2,1660.99755859,2025-02-24,2025-03-01,Burnley
74.0,Burnley,ENG,2,1660.99755859,2025-03-02,2025-03-04,Burnley
70.0,Burnley,ENG,2,1669.87512207,2025-03-05,2025-03-05,Burnley
67.0,Burnley,ENG,2,1671.70532227,2025-03-06,2025-03-06,Burnley
65.0,Burnley,ENG,2,1671.85803223,2025-03-07,2025-03-08,Burnley
63.0,Burnley,ENG,2,1676.78857422,2025-03-09,2025-03-09,Burnley
65.0,Burnley,ENG,2,1676.78857422,2025-03-10,2025-03-10,Burnley
66.0,Burnley,ENG,2,1676.78857422,2025-03-11,2025-03-11,Burnley
71.0,Burnley,ENG,2,1669.28820801,2025-03-12,2025-03-12,Burnley
68.0,Burnley,ENG,2,1671.77783203,2025-03-13,2025-03-13,Burnley
66.0,Burnley,ENG,2,1678.0177002,2025-03-14,2025-03-15,Burnley
62.0,Burnley,ENG,2,1684.07373047,2025-03-16,2025-03-16,Burnley
64.0,Burnley,ENG,2,1684.07373047,2025-03-17,2025-03-29,Burnley
59.0,Burnley,ENG,2,1687.7487793,2025-03-30,2025-03-30,Burnley
56.0,Burnley,ENG,2,1687.7487793,2025-03-31,2025-04-05,Burnley
57.0,Burnley,ENG,2,1693.61218262,2025-04-06,2025-04-08,Burnley
57.0,Burnley,ENG,2,1691.08081055,2025-04-09,2025-04-09,Burnley
58.0,Burnley,ENG,2,1689.70703125,2025-04-10,2025-04-10,Burnley
58.0,Burnley,ENG,2,1689.70544434,2025-04-11,2025-04-11,Burnley
57.0,Burnley,ENG,2,1692.70251465,2025-04-12,2025-04-13,Burnley
56.0,Burnley,ENG,2,1692.70251465,2025-04-14,2025-04-15,Burnley
56.0,Burnley,ENG,2,1692.46936035,2025-04-16,2025-04-16,Burnley
55.0,Burnley,ENG,2,1694.26611328,2025-04-17,2025-04-17,Burnley
54.0,Burnley,ENG,2,1699.52050781,2025-04-18,2025-04-18,Burnley
51.0,Burnley,ENG,2,1703.85437012,2025-04-19,2025-04-20,Burnley
50.0,Burnley,ENG,2,1703.85437012,2025-04-21,2025-04-21,Burnley
49.0,Burnley,ENG,2,1708.33898926,2025-04-22,2025-04-26,Burnley
48.0,Burnley,ENG,2,1717.66760254,2025-04-27,2025-04-29,Burnley
48.0,Burnley,ENG,2,1714.81665039,2025-04-30,2025-05-01,Burnley
48.0,Burnley,ENG,2,1721.08239746,2025-05-02,2025-05-03,Burnley
48.0,Burnley,ENG,2,1725.09033203,2025-05-04,2025-05-07,Burnley
49.0,Burnley,ENG,2,1722.56848145,2025-05-08,2025-05-08,Burnley
47.0,Burnley,ENG,2,1727.23803711,2025-05-09,2025-05-17,Burnley
48.0,Burnley,ENG,2,1727.23803711,2025-05-18,2025-05-28,Burnley
48.0,Burnley,ENG,2,1729.60583496,2025-05-29,2025-07-05,Burnley
48.0,Burnley,ENG,1,1729.60583496,2025-07-06,2025-07-25,Burnley
47.0,Burnley,ENG,1,1729.60583496,2025-07-26,2025-08-09,Burnley
48.0,Burnley,ENG,1,1729.60583496,2025-08-10,2025-08-12,Burnley
47.0,Burnley,ENG,1,1729.60583496,2025-08-13,2025-08-16,Burnley
50.0,Burnley,ENG,1,1719.67956543,2025-08-17,2025-08-21,Burnley
49.0,Burnley,ENG,1,1719.66906738,2025-08-22,2025-08-22,Burnley
48.0,Burnley,ENG,1,1719.66906738,2025-08-23,2025-08-23,Burnley
46.0,Burnley,ENG,1,1724.78771973,2025-08-24,2025-08-28,Burnley
47.0,Burnley,ENG,1,1724.97485352,2025-08-29,2025-08-30,Burnley
48.0,Burnley,ENG,1,1719.71582031,2025-08-31,2025-08-31,Burnley
49.0,Burnley,ENG,1,1719.71582031,2025-09-01,2025-09-13,Burnley
50.0,Burnley,ENG,1,1719.71582031,2025-09-14,2025-09-14,Burnley
50.0,Burnley,ENG,1,1716.9197998,2025-09-15,2025-09-16,Burnley
50.0,Burnley,ENG,1,1720.79516602,2025-09-17,2025-09-17,Burnley
50.0,Burnley,ENG,1,1719.19763184,2025-09-18,2025-09-18,Burnley
50.0,Burnley,ENG,1,1718.40124512,2025-09-19,2025-09-20,Burnley
50.0,Burnley,ENG,1,1719.2286377,2025-09-21,2025-09-24,Burnley
49.0,Burnley,ENG,1,1719.54541016,2025-09-25,2025-09-25,Burnley
50.0,Burnley,ENG,1,1720.73608398,2025-09-26,2025-09-27,Burnley
50.0,Burnley,ENG,1,1715.96166992,2025-09-28,2025-09-30,Burnley
53.0,Burnley,ENG,1,1712.42932129,2025-10-01,2025-10-01,Burnley
52.0,Burnley,ENG,1,1716.99353027,2025-10-02,2025-10-02,Burnley
52.0,Burnley,ENG,1,1716.59802246,2025-10-03,2025-10-05,Burnley
53.0,Burnley,ENG,1,1712.84411621,2025-10-06,2025-10-18,Burnley
50.0,Burnley,ENG,1,1723.56848145,2025-10-19,2025-10-20,Burnley
49.0,Burnley,ENG,1,1723.56848145,2025-10-21,2025-10-21,Burnley
47.0,Burnley,ENG,1,1729.69506836,2025-10-22,2025-10-22,Burnley
46.0,Burnley,ENG,1,1733.31030273,2025-10-23,2025-10-23,Burnley
46.0,Burnley,ENG,1,1726.1385498,2025-10-24,2025-10-24,Burnley
47.0,Burnley,ENG,1,1726.1385498,2025-10-25,2025-10-25,Burnley
48.0,Burnley,ENG,1,1726.1385498,2025-10-26,2025-10-26,Burnley
46.0,Burnley,ENG,1,1734.79858398,2025-10-27,2025-11-01,Burnley
47.0,Burnley,ENG,1,1730.83447266,2025-11-02,2025-11-04,Burnley
44.0,Burnley,ENG,1,1734.97607422,2025-11-05,2025-11-05,Burnley
45.0,Burnley,ENG,1,1736.00488281,2025-11-06,2025-11-06,Burnley
43.0,Burnley,ENG,1,1735.8416748,2025-11-07,2025-11-08,Burnley
48.0,Burnley,ENG,1,1728.8470459,2025-11-09,2025-11-09,Burnley
46.0,Burnley,ENG,1,1728.8470459,2025-11-10,2025-11-22,Burnley
49.0,Burnley,ENG,1,1721.81652832,2025-11-23,2025-11-25,Burnley
50.0,Burnley,ENG,1,1717.02075195,2025-11-26,2025-11-26,Burnley
50.0,Burnley,ENG,1,1711.10986328,2025-11-27,2025-11-27,Burnley
52.0,Burnley,ENG,1,1709.12878418,2025-11-28,2025-11-28,Burnley
53.0,Burnley,ENG,1,1709.12878418,2025-11-29,2025-11-29,Burnley
53.0,Burnley,ENG,1,1702.97998047,2025-11-30,2025-12-03,Burnley
54.0,Burnley,ENG,1,1696.84777832,2025-12-04,2025-12-06,Burnley
54.0,Burnley,ENG,1,1693.64001465,2025-12-07,2025-12-09,Burnley
54.0,Burnley,ENG,1,1695.91308594,2025-12-10,2025-12-10,Burnley
54.0,Burnley,ENG,1,1700.56433105,2025-12-11,2025-12-11,Burnley
53.0,Burnley,ENG,1,1702.69262695,2025-12-12,2025-12-13,Burnley
55.0,Burnley,ENG,1,1695.1895752,2025-12-14,2025-12-18,Burnley
56.0,Burnley,ENG,1,1692.43041992,2025-12-19,2025-12-20,Burnley
55.0,Burnley,ENG,1,1696.96398926,2025-12-21,2025-12-27,Burnley
55.0,Burnley,ENG,1,1698.24450684,2025-12-28,2025-12-30,Burnley
58.0,Burnley,ENG,1,1690.39318848,2025-12-31,2025-12-31,Burnley
58.0,Burnley,ENG,1,1690.39318848,2026-01-01,2026-01-03,Burnley
58.0,Burnley,ENG,1,1685.38208008,2026-01-04,2026-01-04,Burnley
59.0,Burnley,ENG,1,1685.38208008,2026-01-05,2026-01-07,Burnley
58.0,Burnley,ENG,1,1687.70825195,2026-01-08,2026-01-16,Burnley
57.0,Burnley,ENG,1,1687.70825195,2026-01-17,2026-01-17,Burnley
57.0,Burnley,ENG,1,1694.8692627,2026-01-18,2026-01-20,Burnley
58.0,Burnley,ENG,1,1695.41564941,2026-01-21,2026-01-21,Burnley
54.0,Burnley,ENG,1,1700.84277344,2026-01-22,2026-01-22,Burnley
55.0,Burnley,ENG,1,1699.84411621,2026-01-23,2026-01-24,Burnley
53.0,Burnley,ENG,1,1701.35754395,2026-01-25,2026-01-25,Burnley
54.0,Burnley,ENG,1,1701.35754395,2026-01-26,2026-01-28,Burnley
49.0,Burnley,ENG,1,1709.08581543,2026-01-29,2026-01-29,Burnley
50.0,Burnley,ENG,1,1710.04553223,2026-01-30,2026-02-02,Burnley
54.0,Burnley,ENG,1,1697.18103027,2026-02-03,2026-02-06,Burnley
53.0,Burnley,ENG,1,1697.18103027,2026-02-07,2026-02-07,Burnley
58.0,Burnley,ENG,1,1685.08508301,2026-02-08,2026-02-08,Burnley
60.0,Burnley,ENG,1,1685.08508301,2026-02-09,2026-02-11,Burnley
53.0,Burnley,ENG,1,1697.41235352,2026-02-12,2026-02-14,Burnley
51.0,Burnley,ENG,1,1697.41235352,2026-02-15,2026-02-17,Burnley
53.0,Burnley,ENG,1,1697.41235352,2026-02-18,2026-02-18,Burnley
52.0,Burnley,ENG,1,1697.90539551,2026-02-19,2026-02-19,Burnley
51.0,Burnley,ENG,1,1700.79211426,2026-02-20,2026-02-21,Burnley
47.0,Burnley,ENG,1,1707.32641602,2026-02-22,2026-02-24,Burnley
49.0,Burnley,ENG,1,1707.5657959,2026-02-25,2026-02-26,Burnley
52.0,Burnley,ENG,1,1707.48449707,2026-02-27,2026-02-28,Burnley
53.0,Burnley,ENG,1,1701.96203613,2026-03-01,2026-03-02,Burnley
54.0,Burnley,ENG,1,1701.96203613,2026-03-03,2026-03-03,Burnley
56.0,Burnley,ENG,1,1695.94665527,2026-03-04,2026-03-10,Burnley
58.0,Burnley,ENG,1,1691.68188477,2026-03-11,2026-03-11,Burnley
65.0,Burnley,ENG,1,1684.17150879,2026-03-12,2026-03-12,Burnley
63.0,Burnley,ENG,1,1681.56542969,2026-03-13,2026-03-14,Burnley
63.0,Burnley,ENG,1,1684.59680176,2026-03-15,2026-03-15,Burnley
62.0,Burnley,ENG,1,1684.59680176,2026-03-16,2026-03-17,Burnley
63.0,Burnley,ENG,1,1679.70397949,2026-03-18,2026-03-18,Burnley
64.0,Burnley,ENG,1,1678.63378906,2026-03-19,2026-03-19,Burnley
65.0,Burnley,ENG,1,1682.90820312,2026-03-20,2026-03-21,Burnley
67.0,Burnley,ENG,1,1676.60119629,2026-03-22,2026-04-04,Burnley
66.0,Burnley,ENG,1,1676.60119629,2026-04-05,2026-04-05,Burnley
65.0,Burnley,ENG,1,1676.60119629,2026-04-06,2026-04-07,Burnley
65.0,Burnley,ENG,1,1677.4876709,2026-04-08,2026-04-08,Burnley
66.0,Burnley,ENG,1,1675.50854492,2026-04-09,2026-04-09,Burnley
66.0,Burnley,ENG,1,1679.38964844,2026-04-10,2026-04-11,Burnley
67.0,Burnley,ENG,1,1672.53125,2026-04-12,2026-04-12,Burnley
66.0,Burnley,ENG,1,1672.53125,2026-04-13,2026-04-13,Burnley
65.0,Burnley,ENG,1,1672.53125,2026-04-14,2026-04-14,Burnley
69.0,Burnley,ENG,1,1669.57788086,2026-04-15,2026-04-15,Burnley
66.0,Burnley,ENG,1,1669.72790527,2026-04-16,2026-04-19,Burnley
66.0,Burnley,ENG,1,1669.72790527,2026-04-20,2026-04-22,Burnley
66.0,Burnley,ENG,1,1669.72790527,2026-04-23,2026-05-12,Burnley
66.0,Burnley,ENG,1,1669.72790527,2026-05-13,2026-12-31,Burnley
27.0,Chelsea,ENG,1,1777.53039551,2024-01-01,2024-01-13,Chelsea
27.0,Chelsea,ENG,1,1782.66027832,2024-01-14,2024-01-31,Chelsea
28.0,Chelsea,ENG,1,1777.44445801,2024-02-01,2024-02-04,Chelsea
32.0,Chelsea,ENG,1,1762.28979492,2024-02-05,2024-02-10,Chelsea
33.0,Chelsea,ENG,1,1762.28979492,2024-02-11,2024-02-12,Chelsea
28.0,Chelsea,ENG,1,1773.89111328,2024-02-13,2024-02-13,Chelsea
28.0,Chelsea,ENG,1,1774.0657959,2024-02-14,2024-02-14,Chelsea
29.0,Chelsea,ENG,1,1774.0657959,2024-02-15,2024-02-17,Chelsea
28.0,Chelsea,ENG,1,1781.50756836,2024-02-18,2024-02-21,Chelsea
29.0,Chelsea,ENG,1,1780.21655273,2024-02-22,2024-02-22,Chelsea
27.0,Chelsea,ENG,1,1780.21655273,2024-02-23,2024-02-23,Chelsea
26.0,Chelsea,ENG,1,1780.21655273,2024-02-24,2024-02-26,Chelsea
28.0,Chelsea,ENG,1,1780.21655273,2024-02-27,2024-03-02,Chelsea
28.0,Chelsea,ENG,1,1780.10290527,2024-03-03,2024-03-03,Chelsea
27.0,Chelsea,ENG,1,1780.10290527,2024-03-04,2024-03-06,Chelsea
27.0,Chelsea,ENG,1,1780.26696777,2024-03-07,2024-03-07,Chelsea
27.0,Chelsea,ENG,1,1775.48583984,2024-03-08,2024-03-11,Chelsea
25.0,Chelsea,ENG,1,1782.97460938,2024-03-12,2024-03-12,Chelsea
25.0,Chelsea,ENG,1,1781.96484375,2024-03-13,2024-03-14,Chelsea
25.0,Chelsea,ENG,1,1789.41015625,2024-03-15,2024-03-17,Chelsea
26.0,Chelsea,ENG,1,1789.41015625,2024-03-18,2024-03-30,Chelsea
27.0,Chelsea,ENG,1,1784.18469238,2024-03-31,2024-04-04,Chelsea
22.0,Chelsea,ENG,1,1791.68249512,2024-04-05,2024-04-06,Chelsea
24.0,Chelsea,ENG,1,1791.68249512,2024-04-07,2024-04-07,Chelsea
25.0,Chelsea,ENG,1,1787.3034668,2024-04-08,2024-04-09,Chelsea
25.0,Chelsea,ENG,1,1786.75646973,2024-04-10,2024-04-11,Chelsea
28.0,Chelsea,ENG,1,1779.10070801,2024-04-12,2024-04-13,Chelsea
29.0,Chelsea,ENG,1,1779.10070801,2024-04-14,2024-04-14,Chelsea
27.0,Chelsea,ENG,1,1779.10070801,2024-04-15,2024-04-15,Chelsea
24.0,Chelsea,ENG,1,1791.21716309,2024-04-16,2024-04-17,Chelsea
26.0,Chelsea,ENG,1,1786.93164062,2024-04-18,2024-04-18,Chelsea
25.0,Chelsea,ENG,1,1784.75512695,2024-04-19,2024-04-21,Chelsea
24.0,Chelsea,ENG,1,1784.75512695,2024-04-22,2024-04-22,Chelsea
26.0,Chelsea,ENG,1,1784.75512695,2024-04-23,2024-04-23,Chelsea
27.0,Chelsea,ENG,1,1777.05102539,2024-04-24,2024-04-27,Chelsea
27.0,Chelsea,ENG,1,1780.28637695,2024-04-28,2024-05-02,Chelsea
27.0,Chelsea,ENG,1,1785.28503418,2024-05-03,2024-05-04,Chelsea
28.0,Chelsea,ENG,1,1785.28503418,2024-05-05,2024-05-05,Chelsea
22.0,Chelsea,ENG,1,1797.26098633,2024-05-06,2024-05-09,Chelsea
23.0,Chelsea,ENG,1,1792.93945312,2024-05-10,2024-05-11,Chelsea
22.0,Chelsea,ENG,1,1798.5234375,2024-05-12,2024-05-12,Chelsea
21.0,Chelsea,ENG,1,1798.5234375,2024-05-13,2024-05-15,Chelsea
19.0,Chelsea,ENG,1,1806.16137695,2024-05-16,2024-05-19,Chelsea
18.0,Chelsea,ENG,1,1810.11962891,2024-05-20,2024-05-22,Chelsea
19.0,Chelsea,ENG,1,1810.11962891,2024-05-23,2024-05-24,Chelsea
18.0,Chelsea,ENG,1,1810.11962891,2024-05-25,2024-06-01,Chelsea
17.0,Chelsea,ENG,1,1810.11962891,2024-06-02,2024-08-09,Chelsea
18.0,Chelsea,ENG,1,1810.11962891,2024-08-10,2024-08-18,Chelsea
19.0,Chelsea,ENG,1,1804.98583984,2024-08-19,2024-08-22,Chelsea
19.0,Chelsea,ENG,1,1806.07421875,2024-08-23,2024-08-24,Chelsea
18.0,Chelsea,ENG,1,1806.07421875,2024-08-25,2024-08-25,Chelsea
17.0,Chelsea,ENG,1,1818.1550293,2024-08-26,2024-08-29,Chelsea
16.0,Chelsea,ENG,1,1818.38671875,2024-08-30,2024-09-01,Chelsea
17.0,Chelsea,ENG,1,1814.6965332,2024-09-02,2024-09-14,Chelsea
17.0,Chelsea,ENG,1,1821.03796387,2024-09-15,2024-09-17,Chelsea
16.0,Chelsea,ENG,1,1827.20300293,2024-09-18,2024-09-18,Chelsea
16.0,Chelsea,ENG,1,1825.5793457,2024-09-19,2024-09-19,Chelsea
16.0,Chelsea,ENG,1,1825.50817871,2024-09-20,2024-09-21,Chelsea
15.0,Chelsea,ENG,1,1837.23254395,2024-09-22,2024-09-25,Chelsea
15.0,Chelsea,ENG,1,1835.2019043,2024-09-26,2024-09-26,Chelsea
15.0,Chelsea,ENG,1,1836.29919434,2024-09-27,2024-09-28,Chelsea
16.0,Chelsea,ENG,1,1842.41333008,2024-09-29,2024-10-01,Chelsea
15.0,Chelsea,ENG,1,1844.74523926,2024-10-02,2024-10-02,Chelsea
14.0,Chelsea,ENG,1,1848.83312988,2024-10-03,2024-10-03,Chelsea
13.0,Chelsea,ENG,1,1854.45092773,2024-10-04,2024-10-06,Chelsea
14.0,Chelsea,ENG,1,1848.47436523,2024-10-07,2024-10-19,Chelsea
15.0,Chelsea,ENG,1,1848.47436523,2024-10-20,2024-10-20,Chelsea
15.0,Chelsea,ENG,1,1844.33703613,2024-10-21,2024-10-22,Chelsea
14.0,Chelsea,ENG,1,1846.56103516,2024-10-23,2024-10-23,Chelsea
13.0,Chelsea,ENG,1,1849.65356445,2024-10-24,2024-10-24,Chelsea
11.0,Chelsea,ENG,1,1857.31689453,2024-10-25,2024-10-26,Chelsea
12.0,Chelsea,ENG,1,1857.31689453,2024-10-27,2024-10-27,Chelsea
11.0,Chelsea,ENG,1,1862.50585938,2024-10-28,2024-11-03,Chelsea
11.0,Chelsea,ENG,1,1861.87316895,2024-11-04,2024-11-05,Chelsea
12.0,Chelsea,ENG,1,1858.90466309,2024-11-06,2024-11-06,Chelsea
13.0,Chelsea,ENG,1,1854.30383301,2024-11-07,2024-11-07,Chelsea
12.0,Chelsea,ENG,1,1853.53173828,2024-11-08,2024-11-09,Chelsea
13.0,Chelsea,ENG,1,1853.53173828,2024-11-10,2024-11-10,Chelsea
13.0,Chelsea,ENG,1,1854.22497559,2024-11-11,2024-11-23,Chelsea
12.0,Chelsea,ENG,1,1858.62316895,2024-11-24,2024-11-26,Chelsea
12.0,Chelsea,ENG,1,1861.78845215,2024-11-27,2024-11-27,Chelsea
12.0,Chelsea,ENG,1,1863.90270996,2024-11-28,2024-11-28,Chelsea
11.0,Chelsea,ENG,1,1871.1862793,2024-11-29,2024-12-01,Chelsea
11.0,Chelsea,ENG,1,1879.45117188,2024-12-02,2024-12-04,Chelsea
10.0,Chelsea,ENG,1,1885.03845215,2024-12-05,2024-12-08,Chelsea
10.0,Chelsea,ENG,1,1892.92736816,2024-12-09,2024-12-10,Chelsea
10.0,Chelsea,ENG,1,1896.86486816,2024-12-11,2024-12-11,Chelsea
10.0,Chelsea,ENG,1,1893.95141602,2024-12-12,2024-12-12,Chelsea
10.0,Chelsea,ENG,1,1896.24731445,2024-12-13,2024-12-15,Chelsea
9.0,Chelsea,ENG,1,1899.41723633,2024-12-16,2024-12-18,Chelsea
10.0,Chelsea,ENG,1,1899.41723633,2024-12-19,2024-12-19,Chelsea
10.0,Chelsea,ENG,1,1899.88891602,2024-12-20,2024-12-20,Chelsea
11.0,Chelsea,ENG,1,1899.88891602,2024-12-21,2024-12-21,Chelsea
10.0,Chelsea,ENG,1,1899.88891602,2024-12-22,2024-12-22,Chelsea
10.0,Chelsea,ENG,1,1896.41088867,2024-12-23,2024-12-26,Chelsea
11.0,Chelsea,ENG,1,1883.69445801,2024-12-27,2024-12-30,Chelsea
12.0,Chelsea,ENG,1,1864.34838867,2024-12-31,2024-12-31,Chelsea
12.0,Chelsea,ENG,1,1864.34838867,2025-01-01,2025-01-04,Chelsea
12.0,Chelsea,ENG,1,1863.02453613,2025-01-05,2025-01-14,Chelsea
13.0,Chelsea,ENG,1,1859.11474609,2025-01-15,2025-01-20,Chelsea
13.0,Chelsea,ENG,1,1862.89331055,2025-01-21,2025-01-21,Chelsea
14.0,Chelsea,ENG,1,1861.3638916,2025-01-22,2025-01-22,Chelsea
13.0,Chelsea,ENG,1,1858.76098633,2025-01-23,2025-01-23,Chelsea
13.0,Chelsea,ENG,1,1861.45593262,2025-01-24,2025-01-25,Chelsea
13.0,Chelsea,ENG,1,1854.65527344,2025-01-26,2025-01-29,Chelsea
13.0,Chelsea,ENG,1,1854.78417969,2025-01-30,2025-01-30,Chelsea
13.0,Chelsea,ENG,1,1857.31359863,2025-01-31,2025-02-03,Chelsea
13.0,Chelsea,ENG,1,1861.00671387,2025-02-04,2025-02-09,Chelsea
12.0,Chelsea,ENG,1,1861.00671387,2025-02-10,2025-02-11,Chelsea
12.0,Chelsea,ENG,1,1858.71618652,2025-02-12,2025-02-14,Chelsea
14.0,Chelsea,ENG,1,1842.7142334,2025-02-15,2025-02-19,Chelsea
13.0,Chelsea,ENG,1,1840.06799316,2025-02-20,2025-02-22,Chelsea
13.0,Chelsea,ENG,1,1832.10498047,2025-02-23,2025-02-25,Chelsea
12.0,Chelsea,ENG,1,1835.33154297,2025-02-26,2025-03-03,Chelsea
13.0,Chelsea,ENG,1,1835.33154297,2025-03-04,2025-03-04,Chelsea
12.0,Chelsea,ENG,1,1840.32202148,2025-03-05,2025-03-05,Chelsea
12.0,Chelsea,ENG,1,1842.15209961,2025-03-06,2025-03-06,Chelsea
12.0,Chelsea,ENG,1,1844.23034668,2025-03-07,2025-03-09,Chelsea
12.0,Chelsea,ENG,1,1846.27514648,2025-03-10,2025-03-11,Chelsea
12.0,Chelsea,ENG,1,1843.43139648,2025-03-12,2025-03-12,Chelsea
12.0,Chelsea,ENG,1,1845.92089844,2025-03-13,2025-03-13,Chelsea
12.0,Chelsea,ENG,1,1853.27404785,2025-03-14,2025-03-16,Chelsea
12.0,Chelsea,ENG,1,1849.70349121,2025-03-17,2025-04-03,Chelsea
11.0,Chelsea,ENG,1,1854.90441895,2025-04-04,2025-04-06,Chelsea
11.0,Chelsea,ENG,1,1853.86401367,2025-04-07,2025-04-08,Chelsea
11.0,Chelsea,ENG,1,1856.77478027,2025-04-09,2025-04-09,Chelsea
11.0,Chelsea,ENG,1,1855.40100098,2025-04-10,2025-04-10,Chelsea
11.0,Chelsea,ENG,1,1856.55725098,2025-04-11,2025-04-13,Chelsea
12.0,Chelsea,ENG,1,1849.3190918,2025-04-14,2025-04-15,Chelsea
12.0,Chelsea,ENG,1,1849.0859375,2025-04-16,2025-04-16,Chelsea
12.0,Chelsea,ENG,1,1850.88269043,2025-04-17,2025-04-17,Chelsea
12.0,Chelsea,ENG,1,1856.16845703,2025-04-18,2025-04-19,Chelsea
13.0,Chelsea,ENG,1,1856.16845703,2025-04-20,2025-04-20,Chelsea
11.0,Chelsea,ENG,1,1864.08557129,2025-04-21,2025-04-26,Chelsea
10.0,Chelsea,ENG,1,1868.47595215,2025-04-27,2025-04-29,Chelsea
10.0,Chelsea,ENG,1,1865.625,2025-04-30,2025-05-01,Chelsea
9.0,Chelsea,ENG,1,1873.02954102,2025-05-02,2025-05-04,Chelsea
9.0,Chelsea,ENG,1,1887.68139648,2025-05-05,2025-05-07,Chelsea
9.0,Chelsea,ENG,1,1885.15966797,2025-05-08,2025-05-08,Chelsea
9.0,Chelsea,ENG,1,1890.35632324,2025-05-09,2025-05-11,Chelsea
10.0,Chelsea,ENG,1,1880.4395752,2025-05-12,2025-05-16,Chelsea
9.0,Chelsea,ENG,1,1885.09423828,2025-05-17,2025-05-25,Chelsea
9.0,Chelsea,ENG,1,1892.48522949,2025-05-26,2025-05-28,Chelsea
9.0,Chelsea,ENG,1,1902.81787109,2025-05-29,2025-08-17,Chelsea
9.0,Chelsea,ENG,1,1899.58752441,2025-08-18,2025-08-21,Chelsea
9.0,Chelsea,ENG,1,1899.5769043,2025-08-22,2025-08-22,Chelsea
9.0,Chelsea,ENG,1,1909.53015137,2025-08-23,2025-08-28,Chelsea
9.0,Chelsea,ENG,1,1909.71728516,2025-08-29,2025-08-30,Chelsea
9.0,Chelsea,ENG,1,1915.28540039,2025-08-31,2025-09-13,Chelsea
8.0,Chelsea,ENG,1,1913.25280762,2025-09-14,2025-09-16,Chelsea
8.0,Chelsea,ENG,1,1917.12817383,2025-09-17,2025-09-17,Chelsea
9.0,Chelsea,ENG,1,1907.9140625,2025-09-18,2025-09-18,Chelsea
9.0,Chelsea,ENG,1,1907.11767578,2025-09-19,2025-09-20,Chelsea
9.0,Chelsea,ENG,1,1897.54492188,2025-09-21,2025-09-24,Chelsea
9.0,Chelsea,ENG,1,1897.86181641,2025-09-25,2025-09-25,Chelsea
9.0,Chelsea,ENG,1,1899.05236816,2025-09-26,2025-09-27,Chelsea
9.0,Chelsea,ENG,1,1883.32385254,2025-09-28,2025-09-30,Chelsea
9.0,Chelsea,ENG,1,1883.64929199,2025-10-01,2025-10-01,Chelsea
9.0,Chelsea,ENG,1,1888.21350098,2025-10-02,2025-10-02,Chelsea
9.0,Chelsea,ENG,1,1887.81799316,2025-10-03,2025-10-04,Chelsea
9.0,Chelsea,ENG,1,1897.49621582,2025-10-05,2025-10-18,Chelsea
9.0,Chelsea,ENG,1,1907.25695801,2025-10-19,2025-10-21,Chelsea
9.0,Chelsea,ENG,1,1913.38354492,2025-10-22,2025-10-22,Chelsea
9.0,Chelsea,ENG,1,1919.6373291,2025-10-23,2025-10-23,Chelsea
9.0,Chelsea,ENG,1,1912.46557617,2025-10-24,2025-10-25,Chelsea
9.0,Chelsea,ENG,1,1896.61743164,2025-10-26,2025-11-01,Chelsea
9.0,Chelsea,ENG,1,1903.9921875,2025-11-02,2025-11-04,Chelsea
9.0,Chelsea,ENG,1,1908.13378906,2025-11-05,2025-11-05,Chelsea
9.0,Chelsea,ENG,1,1902.81835938,2025-11-06,2025-11-06,Chelsea
9.0,Chelsea,ENG,1,1902.65515137,2025-11-07,2025-11-08,Chelsea
9.0,Chelsea,ENG,1,1906.93554688,2025-11-09,2025-11-22,Chelsea
9.0,Chelsea,ENG,1,1913.96606445,2025-11-23,2025-11-25,Chelsea
9.0,Chelsea,ENG,1,1919.95153809,2025-11-26,2025-11-26,Chelsea
9.0,Chelsea,ENG,1,1914.04064941,2025-11-27,2025-11-27,Chelsea
9.0,Chelsea,ENG,1,1912.05957031,2025-11-28,2025-11-30,Chelsea
9.0,Chelsea,ENG,1,1914.14538574,2025-12-01,2025-12-03,Chelsea
9.0,Chelsea,ENG,1,1896.87207031,2025-12-04,2025-12-06,Chelsea
10.0,Chelsea,ENG,1,1895.35510254,2025-12-07,2025-12-09,Chelsea
10.0,Chelsea,ENG,1,1888.96716309,2025-12-10,2025-12-10,Chelsea
10.0,Chelsea,ENG,1,1893.6184082,2025-12-11,2025-12-11,Chelsea
10.0,Chelsea,ENG,1,1895.7467041,2025-12-12,2025-12-13,Chelsea
10.0,Chelsea,ENG,1,1902.6619873,2025-12-14,2025-12-18,Chelsea
10.0,Chelsea,ENG,1,1899.90283203,2025-12-19,2025-12-20,Chelsea
10.0,Chelsea,ENG,1,1900.50793457,2025-12-21,2025-12-27,Chelsea
10.0,Chelsea,ENG,1,1891.30847168,2025-12-28,2025-12-30,Chelsea
10.0,Chelsea,ENG,1,1887.0189209,2025-12-31,2025-12-31,Chelsea
10.0,Chelsea,ENG,1,1887.0189209,2026-01-01,2026-01-04,Chelsea
10.0,Chelsea,ENG,1,1891.47155762,2026-01-05,2026-01-07,Chelsea
10.0,Chelsea,ENG,1,1882.60681152,2026-01-08,2026-01-17,Chelsea
10.0,Chelsea,ENG,1,1890.37890625,2026-01-18,2026-01-20,Chelsea
10.0,Chelsea,ENG,1,1890.92541504,2026-01-21,2026-01-21,Chelsea
10.0,Chelsea,ENG,1,1897.3458252,2026-01-22,2026-01-22,Chelsea
10.0,Chelsea,ENG,1,1896.34716797,2026-01-23,2026-01-25,Chelsea
10.0,Chelsea,ENG,1,1906.25915527,2026-01-26,2026-01-28,Chelsea
9.0,Chelsea,ENG,1,1921.75085449,2026-01-29,2026-01-29,Chelsea
9.0,Chelsea,ENG,1,1922.71057129,2026-01-30,2026-01-31,Chelsea
9.0,Chelsea,ENG,1,1925.48864746,2026-02-01,2026-02-07,Chelsea
7.0,Chelsea,ENG,1,1930.44384766,2026-02-08,2026-02-08,Chelsea
8.0,Chelsea,ENG,1,1930.44384766,2026-02-09,2026-02-10,Chelsea
9.0,Chelsea,ENG,1,1925.30358887,2026-02-11,2026-02-16,Chelsea
8.0,Chelsea,ENG,1,1925.30358887,2026-02-17,2026-02-17,Chelsea
9.0,Chelsea,ENG,1,1925.30358887,2026-02-18,2026-02-18,Chelsea
8.0,Chelsea,ENG,1,1925.79663086,2026-02-19,2026-02-19,Chelsea
8.0,Chelsea,ENG,1,1928.68334961,2026-02-20,2026-02-21,Chelsea
9.0,Chelsea,ENG,1,1922.14904785,2026-02-22,2026-02-24,Chelsea
8.0,Chelsea,ENG,1,1922.3885498,2026-02-25,2026-02-26,Chelsea
8.0,Chelsea,ENG,1,1922.30725098,2026-02-27,2026-02-27,Chelsea
7.0,Chelsea,ENG,1,1922.30725098,2026-02-28,2026-03-01,Chelsea
8.0,Chelsea,ENG,1,1918.39746094,2026-03-02,2026-03-02,Chelsea
7.0,Chelsea,ENG,1,1918.39746094,2026-03-03,2026-03-04,Chelsea
7.0,Chelsea,ENG,1,1933.90881348,2026-03-05,2026-03-06,Chelsea
6.0,Chelsea,ENG,1,1933.90881348,2026-03-07,2026-03-10,Chelsea
6.0,Chelsea,ENG,1,1929.64404297,2026-03-11,2026-03-11,Chelsea
8.0,Chelsea,ENG,1,1910.08532715,2026-03-12,2026-03-12,Chelsea
8.0,Chelsea,ENG,1,1907.47924805,2026-03-13,2026-03-14,Chelsea
8.0,Chelsea,ENG,1,1897.28613281,2026-03-15,2026-03-17,Chelsea
9.0,Chelsea,ENG,1,1881.43115234,2026-03-18,2026-03-18,Chelsea
9.0,Chelsea,ENG,1,1880.36096191,2026-03-19,2026-03-19,Chelsea
9.0,Chelsea,ENG,1,1884.63537598,2026-03-20,2026-03-21,Chelsea
13.0,Chelsea,ENG,1,1868.98413086,2026-03-22,2026-04-04,Chelsea
12.0,Chelsea,ENG,1,1868.98413086,2026-04-05,2026-04-07,Chelsea
11.0,Chelsea,ENG,1,1869.87060547,2026-04-08,2026-04-08,Chelsea
13.0,Chelsea,ENG,1,1867.89147949,2026-04-09,2026-04-09,Chelsea
12.0,Chelsea,ENG,1,1871.77258301,2026-04-10,2026-04-11,Chelsea
11.0,Chelsea,ENG,1,1871.77258301,2026-04-12,2026-04-12,Chelsea
13.0,Chelsea,ENG,1,1859.72802734,2026-04-13,2026-04-14,Chelsea
13.0,Chelsea,ENG,1,1856.7746582,2026-04-15,2026-04-15,Chelsea
13.0,Chelsea,ENG,1,1856.92468262,2026-04-16,2026-04-18,Chelsea
13.0,Chelsea,ENG,1,1856.92468262,2026-04-19,2026-04-21,Chelsea
13.0,Chelsea,ENG,1,1856.92468262,2026-04-22,2026-05-12,Chelsea
13.0,Chelsea,ENG,1,1856.92468262,2026-05-13,2026-12-31,Chelsea
44.0,Crystal Palace,ENG,1,1723.2935791,2024-01-01,2024-01-14,CrystalPalace
42.0,Crystal Palace,ENG,1,1723.2935791,2024-01-15,2024-01-20,CrystalPalace
45.0,Crystal Palace,ENG,1,1717.01672363,2024-01-21,2024-01-26,CrystalPalace
46.0,Crystal Palace,ENG,1,1717.01672363,2024-01-27,2024-01-30,CrystalPalace
44.0,Crystal Palace,ENG,1,1720.75085449,2024-01-31,2024-02-03,CrystalPalace
49.0,Crystal Palace,ENG,1,1712.39648438,2024-02-04,2024-02-04,CrystalPalace
48.0,Crystal Palace,ENG,1,1712.39648438,2024-02-05,2024-02-11,CrystalPalace
47.0,Crystal Palace,ENG,1,1712.39648438,2024-02-12,2024-02-12,CrystalPalace
54.0,Crystal Palace,ENG,1,1700.79516602,2024-02-13,2024-02-13,CrystalPalace
54.0,Crystal Palace,ENG,1,1700.9699707,2024-02-14,2024-02-14,CrystalPalace
53.0,Crystal Palace,ENG,1,1700.9699707,2024-02-15,2024-02-16,CrystalPalace
52.0,Crystal Palace,ENG,1,1700.9699707,2024-02-17,2024-02-17,CrystalPalace
53.0,Crystal Palace,ENG,1,1700.9699707,2024-02-18,2024-02-18,CrystalPalace
52.0,Crystal Palace,ENG,1,1700.9699707,2024-02-19,2024-02-19,CrystalPalace
51.0,Crystal Palace,ENG,1,1702.95739746,2024-02-20,2024-02-21,CrystalPalace
51.0,Crystal Palace,ENG,1,1701.66638184,2024-02-22,2024-02-23,CrystalPalace
52.0,Crystal Palace,ENG,1,1701.66638184,2024-02-24,2024-02-24,CrystalPalace
47.0,Crystal Palace,ENG,1,1710.93066406,2024-02-25,2024-02-25,CrystalPalace
48.0,Crystal Palace,ENG,1,1710.93066406,2024-02-26,2024-03-02,CrystalPalace
49.0,Crystal Palace,ENG,1,1705.265625,2024-03-03,2024-03-03,CrystalPalace
51.0,Crystal Palace,ENG,1,1705.265625,2024-03-04,2024-03-06,CrystalPalace
51.0,Crystal Palace,ENG,1,1705.42980957,2024-03-07,2024-03-07,CrystalPalace
55.0,Crystal Palace,ENG,1,1700.64868164,2024-03-08,2024-03-09,CrystalPalace
57.0,Crystal Palace,ENG,1,1696.81030273,2024-03-10,2024-03-12,CrystalPalace
58.0,Crystal Palace,ENG,1,1695.80053711,2024-03-13,2024-03-14,CrystalPalace
54.0,Crystal Palace,ENG,1,1703.24584961,2024-03-15,2024-03-17,CrystalPalace
53.0,Crystal Palace,ENG,1,1703.24584961,2024-03-18,2024-03-30,CrystalPalace
51.0,Crystal Palace,ENG,1,1703.34997559,2024-03-31,2024-03-31,CrystalPalace
52.0,Crystal Palace,ENG,1,1703.34997559,2024-04-01,2024-04-01,CrystalPalace
51.0,Crystal Palace,ENG,1,1703.34997559,2024-04-02,2024-04-02,CrystalPalace
55.0,Crystal Palace,ENG,1,1696.80236816,2024-04-03,2024-04-04,CrystalPalace
56.0,Crystal Palace,ENG,1,1696.80236816,2024-04-05,2024-04-06,CrystalPalace
56.0,Crystal Palace,ENG,1,1694.03100586,2024-04-07,2024-04-07,CrystalPalace
55.0,Crystal Palace,ENG,1,1694.03100586,2024-04-08,2024-04-09,CrystalPalace
55.0,Crystal Palace,ENG,1,1693.48400879,2024-04-10,2024-04-11,CrystalPalace
58.0,Crystal Palace,ENG,1,1685.828125,2024-04-12,2024-04-14,CrystalPalace
51.0,Crystal Palace,ENG,1,1700.89929199,2024-04-15,2024-04-15,CrystalPalace
50.0,Crystal Palace,ENG,1,1700.89929199,2024-04-16,2024-04-16,CrystalPalace
52.0,Crystal Palace,ENG,1,1700.89929199,2024-04-17,2024-04-17,CrystalPalace
55.0,Crystal Palace,ENG,1,1696.6138916,2024-04-18,2024-04-18,CrystalPalace
56.0,Crystal Palace,ENG,1,1694.43737793,2024-04-19,2024-04-19,CrystalPalace
57.0,Crystal Palace,ENG,1,1694.43737793,2024-04-20,2024-04-21,CrystalPalace
49.0,Crystal Palace,ENG,1,1708.83947754,2024-04-22,2024-04-24,CrystalPalace
44.0,Crystal Palace,ENG,1,1721.81665039,2024-04-25,2024-04-27,CrystalPalace
43.0,Crystal Palace,ENG,1,1723.38464355,2024-04-28,2024-04-28,CrystalPalace
44.0,Crystal Palace,ENG,1,1723.38464355,2024-04-29,2024-05-02,CrystalPalace
45.0,Crystal Palace,ENG,1,1718.13269043,2024-05-03,2024-05-04,CrystalPalace
44.0,Crystal Palace,ENG,1,1718.13269043,2024-05-05,2024-05-05,CrystalPalace
43.0,Crystal Palace,ENG,1,1718.13269043,2024-05-06,2024-05-06,CrystalPalace
39.0,Crystal Palace,ENG,1,1734.64868164,2024-05-07,2024-05-09,CrystalPalace
38.0,Crystal Palace,ENG,1,1730.32714844,2024-05-10,2024-05-11,CrystalPalace
37.0,Crystal Palace,ENG,1,1742.57275391,2024-05-12,2024-05-18,CrystalPalace
38.0,Crystal Palace,ENG,1,1742.57275391,2024-05-19,2024-05-19,CrystalPalace
35.0,Crystal Palace,ENG,1,1759.70800781,2024-05-20,2024-05-25,CrystalPalace
36.0,Crystal Palace,ENG,1,1759.70800781,2024-05-26,2024-08-01,CrystalPalace
35.0,Crystal Palace,ENG,1,1759.70800781,2024-08-02,2024-08-08,CrystalPalace
36.0,Crystal Palace,ENG,1,1759.70800781,2024-08-09,2024-08-10,CrystalPalace
35.0,Crystal Palace,ENG,1,1759.70800781,2024-08-11,2024-08-11,CrystalPalace
34.0,Crystal Palace,ENG,1,1759.70800781,2024-08-12,2024-08-13,CrystalPalace
35.0,Crystal Palace,ENG,1,1759.70800781,2024-08-14,2024-08-15,CrystalPalace
34.0,Crystal Palace,ENG,1,1759.70800781,2024-08-16,2024-08-17,CrystalPalace
35.0,Crystal Palace,ENG,1,1759.70800781,2024-08-18,2024-08-18,CrystalPalace
36.0,Crystal Palace,ENG,1,1751.94445801,2024-08-19,2024-08-22,CrystalPalace
37.0,Crystal Palace,ENG,1,1752.20849609,2024-08-23,2024-08-24,CrystalPalace
41.0,Crystal Palace,ENG,1,1737.52148438,2024-08-25,2024-08-25,CrystalPalace
42.0,Crystal Palace,ENG,1,1737.52148438,2024-08-26,2024-08-29,CrystalPalace
41.0,Crystal Palace,ENG,1,1737.57775879,2024-08-30,2024-08-31,CrystalPalace
42.0,Crystal Palace,ENG,1,1737.57775879,2024-09-01,2024-09-01,CrystalPalace
42.0,Crystal Palace,ENG,1,1741.26794434,2024-09-02,2024-09-14,CrystalPalace
42.0,Crystal Palace,ENG,1,1736.99902344,2024-09-15,2024-09-17,CrystalPalace
39.0,Crystal Palace,ENG,1,1743.16394043,2024-09-18,2024-09-18,CrystalPalace
39.0,Crystal Palace,ENG,1,1741.5402832,2024-09-19,2024-09-19,CrystalPalace
39.0,Crystal Palace,ENG,1,1741.46911621,2024-09-20,2024-09-21,CrystalPalace
39.0,Crystal Palace,ENG,1,1741.13708496,2024-09-22,2024-09-25,CrystalPalace
40.0,Crystal Palace,ENG,1,1739.10632324,2024-09-26,2024-09-26,CrystalPalace
40.0,Crystal Palace,ENG,1,1740.20373535,2024-09-27,2024-09-27,CrystalPalace
39.0,Crystal Palace,ENG,1,1740.20373535,2024-09-28,2024-09-28,CrystalPalace
42.0,Crystal Palace,ENG,1,1731.69592285,2024-09-29,2024-10-01,CrystalPalace
43.0,Crystal Palace,ENG,1,1734.02783203,2024-10-02,2024-10-02,CrystalPalace
42.0,Crystal Palace,ENG,1,1738.11572266,2024-10-03,2024-10-03,CrystalPalace
41.0,Crystal Palace,ENG,1,1740.90612793,2024-10-04,2024-10-05,CrystalPalace
42.0,Crystal Palace,ENG,1,1736.29516602,2024-10-06,2024-10-06,CrystalPalace
44.0,Crystal Palace,ENG,1,1736.29516602,2024-10-07,2024-10-19,CrystalPalace
41.0,Crystal Palace,ENG,1,1736.29516602,2024-10-20,2024-10-20,CrystalPalace
39.0,Crystal Palace,ENG,1,1736.29516602,2024-10-21,2024-10-21,CrystalPalace
46.0,Crystal Palace,ENG,1,1728.49865723,2024-10-22,2024-10-22,CrystalPalace
46.0,Crystal Palace,ENG,1,1730.72277832,2024-10-23,2024-10-23,CrystalPalace
44.0,Crystal Palace,ENG,1,1733.81518555,2024-10-24,2024-10-24,CrystalPalace
42.0,Crystal Palace,ENG,1,1735.97790527,2024-10-25,2024-10-25,CrystalPalace
43.0,Crystal Palace,ENG,1,1735.97790527,2024-10-26,2024-10-27,CrystalPalace
39.0,Crystal Palace,ENG,1,1744.98693848,2024-10-28,2024-11-02,CrystalPalace
39.0,Crystal Palace,ENG,1,1744.56054688,2024-11-03,2024-11-04,CrystalPalace
40.0,Crystal Palace,ENG,1,1744.56054688,2024-11-05,2024-11-05,CrystalPalace
40.0,Crystal Palace,ENG,1,1741.59216309,2024-11-06,2024-11-06,CrystalPalace
41.0,Crystal Palace,ENG,1,1736.99121094,2024-11-07,2024-11-07,CrystalPalace
40.0,Crystal Palace,ENG,1,1735.46716309,2024-11-08,2024-11-09,CrystalPalace
46.0,Crystal Palace,ENG,1,1721.79248047,2024-11-10,2024-11-10,CrystalPalace
48.0,Crystal Palace,ENG,1,1721.79248047,2024-11-11,2024-11-23,CrystalPalace
44.0,Crystal Palace,ENG,1,1725.61169434,2024-11-24,2024-11-25,CrystalPalace
45.0,Crystal Palace,ENG,1,1725.61169434,2024-11-26,2024-11-26,CrystalPalace
44.0,Crystal Palace,ENG,1,1728.77697754,2024-11-27,2024-11-27,CrystalPalace
43.0,Crystal Palace,ENG,1,1730.89123535,2024-11-28,2024-11-28,CrystalPalace
42.0,Crystal Palace,ENG,1,1732.04821777,2024-11-29,2024-11-30,CrystalPalace
43.0,Crystal Palace,ENG,1,1732.70141602,2024-12-01,2024-12-01,CrystalPalace
44.0,Crystal Palace,ENG,1,1732.70141602,2024-12-02,2024-12-03,CrystalPalace
43.0,Crystal Palace,ENG,1,1738.54724121,2024-12-04,2024-12-04,CrystalPalace
42.0,Crystal Palace,ENG,1,1738.54724121,2024-12-05,2024-12-07,CrystalPalace
42.0,Crystal Palace,ENG,1,1743.38305664,2024-12-08,2024-12-10,CrystalPalace
41.0,Crystal Palace,ENG,1,1747.32055664,2024-12-11,2024-12-11,CrystalPalace
43.0,Crystal Palace,ENG,1,1744.40710449,2024-12-12,2024-12-12,CrystalPalace
42.0,Crystal Palace,ENG,1,1745.6829834,2024-12-13,2024-12-15,CrystalPalace
33.0,Crystal Palace,ENG,1,1760.0369873,2024-12-16,2024-12-19,CrystalPalace
33.0,Crystal Palace,ENG,1,1760.14746094,2024-12-20,2024-12-21,CrystalPalace
36.0,Crystal Palace,ENG,1,1751.56005859,2024-12-22,2024-12-26,CrystalPalace
35.0,Crystal Palace,ENG,1,1753.85998535,2024-12-27,2024-12-29,CrystalPalace
36.0,Crystal Palace,ENG,1,1756.65026855,2024-12-30,2024-12-30,CrystalPalace
35.0,Crystal Palace,ENG,1,1756.65026855,2024-12-31,2024-12-31,CrystalPalace
35.0,Crystal Palace,ENG,1,1756.65026855,2025-01-01,2025-01-04,CrystalPalace
34.0,Crystal Palace,ENG,1,1757.97424316,2025-01-05,2025-01-05,CrystalPalace
36.0,Crystal Palace,ENG,1,1757.97424316,2025-01-06,2025-01-15,CrystalPalace
33.0,Crystal Palace,ENG,1,1766.55517578,2025-01-16,2025-01-16,CrystalPalace
34.0,Crystal Palace,ENG,1,1766.55517578,2025-01-17,2025-01-17,CrystalPalace
33.0,Crystal Palace,ENG,1,1766.55517578,2025-01-18,2025-01-18,CrystalPalace
29.0,Crystal Palace,ENG,1,1778.8449707,2025-01-19,2025-01-19,CrystalPalace
30.0,Crystal Palace,ENG,1,1778.8449707,2025-01-20,2025-01-21,CrystalPalace
29.0,Crystal Palace,ENG,1,1777.31555176,2025-01-22,2025-01-22,CrystalPalace
29.0,Crystal Palace,ENG,1,1774.71264648,2025-01-23,2025-01-23,CrystalPalace
28.0,Crystal Palace,ENG,1,1777.40759277,2025-01-24,2025-01-25,CrystalPalace
26.0,Crystal Palace,ENG,1,1777.40759277,2025-01-26,2025-01-26,CrystalPalace
29.0,Crystal Palace,ENG,1,1766.87890625,2025-01-27,2025-01-29,CrystalPalace
30.0,Crystal Palace,ENG,1,1767.0078125,2025-01-30,2025-01-30,CrystalPalace
30.0,Crystal Palace,ENG,1,1769.53710938,2025-01-31,2025-02-01,CrystalPalace
31.0,Crystal Palace,ENG,1,1769.53710938,2025-02-02,2025-02-02,CrystalPalace
27.0,Crystal Palace,ENG,1,1783.00622559,2025-02-03,2025-02-06,CrystalPalace
28.0,Crystal Palace,ENG,1,1783.00622559,2025-02-07,2025-02-09,CrystalPalace
27.0,Crystal Palace,ENG,1,1783.00622559,2025-02-10,2025-02-11,CrystalPalace
29.0,Crystal Palace,ENG,1,1780.71569824,2025-02-12,2025-02-12,CrystalPalace
28.0,Crystal Palace,ENG,1,1780.71569824,2025-02-13,2025-02-13,CrystalPalace
29.0,Crystal Palace,ENG,1,1780.71569824,2025-02-14,2025-02-14,CrystalPalace
30.0,Crystal Palace,ENG,1,1780.71569824,2025-02-15,2025-02-15,CrystalPalace
31.0,Crystal Palace,ENG,1,1769.7677002,2025-02-16,2025-02-18,CrystalPalace
30.0,Crystal Palace,ENG,1,1769.7677002,2025-02-19,2025-02-19,CrystalPalace
30.0,Crystal Palace,ENG,1,1767.12158203,2025-02-20,2025-02-22,CrystalPalace
26.0,Crystal Palace,ENG,1,1780.57666016,2025-02-23,2025-02-23,CrystalPalace
25.0,Crystal Palace,ENG,1,1780.57666016,2025-02-24,2025-02-24,CrystalPalace
26.0,Crystal Palace,ENG,1,1780.57666016,2025-02-25,2025-02-25,CrystalPalace
20.0,Crystal Palace,ENG,1,1793.05249023,2025-02-26,2025-02-26,CrystalPalace
19.0,Crystal Palace,ENG,1,1793.05249023,2025-02-27,2025-03-04,CrystalPalace
18.0,Crystal Palace,ENG,1,1798.04284668,2025-03-05,2025-03-05,CrystalPalace
18.0,Crystal Palace,ENG,1,1799.87304688,2025-03-06,2025-03-06,CrystalPalace
17.0,Crystal Palace,ENG,1,1800.02575684,2025-03-07,2025-03-08,CrystalPalace
17.0,Crystal Palace,ENG,1,1802.54248047,2025-03-09,2025-03-11,CrystalPalace
18.0,Crystal Palace,ENG,1,1799.6986084,2025-03-12,2025-03-12,CrystalPalace
17.0,Crystal Palace,ENG,1,1802.18823242,2025-03-13,2025-03-13,CrystalPalace
18.0,Crystal Palace,ENG,1,1808.42810059,2025-03-14,2025-03-16,CrystalPalace
17.0,Crystal Palace,ENG,1,1808.42810059,2025-03-17,2025-04-01,CrystalPalace
18.0,Crystal Palace,ENG,1,1808.42810059,2025-04-02,2025-04-02,CrystalPalace
19.0,Crystal Palace,ENG,1,1803.01428223,2025-04-03,2025-04-05,CrystalPalace
17.0,Crystal Palace,ENG,1,1809.32800293,2025-04-06,2025-04-08,CrystalPalace
16.0,Crystal Palace,ENG,1,1812.23876953,2025-04-09,2025-04-09,CrystalPalace
16.0,Crystal Palace,ENG,1,1810.86499023,2025-04-10,2025-04-10,CrystalPalace
17.0,Crystal Palace,ENG,1,1810.86340332,2025-04-11,2025-04-12,CrystalPalace
18.0,Crystal Palace,ENG,1,1803.70092773,2025-04-13,2025-04-15,CrystalPalace
18.0,Crystal Palace,ENG,1,1803.46777344,2025-04-16,2025-04-16,CrystalPalace
19.0,Crystal Palace,ENG,1,1793.49060059,2025-04-17,2025-04-17,CrystalPalace
19.0,Crystal Palace,ENG,1,1798.74499512,2025-04-18,2025-04-19,CrystalPalace
21.0,Crystal Palace,ENG,1,1797.04040527,2025-04-20,2025-04-20,CrystalPalace
20.0,Crystal Palace,ENG,1,1797.04040527,2025-04-21,2025-04-23,CrystalPalace
18.0,Crystal Palace,ENG,1,1803.65368652,2025-04-24,2025-04-27,CrystalPalace
19.0,Crystal Palace,ENG,1,1803.65368652,2025-04-28,2025-04-29,CrystalPalace
20.0,Crystal Palace,ENG,1,1800.8026123,2025-04-30,2025-05-01,CrystalPalace
19.0,Crystal Palace,ENG,1,1807.06835938,2025-05-02,2025-05-03,CrystalPalace
20.0,Crystal Palace,ENG,1,1807.06835938,2025-05-04,2025-05-04,CrystalPalace
19.0,Crystal Palace,ENG,1,1807.06835938,2025-05-05,2025-05-05,CrystalPalace
19.0,Crystal Palace,ENG,1,1805.27880859,2025-05-06,2025-05-07,CrystalPalace
20.0,Crystal Palace,ENG,1,1802.75708008,2025-05-08,2025-05-08,CrystalPalace
20.0,Crystal Palace,ENG,1,1807.42663574,2025-05-09,2025-05-10,CrystalPalace
19.0,Crystal Palace,ENG,1,1807.42663574,2025-05-11,2025-05-11,CrystalPalace
16.0,Crystal Palace,ENG,1,1820.28417969,2025-05-12,2025-05-20,CrystalPalace
16.0,Crystal Palace,ENG,1,1827.01525879,2025-05-21,2025-05-25,CrystalPalace
16.0,Crystal Palace,ENG,1,1832.68103027,2025-05-26,2025-05-28,CrystalPalace
16.0,Crystal Palace,ENG,1,1835.04882812,2025-05-29,2025-08-17,CrystalPalace
16.0,Crystal Palace,ENG,1,1838.27929688,2025-08-18,2025-08-21,CrystalPalace
16.0,Crystal Palace,ENG,1,1838.23461914,2025-08-22,2025-08-23,CrystalPalace
14.0,Crystal Palace,ENG,1,1838.23461914,2025-08-24,2025-08-24,CrystalPalace
14.0,Crystal Palace,ENG,1,1836.16906738,2025-08-25,2025-08-28,CrystalPalace
13.0,Crystal Palace,ENG,1,1836.96020508,2025-08-29,2025-08-31,CrystalPalace
11.0,Crystal Palace,ENG,1,1854.12866211,2025-09-01,2025-09-13,CrystalPalace
12.0,Crystal Palace,ENG,1,1846.80395508,2025-09-14,2025-09-16,CrystalPalace
12.0,Crystal Palace,ENG,1,1850.67919922,2025-09-17,2025-09-17,CrystalPalace
12.0,Crystal Palace,ENG,1,1849.08166504,2025-09-18,2025-09-18,CrystalPalace
11.0,Crystal Palace,ENG,1,1848.28527832,2025-09-19,2025-09-20,CrystalPalace
11.0,Crystal Palace,ENG,1,1854.35986328,2025-09-21,2025-09-24,CrystalPalace
11.0,Crystal Palace,ENG,1,1854.67663574,2025-09-25,2025-09-25,CrystalPalace
11.0,Crystal Palace,ENG,1,1855.86730957,2025-09-26,2025-09-27,CrystalPalace
10.0,Crystal Palace,ENG,1,1866.97143555,2025-09-28,2025-09-30,CrystalPalace
10.0,Crystal Palace,ENG,1,1863.43908691,2025-10-01,2025-10-01,CrystalPalace
11.0,Crystal Palace,ENG,1,1868.00317383,2025-10-02,2025-10-02,CrystalPalace
11.0,Crystal Palace,ENG,1,1870.50134277,2025-10-03,2025-10-05,CrystalPalace
12.0,Crystal Palace,ENG,1,1861.4609375,2025-10-06,2025-10-18,CrystalPalace
12.0,Crystal Palace,ENG,1,1859.47521973,2025-10-19,2025-10-21,CrystalPalace
12.0,Crystal Palace,ENG,1,1865.60180664,2025-10-22,2025-10-22,CrystalPalace
12.0,Crystal Palace,ENG,1,1869.21704102,2025-10-23,2025-10-23,CrystalPalace
13.0,Crystal Palace,ENG,1,1845.27978516,2025-10-24,2025-10-26,CrystalPalace
15.0,Crystal Palace,ENG,1,1842.23669434,2025-10-27,2025-11-01,CrystalPalace
13.0,Crystal Palace,ENG,1,1851.19030762,2025-11-02,2025-11-04,CrystalPalace
13.0,Crystal Palace,ENG,1,1855.33190918,2025-11-05,2025-11-05,CrystalPalace
13.0,Crystal Palace,ENG,1,1856.36071777,2025-11-06,2025-11-06,CrystalPalace
13.0,Crystal Palace,ENG,1,1858.8470459,2025-11-07,2025-11-09,CrystalPalace
13.0,Crystal Palace,ENG,1,1857.01403809,2025-11-10,2025-11-22,CrystalPalace
13.0,Crystal Palace,ENG,1,1864.10876465,2025-11-23,2025-11-25,CrystalPalace
15.0,Crystal Palace,ENG,1,1859.31311035,2025-11-26,2025-11-26,CrystalPalace
15.0,Crystal Palace,ENG,1,1853.40222168,2025-11-27,2025-11-27,CrystalPalace
15.0,Crystal Palace,ENG,1,1841.87487793,2025-11-28,2025-11-30,CrystalPalace
17.0,Crystal Palace,ENG,1,1831.69250488,2025-12-01,2025-12-03,CrystalPalace
16.0,Crystal Palace,ENG,1,1837.82470703,2025-12-04,2025-12-07,CrystalPalace
15.0,Crystal Palace,ENG,1,1845.61218262,2025-12-08,2025-12-09,CrystalPalace
14.0,Crystal Palace,ENG,1,1847.88525391,2025-12-10,2025-12-10,CrystalPalace
14.0,Crystal Palace,ENG,1,1852.53649902,2025-12-11,2025-12-11,CrystalPalace
14.0,Crystal Palace,ENG,1,1855.57421875,2025-12-12,2025-12-14,CrystalPalace
15.0,Crystal Palace,ENG,1,1844.88647461,2025-12-15,2025-12-18,CrystalPalace
16.0,Crystal Palace,ENG,1,1832.61279297,2025-12-19,2025-12-20,CrystalPalace
19.0,Crystal Palace,ENG,1,1816.66027832,2025-12-21,2025-12-27,CrystalPalace
20.0,Crystal Palace,ENG,1,1816.66027832,2025-12-28,2025-12-28,CrystalPalace
23.0,Crystal Palace,ENG,1,1806.82299805,2025-12-29,2025-12-30,CrystalPalace
24.0,Crystal Palace,ENG,1,1806.82299805,2025-12-31,2025-12-31,CrystalPalace
24.0,Crystal Palace,ENG,1,1806.82299805,2026-01-01,2026-01-01,CrystalPalace
27.0,Crystal Palace,ENG,1,1804.88684082,2026-01-02,2026-01-03,CrystalPalace
26.0,Crystal Palace,ENG,1,1804.88684082,2026-01-04,2026-01-04,CrystalPalace
29.0,Crystal Palace,ENG,1,1797.63623047,2026-01-05,2026-01-07,CrystalPalace
28.0,Crystal Palace,ENG,1,1799.60217285,2026-01-08,2026-01-17,CrystalPalace
30.0,Crystal Palace,ENG,1,1789.83105469,2026-01-18,2026-01-20,CrystalPalace
30.0,Crystal Palace,ENG,1,1790.37756348,2026-01-21,2026-01-21,CrystalPalace
29.0,Crystal Palace,ENG,1,1795.80456543,2026-01-22,2026-01-22,CrystalPalace
29.0,Crystal Palace,ENG,1,1794.8059082,2026-01-23,2026-01-24,CrystalPalace
28.0,Crystal Palace,ENG,1,1794.8059082,2026-01-25,2026-01-25,CrystalPalace
31.0,Crystal Palace,ENG,1,1784.8939209,2026-01-26,2026-01-28,CrystalPalace
29.0,Crystal Palace,ENG,1,1792.62219238,2026-01-29,2026-01-29,CrystalPalace
29.0,Crystal Palace,ENG,1,1793.58190918,2026-01-30,2026-02-01,CrystalPalace
29.0,Crystal Palace,ENG,1,1795.08312988,2026-02-02,2026-02-06,CrystalPalace
28.0,Crystal Palace,ENG,1,1795.08312988,2026-02-07,2026-02-08,CrystalPalace
26.0,Crystal Palace,ENG,1,1805.76086426,2026-02-09,2026-02-11,CrystalPalace
28.0,Crystal Palace,ENG,1,1793.43359375,2026-02-12,2026-02-14,CrystalPalace
29.0,Crystal Palace,ENG,1,1793.43359375,2026-02-15,2026-02-17,CrystalPalace
28.0,Crystal Palace,ENG,1,1793.43359375,2026-02-18,2026-02-18,CrystalPalace
26.0,Crystal Palace,ENG,1,1793.92651367,2026-02-19,2026-02-19,CrystalPalace
26.0,Crystal Palace,ENG,1,1796.59020996,2026-02-20,2026-02-22,CrystalPalace
26.0,Crystal Palace,ENG,1,1801.03063965,2026-02-23,2026-02-24,CrystalPalace
25.0,Crystal Palace,ENG,1,1801.2701416,2026-02-25,2026-02-25,CrystalPalace
26.0,Crystal Palace,ENG,1,1801.2701416,2026-02-26,2026-02-26,CrystalPalace
26.0,Crystal Palace,ENG,1,1801.85925293,2026-02-27,2026-03-01,CrystalPalace
27.0,Crystal Palace,ENG,1,1796.8248291,2026-03-02,2026-03-05,CrystalPalace
24.0,Crystal Palace,ENG,1,1809.79040527,2026-03-06,2026-03-07,CrystalPalace
23.0,Crystal Palace,ENG,1,1809.79040527,2026-03-08,2026-03-10,CrystalPalace
24.0,Crystal Palace,ENG,1,1805.5255127,2026-03-11,2026-03-11,CrystalPalace
24.0,Crystal Palace,ENG,1,1798.01513672,2026-03-12,2026-03-12,CrystalPalace
24.0,Crystal Palace,ENG,1,1792.4284668,2026-03-13,2026-03-14,CrystalPalace
25.0,Crystal Palace,ENG,1,1792.4284668,2026-03-15,2026-03-15,CrystalPalace
26.0,Crystal Palace,ENG,1,1790.62207031,2026-03-16,2026-03-17,CrystalPalace
27.0,Crystal Palace,ENG,1,1785.72924805,2026-03-18,2026-03-18,CrystalPalace
27.0,Crystal Palace,ENG,1,1784.65917969,2026-03-19,2026-03-19,CrystalPalace
26.0,Crystal Palace,ENG,1,1793.72790527,2026-03-20,2026-04-06,CrystalPalace
27.0,Crystal Palace,ENG,1,1793.72790527,2026-04-07,2026-04-07,CrystalPalace
27.0,Crystal Palace,ENG,1,1794.61437988,2026-04-08,2026-04-08,CrystalPalace
27.0,Crystal Palace,ENG,1,1792.63525391,2026-04-09,2026-04-09,CrystalPalace
25.0,Crystal Palace,ENG,1,1803.21606445,2026-04-10,2026-04-11,CrystalPalace
23.0,Crystal Palace,ENG,1,1803.21606445,2026-04-12,2026-04-12,CrystalPalace
22.0,Crystal Palace,ENG,1,1811.45678711,2026-04-13,2026-04-14,CrystalPalace
23.0,Crystal Palace,ENG,1,1808.50341797,2026-04-15,2026-04-15,CrystalPalace
23.0,Crystal Palace,ENG,1,1808.65344238,2026-04-16,2026-04-16,CrystalPalace
23.0,Crystal Palace,ENG,1,1808.65344238,2026-04-17,2026-04-20,CrystalPalace
23.0,Crystal Palace,ENG,1,1808.65344238,2026-04-21,2026-04-25,CrystalPalace
23.0,Crystal Palace,ENG,1,1808.65344238,2026-04-26,2026-05-12,CrystalPalace
23.0,Crystal Palace,ENG,1,1808.65344238,2026-05-13,2026-12-31,CrystalPalace
46.0,Everton,ENG,1,1721.11450195,2024-01-01,2024-01-13,Everton
45.0,Everton,ENG,1,1721.11450195,2024-01-14,2024-01-14,Everton
43.0,Everton,ENG,1,1723.24951172,2024-01-15,2024-01-20,Everton
42.0,Everton,ENG,1,1723.24951172,2024-01-21,2024-01-21,Everton
41.0,Everton,ENG,1,1723.24951172,2024-01-22,2024-01-22,Everton
40.0,Everton,ENG,1,1723.24951172,2024-01-23,2024-01-27,Everton
42.0,Everton,ENG,1,1723.24951172,2024-01-28,2024-01-30,Everton
41.0,Everton,ENG,1,1724.57958984,2024-01-31,2024-02-03,Everton
43.0,Everton,ENG,1,1726.2902832,2024-02-04,2024-02-10,Everton
43.0,Everton,ENG,1,1724.4420166,2024-02-11,2024-02-13,Everton
43.0,Everton,ENG,1,1724.61669922,2024-02-14,2024-02-14,Everton
44.0,Everton,ENG,1,1724.61669922,2024-02-15,2024-02-15,Everton
42.0,Everton,ENG,1,1724.61669922,2024-02-16,2024-02-17,Everton
41.0,Everton,ENG,1,1724.61669922,2024-02-18,2024-02-19,Everton
41.0,Everton,ENG,1,1722.62927246,2024-02-20,2024-02-21,Everton
41.0,Everton,ENG,1,1721.33813477,2024-02-22,2024-02-24,Everton
41.0,Everton,ENG,1,1724.86169434,2024-02-25,2024-02-25,Everton
40.0,Everton,ENG,1,1724.86169434,2024-02-26,2024-03-02,Everton
46.0,Everton,ENG,1,1713.38049316,2024-03-03,2024-03-05,Everton
45.0,Everton,ENG,1,1713.38049316,2024-03-06,2024-03-06,Everton
46.0,Everton,ENG,1,1713.54467773,2024-03-07,2024-03-07,Everton
46.0,Everton,ENG,1,1708.7635498,2024-03-08,2024-03-09,Everton
52.0,Everton,ENG,1,1702.17895508,2024-03-10,2024-03-10,Everton
51.0,Everton,ENG,1,1702.17895508,2024-03-11,2024-03-12,Everton
53.0,Everton,ENG,1,1701.16906738,2024-03-13,2024-03-13,Everton
54.0,Everton,ENG,1,1701.16906738,2024-03-14,2024-03-14,Everton
48.0,Everton,ENG,1,1708.61437988,2024-03-15,2024-03-16,Everton
49.0,Everton,ENG,1,1708.61437988,2024-03-17,2024-03-30,Everton
53.0,Everton,ENG,1,1701.77966309,2024-03-31,2024-03-31,Everton
54.0,Everton,ENG,1,1701.77966309,2024-04-01,2024-04-01,Everton
53.0,Everton,ENG,1,1701.77966309,2024-04-02,2024-04-02,Everton
51.0,Everton,ENG,1,1705.91235352,2024-04-03,2024-04-06,Everton
49.0,Everton,ENG,1,1711.19787598,2024-04-07,2024-04-07,Everton
48.0,Everton,ENG,1,1711.19787598,2024-04-08,2024-04-09,Everton
49.0,Everton,ENG,1,1710.65087891,2024-04-10,2024-04-10,Everton
48.0,Everton,ENG,1,1710.65087891,2024-04-11,2024-04-11,Everton
51.0,Everton,ENG,1,1702.99499512,2024-04-12,2024-04-13,Everton
50.0,Everton,ENG,1,1702.99499512,2024-04-14,2024-04-14,Everton
49.0,Everton,ENG,1,1702.99499512,2024-04-15,2024-04-15,Everton
59.0,Everton,ENG,1,1690.87854004,2024-04-16,2024-04-16,Everton
58.0,Everton,ENG,1,1690.87854004,2024-04-17,2024-04-17,Everton
60.0,Everton,ENG,1,1686.59313965,2024-04-18,2024-04-18,Everton
62.0,Everton,ENG,1,1684.41662598,2024-04-19,2024-04-21,Everton
57.0,Everton,ENG,1,1692.98144531,2024-04-22,2024-04-22,Everton
58.0,Everton,ENG,1,1692.98144531,2024-04-23,2024-04-24,Everton
49.0,Everton,ENG,1,1710.79870605,2024-04-25,2024-04-27,Everton
47.0,Everton,ENG,1,1717.96228027,2024-04-28,2024-05-02,Everton
48.0,Everton,ENG,1,1712.71044922,2024-05-03,2024-05-03,Everton
49.0,Everton,ENG,1,1710.49645996,2024-05-04,2024-05-06,Everton
50.0,Everton,ENG,1,1710.49645996,2024-05-07,2024-05-07,Everton
48.0,Everton,ENG,1,1710.49645996,2024-05-08,2024-05-09,Everton
49.0,Everton,ENG,1,1706.17504883,2024-05-10,2024-05-11,Everton
48.0,Everton,ENG,1,1709.04272461,2024-05-12,2024-05-19,Everton
50.0,Everton,ENG,1,1706.85083008,2024-05-20,2024-05-25,Everton
51.0,Everton,ENG,1,1706.85083008,2024-05-26,2024-08-07,Everton
52.0,Everton,ENG,1,1706.85083008,2024-08-08,2024-08-11,Everton
51.0,Everton,ENG,1,1706.85083008,2024-08-12,2024-08-13,Everton
52.0,Everton,ENG,1,1706.85083008,2024-08-14,2024-08-17,Everton
60.0,Everton,ENG,1,1690.56970215,2024-08-18,2024-08-21,Everton
61.0,Everton,ENG,1,1690.56970215,2024-08-22,2024-08-22,Everton
61.0,Everton,ENG,1,1690.8338623,2024-08-23,2024-08-24,Everton
63.0,Everton,ENG,1,1682.26904297,2024-08-25,2024-08-29,Everton
62.0,Everton,ENG,1,1682.32531738,2024-08-30,2024-08-31,Everton
65.0,Everton,ENG,1,1673.03662109,2024-09-01,2024-09-01,Everton
66.0,Everton,ENG,1,1673.03662109,2024-09-02,2024-09-13,Everton
65.0,Everton,ENG,1,1673.03662109,2024-09-14,2024-09-14,Everton
68.0,Everton,ENG,1,1668.78894043,2024-09-15,2024-09-15,Everton
67.0,Everton,ENG,1,1668.78894043,2024-09-16,2024-09-17,Everton
64.0,Everton,ENG,1,1674.95385742,2024-09-18,2024-09-18,Everton
65.0,Everton,ENG,1,1673.3302002,2024-09-19,2024-09-19,Everton
66.0,Everton,ENG,1,1673.2590332,2024-09-20,2024-09-21,Everton
64.0,Everton,ENG,1,1673.83569336,2024-09-22,2024-09-25,Everton
64.0,Everton,ENG,1,1671.80505371,2024-09-26,2024-09-26,Everton
64.0,Everton,ENG,1,1672.90234375,2024-09-27,2024-09-28,Everton
58.0,Everton,ENG,1,1681.41015625,2024-09-29,2024-09-29,Everton
59.0,Everton,ENG,1,1681.41015625,2024-09-30,2024-10-01,Everton
59.0,Everton,ENG,1,1683.74206543,2024-10-02,2024-10-02,Everton
58.0,Everton,ENG,1,1687.83007812,2024-10-03,2024-10-03,Everton
57.0,Everton,ENG,1,1690.6204834,2024-10-04,2024-10-05,Everton
59.0,Everton,ENG,1,1692.59912109,2024-10-06,2024-10-06,Everton
58.0,Everton,ENG,1,1692.59912109,2024-10-07,2024-10-19,Everton
55.0,Everton,ENG,1,1702.37902832,2024-10-20,2024-10-22,Everton
54.0,Everton,ENG,1,1704.60314941,2024-10-23,2024-10-23,Everton
53.0,Everton,ENG,1,1707.69555664,2024-10-24,2024-10-24,Everton
52.0,Everton,ENG,1,1709.85827637,2024-10-25,2024-10-25,Everton
53.0,Everton,ENG,1,1709.85827637,2024-10-26,2024-10-26,Everton
53.0,Everton,ENG,1,1708.98059082,2024-10-27,2024-10-27,Everton
52.0,Everton,ENG,1,1708.98059082,2024-10-28,2024-11-02,Everton
55.0,Everton,ENG,1,1699.36096191,2024-11-03,2024-11-03,Everton
54.0,Everton,ENG,1,1699.36096191,2024-11-04,2024-11-05,Everton
55.0,Everton,ENG,1,1696.39257812,2024-11-06,2024-11-06,Everton
57.0,Everton,ENG,1,1691.79174805,2024-11-07,2024-11-07,Everton
58.0,Everton,ENG,1,1690.26757812,2024-11-08,2024-11-09,Everton
57.0,Everton,ENG,1,1693.06970215,2024-11-10,2024-11-23,Everton
58.0,Everton,ENG,1,1692.20263672,2024-11-24,2024-11-24,Everton
59.0,Everton,ENG,1,1692.20263672,2024-11-25,2024-11-26,Everton
57.0,Everton,ENG,1,1695.36791992,2024-11-27,2024-11-27,Everton
56.0,Everton,ENG,1,1697.48217773,2024-11-28,2024-11-28,Everton
55.0,Everton,ENG,1,1698.63916016,2024-11-29,2024-12-01,Everton
58.0,Everton,ENG,1,1689.34838867,2024-12-02,2024-12-04,Everton
54.0,Everton,ENG,1,1702.08337402,2024-12-05,2024-12-10,Everton
54.0,Everton,ENG,1,1706.02087402,2024-12-11,2024-12-11,Everton
55.0,Everton,ENG,1,1703.10742188,2024-12-12,2024-12-12,Everton
54.0,Everton,ENG,1,1704.38330078,2024-12-13,2024-12-14,Everton
52.0,Everton,ENG,1,1711.92224121,2024-12-15,2024-12-15,Everton
51.0,Everton,ENG,1,1711.92224121,2024-12-16,2024-12-19,Everton
51.0,Everton,ENG,1,1712.03271484,2024-12-20,2024-12-22,Everton
50.0,Everton,ENG,1,1715.51074219,2024-12-23,2024-12-26,Everton
47.0,Everton,ENG,1,1722.28210449,2024-12-27,2024-12-29,Everton
53.0,Everton,ENG,1,1709.59802246,2024-12-30,2024-12-31,Everton
53.0,Everton,ENG,1,1709.59802246,2025-01-01,2025-01-04,Everton
54.0,Everton,ENG,1,1704.52575684,2025-01-05,2025-01-05,Everton
53.0,Everton,ENG,1,1704.52575684,2025-01-06,2025-01-15,Everton
54.0,Everton,ENG,1,1697.41748047,2025-01-16,2025-01-19,Everton
53.0,Everton,ENG,1,1706.52246094,2025-01-20,2025-01-21,Everton
52.0,Everton,ENG,1,1704.99304199,2025-01-22,2025-01-22,Everton
52.0,Everton,ENG,1,1702.39025879,2025-01-23,2025-01-23,Everton
50.0,Everton,ENG,1,1705.08508301,2025-01-24,2025-01-25,Everton
49.0,Everton,ENG,1,1716.45617676,2025-01-26,2025-01-26,Everton
48.0,Everton,ENG,1,1716.45617676,2025-01-27,2025-01-29,Everton
48.0,Everton,ENG,1,1716.58508301,2025-01-30,2025-01-30,Everton
47.0,Everton,ENG,1,1719.11437988,2025-01-31,2025-02-01,Everton
44.0,Everton,ENG,1,1728.09033203,2025-02-02,2025-02-02,Everton
42.0,Everton,ENG,1,1728.09033203,2025-02-03,2025-02-08,Everton
43.0,Everton,ENG,1,1728.09033203,2025-02-09,2025-02-09,Everton
44.0,Everton,ENG,1,1728.09033203,2025-02-10,2025-02-11,Everton
44.0,Everton,ENG,1,1725.79968262,2025-02-12,2025-02-12,Everton
42.0,Everton,ENG,1,1731.52502441,2025-02-13,2025-02-13,Everton
43.0,Everton,ENG,1,1731.52502441,2025-02-14,2025-02-15,Everton
41.0,Everton,ENG,1,1742.47302246,2025-02-16,2025-02-18,Everton
42.0,Everton,ENG,1,1742.47302246,2025-02-19,2025-02-19,Everton
42.0,Everton,ENG,1,1739.82678223,2025-02-20,2025-02-22,Everton
42.0,Everton,ENG,1,1738.61853027,2025-02-23,2025-02-23,Everton
40.0,Everton,ENG,1,1738.61853027,2025-02-24,2025-02-26,Everton
40.0,Everton,ENG,1,1740.515625,2025-02-27,2025-03-04,Everton
40.0,Everton,ENG,1,1745.50610352,2025-03-05,2025-03-05,Everton
39.0,Everton,ENG,1,1747.33618164,2025-03-06,2025-03-06,Everton
38.0,Everton,ENG,1,1747.4888916,2025-03-07,2025-03-08,Everton
38.0,Everton,ENG,1,1747.06774902,2025-03-09,2025-03-11,Everton
38.0,Everton,ENG,1,1744.22387695,2025-03-12,2025-03-12,Everton
38.0,Everton,ENG,1,1746.71350098,2025-03-13,2025-03-13,Everton
37.0,Everton,ENG,1,1752.95336914,2025-03-14,2025-03-15,Everton
38.0,Everton,ENG,1,1751.03259277,2025-03-16,2025-03-16,Everton
39.0,Everton,ENG,1,1751.03259277,2025-03-17,2025-03-28,Everton
38.0,Everton,ENG,1,1751.03259277,2025-03-29,2025-04-02,Everton
39.0,Everton,ENG,1,1749.10632324,2025-04-03,2025-04-05,Everton
39.0,Everton,ENG,1,1754.2902832,2025-04-06,2025-04-08,Everton
37.0,Everton,ENG,1,1757.20117188,2025-04-09,2025-04-09,Everton
39.0,Everton,ENG,1,1755.82739258,2025-04-10,2025-04-10,Everton
38.0,Everton,ENG,1,1755.82580566,2025-04-11,2025-04-12,Everton
36.0,Everton,ENG,1,1766.83728027,2025-04-13,2025-04-13,Everton
37.0,Everton,ENG,1,1766.83728027,2025-04-14,2025-04-15,Everton
37.0,Everton,ENG,1,1766.60412598,2025-04-16,2025-04-16,Everton
36.0,Everton,ENG,1,1768.40087891,2025-04-17,2025-04-17,Everton
35.0,Everton,ENG,1,1773.65527344,2025-04-18,2025-04-19,Everton
37.0,Everton,ENG,1,1765.83984375,2025-04-20,2025-04-23,Everton
36.0,Everton,ENG,1,1765.83984375,2025-04-24,2025-04-26,Everton
37.0,Everton,ENG,1,1761.44946289,2025-04-27,2025-04-29,Everton
39.0,Everton,ENG,1,1758.59838867,2025-04-30,2025-05-01,Everton
36.0,Everton,ENG,1,1764.86413574,2025-05-02,2025-05-03,Everton
39.0,Everton,ENG,1,1759.28039551,2025-05-04,2025-05-04,Everton
40.0,Everton,ENG,1,1759.28039551,2025-05-05,2025-05-06,Everton
39.0,Everton,ENG,1,1759.28039551,2025-05-07,2025-05-07,Everton
40.0,Everton,ENG,1,1756.75866699,2025-05-08,2025-05-08,Everton
38.0,Everton,ENG,1,1761.42822266,2025-05-09,2025-05-10,Everton
33.0,Everton,ENG,1,1776.22729492,2025-05-11,2025-05-18,Everton
33.0,Everton,ENG,1,1779.72644043,2025-05-19,2025-05-21,Everton
34.0,Everton,ENG,1,1779.72644043,2025-05-22,2025-05-25,Everton
28.0,Everton,ENG,1,1791.63378906,2025-05-26,2025-05-28,Everton
26.0,Everton,ENG,1,1794.00158691,2025-05-29,2025-07-31,Everton
27.0,Everton,ENG,1,1794.00158691,2025-08-01,2025-08-06,Everton
28.0,Everton,ENG,1,1794.00158691,2025-08-07,2025-08-18,Everton
31.0,Everton,ENG,1,1785.15563965,2025-08-19,2025-08-21,Everton
31.0,Everton,ENG,1,1785.1451416,2025-08-22,2025-08-24,Everton
28.0,Everton,ENG,1,1796.39025879,2025-08-25,2025-08-28,Everton
29.0,Everton,ENG,1,1796.57739258,2025-08-29,2025-08-30,Everton
24.0,Everton,ENG,1,1804.04858398,2025-08-31,2025-09-13,Everton
24.0,Everton,ENG,1,1803.90881348,2025-09-14,2025-09-16,Everton
23.0,Everton,ENG,1,1807.78417969,2025-09-17,2025-09-17,Everton
23.0,Everton,ENG,1,1806.18664551,2025-09-18,2025-09-18,Everton
23.0,Everton,ENG,1,1805.39025879,2025-09-19,2025-09-20,Everton
24.0,Everton,ENG,1,1802.71557617,2025-09-21,2025-09-24,Everton
24.0,Everton,ENG,1,1803.03234863,2025-09-25,2025-09-25,Everton
24.0,Everton,ENG,1,1804.22302246,2025-09-26,2025-09-27,Everton
23.0,Everton,ENG,1,1804.22302246,2025-09-28,2025-09-29,Everton
26.0,Everton,ENG,1,1800.76782227,2025-09-30,2025-09-30,Everton
26.0,Everton,ENG,1,1797.2355957,2025-10-01,2025-10-01,Everton
25.0,Everton,ENG,1,1801.79968262,2025-10-02,2025-10-02,Everton
25.0,Everton,ENG,1,1801.4041748,2025-10-03,2025-10-04,Everton
26.0,Everton,ENG,1,1801.4041748,2025-10-05,2025-10-05,Everton
23.0,Everton,ENG,1,1810.44458008,2025-10-06,2025-10-18,Everton
23.0,Everton,ENG,1,1805.36340332,2025-10-19,2025-10-19,Everton
25.0,Everton,ENG,1,1805.36340332,2025-10-20,2025-10-20,Everton
26.0,Everton,ENG,1,1805.36340332,2025-10-21,2025-10-21,Everton
24.0,Everton,ENG,1,1811.48999023,2025-10-22,2025-10-22,Everton
24.0,Everton,ENG,1,1815.10522461,2025-10-23,2025-10-23,Everton
23.0,Everton,ENG,1,1807.93347168,2025-10-24,2025-10-26,Everton
26.0,Everton,ENG,1,1792.02111816,2025-10-27,2025-11-01,Everton
29.0,Everton,ENG,1,1792.02111816,2025-11-02,2025-11-03,Everton
30.0,Everton,ENG,1,1788.97888184,2025-11-04,2025-11-04,Everton
28.0,Everton,ENG,1,1793.1204834,2025-11-05,2025-11-05,Everton
26.0,Everton,ENG,1,1794.14929199,2025-11-06,2025-11-06,Everton
26.0,Everton,ENG,1,1793.98608398,2025-11-07,2025-11-08,Everton
23.0,Everton,ENG,1,1803.58276367,2025-11-09,2025-11-23,Everton
24.0,Everton,ENG,1,1803.58276367,2025-11-24,2025-11-24,Everton
22.0,Everton,ENG,1,1813.82263184,2025-11-25,2025-11-25,Everton
24.0,Everton,ENG,1,1809.02697754,2025-11-26,2025-11-26,Everton
26.0,Everton,ENG,1,1803.11608887,2025-11-27,2025-11-27,Everton
26.0,Everton,ENG,1,1801.13500977,2025-11-28,2025-11-29,Everton
28.0,Everton,ENG,1,1787.19750977,2025-11-30,2025-12-02,Everton
26.0,Everton,ENG,1,1797.06103516,2025-12-03,2025-12-06,Everton
23.0,Everton,ENG,1,1808.18713379,2025-12-07,2025-12-09,Everton
22.0,Everton,ENG,1,1810.46032715,2025-12-10,2025-12-10,Everton
22.0,Everton,ENG,1,1815.1114502,2025-12-11,2025-12-11,Everton
22.0,Everton,ENG,1,1817.23974609,2025-12-12,2025-12-13,Everton
23.0,Everton,ENG,1,1810.32446289,2025-12-14,2025-12-14,Everton
22.0,Everton,ENG,1,1810.32446289,2025-12-15,2025-12-15,Everton
23.0,Everton,ENG,1,1810.32446289,2025-12-16,2025-12-18,Everton
23.0,Everton,ENG,1,1807.56518555,2025-12-19,2025-12-20,Everton
25.0,Everton,ENG,1,1803.55285645,2025-12-21,2025-12-21,Everton
26.0,Everton,ENG,1,1803.55285645,2025-12-22,2025-12-27,Everton
26.0,Everton,ENG,1,1802.2722168,2025-12-28,2025-12-29,Everton
27.0,Everton,ENG,1,1802.2722168,2025-12-30,2025-12-30,Everton
21.0,Everton,ENG,1,1815.16430664,2025-12-31,2025-12-31,Everton
21.0,Everton,ENG,1,1815.16430664,2026-01-01,2026-01-01,Everton
22.0,Everton,ENG,1,1815.16430664,2026-01-02,2026-01-04,Everton
25.0,Everton,ENG,1,1801.65466309,2026-01-05,2026-01-06,Everton
26.0,Everton,ENG,1,1801.65466309,2026-01-07,2026-01-07,Everton
30.0,Everton,ENG,1,1796.4831543,2026-01-08,2026-01-17,Everton
28.0,Everton,ENG,1,1796.4831543,2026-01-18,2026-01-18,Everton
24.0,Everton,ENG,1,1809.38659668,2026-01-19,2026-01-20,Everton
23.0,Everton,ENG,1,1809.93310547,2026-01-21,2026-01-21,Everton
20.0,Everton,ENG,1,1815.36010742,2026-01-22,2026-01-22,Everton
21.0,Everton,ENG,1,1814.3614502,2026-01-23,2026-01-24,Everton
22.0,Everton,ENG,1,1814.3614502,2026-01-25,2026-01-26,Everton
23.0,Everton,ENG,1,1811.43188477,2026-01-27,2026-01-28,Everton
24.0,Everton,ENG,1,1819.16015625,2026-01-29,2026-01-29,Everton
23.0,Everton,ENG,1,1820.11987305,2026-01-30,2026-01-31,Everton
23.0,Everton,ENG,1,1822.26306152,2026-02-01,2026-02-01,Everton
22.0,Everton,ENG,1,1822.26306152,2026-02-02,2026-02-07,Everton
20.0,Everton,ENG,1,1831.6126709,2026-02-08,2026-02-08,Everton
18.0,Everton,ENG,1,1831.6126709,2026-02-09,2026-02-10,Everton
20.0,Everton,ENG,1,1822.35644531,2026-02-11,2026-02-15,Everton
19.0,Everton,ENG,1,1822.35644531,2026-02-16,2026-02-18,Everton
19.0,Everton,ENG,1,1822.8494873,2026-02-19,2026-02-19,Everton
19.0,Everton,ENG,1,1825.73608398,2026-02-20,2026-02-21,Everton
18.0,Everton,ENG,1,1825.73608398,2026-02-22,2026-02-23,Everton
19.0,Everton,ENG,1,1818.14013672,2026-02-24,2026-02-24,Everton
19.0,Everton,ENG,1,1818.37963867,2026-02-25,2026-02-26,Everton
19.0,Everton,ENG,1,1818.29833984,2026-02-27,2026-02-28,Everton
18.0,Everton,ENG,1,1829.09985352,2026-03-01,2026-03-03,Everton
18.0,Everton,ENG,1,1835.11523438,2026-03-04,2026-03-10,Everton
18.0,Everton,ENG,1,1830.85046387,2026-03-11,2026-03-11,Everton
19.0,Everton,ENG,1,1823.34008789,2026-03-12,2026-03-12,Everton
20.0,Everton,ENG,1,1820.73400879,2026-03-13,2026-03-14,Everton
20.0,Everton,ENG,1,1817.17285156,2026-03-15,2026-03-15,Everton
19.0,Everton,ENG,1,1817.17285156,2026-03-16,2026-03-17,Everton
20.0,Everton,ENG,1,1812.2800293,2026-03-18,2026-03-18,Everton
20.0,Everton,ENG,1,1811.20996094,2026-03-19,2026-03-19,Everton
20.0,Everton,ENG,1,1815.48425293,2026-03-20,2026-03-21,Everton
18.0,Everton,ENG,1,1831.13537598,2026-03-22,2026-04-07,Everton
18.0,Everton,ENG,1,1832.02172852,2026-04-08,2026-04-08,Everton
18.0,Everton,ENG,1,1830.04260254,2026-04-09,2026-04-09,Everton
18.0,Everton,ENG,1,1833.92382812,2026-04-10,2026-04-11,Everton
18.0,Everton,ENG,1,1834.99829102,2026-04-12,2026-04-12,Everton
17.0,Everton,ENG,1,1834.99829102,2026-04-13,2026-04-14,Everton
17.0,Everton,ENG,1,1832.04504395,2026-04-15,2026-04-15,Everton
17.0,Everton,ENG,1,1832.19494629,2026-04-16,2026-04-19,Everton
17.0,Everton,ENG,1,1832.19494629,2026-04-20,2026-04-25,Everton
17.0,Everton,ENG,1,1832.19494629,2026-04-26,2026-05-12,Everton
17.0,Everton,ENG,1,1832.19494629,2026-05-13,2026-12-31,Everton
48.0,Fulham,ENG,1,1717.38049316,2024-01-01,2024-01-13,Fulham
49.0,Fulham,ENG,1,1712.25061035,2024-01-14,2024-01-26,Fulham
51.0,Fulham,ENG,1,1712.25061035,2024-01-27,2024-01-28,Fulham
50.0,Fulham,ENG,1,1712.25061035,2024-01-29,2024-01-30,Fulham
50.0,Fulham,ENG,1,1710.92053223,2024-01-31,2024-02-03,Fulham
51.0,Fulham,ENG,1,1710.7121582,2024-02-04,2024-02-04,Fulham
50.0,Fulham,ENG,1,1710.7121582,2024-02-05,2024-02-10,Fulham
44.0,Fulham,ENG,1,1719.81347656,2024-02-11,2024-02-11,Fulham
45.0,Fulham,ENG,1,1719.81347656,2024-02-12,2024-02-13,Fulham
45.0,Fulham,ENG,1,1719.98828125,2024-02-14,2024-02-14,Fulham
46.0,Fulham,ENG,1,1719.98828125,2024-02-15,2024-02-15,Fulham
44.0,Fulham,ENG,1,1719.98828125,2024-02-16,2024-02-17,Fulham
47.0,Fulham,ENG,1,1713.59887695,2024-02-18,2024-02-21,Fulham
47.0,Fulham,ENG,1,1712.30773926,2024-02-22,2024-02-22,Fulham
46.0,Fulham,ENG,1,1712.30773926,2024-02-23,2024-02-23,Fulham
45.0,Fulham,ENG,1,1712.30773926,2024-02-24,2024-02-24,Fulham
42.0,Fulham,ENG,1,1724.16650391,2024-02-25,2024-02-25,Fulham
41.0,Fulham,ENG,1,1724.16650391,2024-02-26,2024-03-02,Fulham
38.0,Fulham,ENG,1,1739.48071289,2024-03-03,2024-03-03,Fulham
39.0,Fulham,ENG,1,1739.48071289,2024-03-04,2024-03-05,Fulham
38.0,Fulham,ENG,1,1739.48071289,2024-03-06,2024-03-06,Fulham
38.0,Fulham,ENG,1,1739.64489746,2024-03-07,2024-03-07,Fulham
41.0,Fulham,ENG,1,1734.86364746,2024-03-08,2024-03-09,Fulham
41.0,Fulham,ENG,1,1728.03857422,2024-03-10,2024-03-12,Fulham
41.0,Fulham,ENG,1,1727.02880859,2024-03-13,2024-03-14,Fulham
41.0,Fulham,ENG,1,1734.47412109,2024-03-15,2024-03-16,Fulham
35.0,Fulham,ENG,1,1751.57287598,2024-03-17,2024-03-17,Fulham
34.0,Fulham,ENG,1,1751.57287598,2024-03-18,2024-03-30,Fulham
35.0,Fulham,ENG,1,1748.06726074,2024-03-31,2024-03-31,Fulham
36.0,Fulham,ENG,1,1748.06726074,2024-04-01,2024-04-02,Fulham
41.0,Fulham,ENG,1,1735.2331543,2024-04-03,2024-04-05,Fulham
40.0,Fulham,ENG,1,1735.2331543,2024-04-06,2024-04-06,Fulham
42.0,Fulham,ENG,1,1727.9185791,2024-04-07,2024-04-07,Fulham
43.0,Fulham,ENG,1,1727.9185791,2024-04-08,2024-04-09,Fulham
43.0,Fulham,ENG,1,1727.37158203,2024-04-10,2024-04-11,Fulham
44.0,Fulham,ENG,1,1719.71569824,2024-04-12,2024-04-12,Fulham
43.0,Fulham,ENG,1,1719.71569824,2024-04-13,2024-04-14,Fulham
38.0,Fulham,ENG,1,1735.0925293,2024-04-15,2024-04-16,Fulham
39.0,Fulham,ENG,1,1735.0925293,2024-04-17,2024-04-17,Fulham
40.0,Fulham,ENG,1,1730.80700684,2024-04-18,2024-04-18,Fulham
41.0,Fulham,ENG,1,1728.63049316,2024-04-19,2024-04-20,Fulham
42.0,Fulham,ENG,1,1728.63049316,2024-04-21,2024-04-21,Fulham
43.0,Fulham,ENG,1,1722.19067383,2024-04-22,2024-04-27,Fulham
45.0,Fulham,ENG,1,1720.62280273,2024-04-28,2024-04-28,Fulham
46.0,Fulham,ENG,1,1720.62280273,2024-04-29,2024-05-02,Fulham
47.0,Fulham,ENG,1,1715.37084961,2024-05-03,2024-05-04,Fulham
46.0,Fulham,ENG,1,1717.0402832,2024-05-05,2024-05-05,Fulham
45.0,Fulham,ENG,1,1717.0402832,2024-05-06,2024-05-08,Fulham
46.0,Fulham,ENG,1,1717.0402832,2024-05-09,2024-05-09,Fulham
46.0,Fulham,ENG,1,1712.71875,2024-05-10,2024-05-11,Fulham
49.0,Fulham,ENG,1,1707.89538574,2024-05-12,2024-05-12,Fulham
50.0,Fulham,ENG,1,1707.89538574,2024-05-13,2024-05-19,Fulham
45.0,Fulham,ENG,1,1716.27636719,2024-05-20,2024-07-23,Fulham
46.0,Fulham,ENG,1,1716.27636719,2024-07-24,2024-08-04,Fulham
45.0,Fulham,ENG,1,1716.27636719,2024-08-05,2024-08-08,Fulham
44.0,Fulham,ENG,1,1716.27636719,2024-08-09,2024-08-10,Fulham
45.0,Fulham,ENG,1,1716.27636719,2024-08-11,2024-08-13,Fulham
46.0,Fulham,ENG,1,1716.27636719,2024-08-14,2024-08-15,Fulham
45.0,Fulham,ENG,1,1716.27636719,2024-08-16,2024-08-16,Fulham
48.0,Fulham,ENG,1,1711.20227051,2024-08-17,2024-08-20,Fulham
49.0,Fulham,ENG,1,1711.20227051,2024-08-21,2024-08-22,Fulham
49.0,Fulham,ENG,1,1711.46643066,2024-08-23,2024-08-24,Fulham
46.0,Fulham,ENG,1,1716.50524902,2024-08-25,2024-08-25,Fulham
45.0,Fulham,ENG,1,1716.50524902,2024-08-26,2024-08-29,Fulham
45.0,Fulham,ENG,1,1716.56152344,2024-08-30,2024-08-31,Fulham
46.0,Fulham,ENG,1,1713.83312988,2024-09-01,2024-09-01,Fulham
47.0,Fulham,ENG,1,1713.83312988,2024-09-02,2024-09-13,Fulham
48.0,Fulham,ENG,1,1713.83312988,2024-09-14,2024-09-14,Fulham
48.0,Fulham,ENG,1,1712.77502441,2024-09-15,2024-09-17,Fulham
46.0,Fulham,ENG,1,1718.93994141,2024-09-18,2024-09-18,Fulham
47.0,Fulham,ENG,1,1717.31628418,2024-09-19,2024-09-19,Fulham
48.0,Fulham,ENG,1,1717.24511719,2024-09-20,2024-09-21,Fulham
42.0,Fulham,ENG,1,1730.24047852,2024-09-22,2024-09-25,Fulham
43.0,Fulham,ENG,1,1728.20983887,2024-09-26,2024-09-26,Fulham
44.0,Fulham,ENG,1,1729.30712891,2024-09-27,2024-09-27,Fulham
43.0,Fulham,ENG,1,1729.30712891,2024-09-28,2024-09-28,Fulham
40.0,Fulham,ENG,1,1737.390625,2024-09-29,2024-10-01,Fulham
39.0,Fulham,ENG,1,1739.72253418,2024-10-02,2024-10-02,Fulham
38.0,Fulham,ENG,1,1743.81054688,2024-10-03,2024-10-03,Fulham
37.0,Fulham,ENG,1,1746.60095215,2024-10-04,2024-10-05,Fulham
37.0,Fulham,ENG,1,1745.24511719,2024-10-06,2024-10-06,Fulham
39.0,Fulham,ENG,1,1745.24511719,2024-10-07,2024-10-19,Fulham
42.0,Fulham,ENG,1,1733.93054199,2024-10-20,2024-10-20,Fulham
41.0,Fulham,ENG,1,1733.93054199,2024-10-21,2024-10-21,Fulham
40.0,Fulham,ENG,1,1733.93054199,2024-10-22,2024-10-22,Fulham
39.0,Fulham,ENG,1,1736.15466309,2024-10-23,2024-10-23,Fulham
40.0,Fulham,ENG,1,1739.24707031,2024-10-24,2024-10-24,Fulham
38.0,Fulham,ENG,1,1741.40979004,2024-10-25,2024-10-26,Fulham
38.0,Fulham,ENG,1,1742.28735352,2024-10-27,2024-10-27,Fulham
40.0,Fulham,ENG,1,1742.28735352,2024-10-28,2024-11-04,Fulham
37.0,Fulham,ENG,1,1748.4387207,2024-11-05,2024-11-05,Fulham
37.0,Fulham,ENG,1,1745.47033691,2024-11-06,2024-11-06,Fulham
38.0,Fulham,ENG,1,1740.86938477,2024-11-07,2024-11-07,Fulham
37.0,Fulham,ENG,1,1739.34533691,2024-11-08,2024-11-09,Fulham
35.0,Fulham,ENG,1,1753.02001953,2024-11-10,2024-11-10,Fulham
36.0,Fulham,ENG,1,1753.02001953,2024-11-11,2024-11-23,Fulham
40.0,Fulham,ENG,1,1732.40185547,2024-11-24,2024-11-25,Fulham
41.0,Fulham,ENG,1,1732.40185547,2024-11-26,2024-11-26,Fulham
40.0,Fulham,ENG,1,1735.56713867,2024-11-27,2024-11-27,Fulham
40.0,Fulham,ENG,1,1737.68139648,2024-11-28,2024-11-28,Fulham
40.0,Fulham,ENG,1,1738.83825684,2024-11-29,2024-11-30,Fulham
41.0,Fulham,ENG,1,1738.83825684,2024-12-01,2024-12-01,Fulham
38.0,Fulham,ENG,1,1742.94836426,2024-12-02,2024-12-05,Fulham
35.0,Fulham,ENG,1,1753.22741699,2024-12-06,2024-12-07,Fulham
37.0,Fulham,ENG,1,1753.22741699,2024-12-08,2024-12-08,Fulham
34.0,Fulham,ENG,1,1757.65942383,2024-12-09,2024-12-10,Fulham
33.0,Fulham,ENG,1,1761.59692383,2024-12-11,2024-12-11,Fulham
34.0,Fulham,ENG,1,1758.68347168,2024-12-12,2024-12-12,Fulham
34.0,Fulham,ENG,1,1759.95947266,2024-12-13,2024-12-14,Fulham
30.0,Fulham,ENG,1,1766.94836426,2024-12-15,2024-12-15,Fulham
31.0,Fulham,ENG,1,1766.94836426,2024-12-16,2024-12-19,Fulham
31.0,Fulham,ENG,1,1767.05883789,2024-12-20,2024-12-22,Fulham
33.0,Fulham,ENG,1,1760.75756836,2024-12-23,2024-12-26,Fulham
29.0,Fulham,ENG,1,1773.47399902,2024-12-27,2024-12-29,Fulham
30.0,Fulham,ENG,1,1771.66394043,2024-12-30,2024-12-30,Fulham
29.0,Fulham,ENG,1,1771.66394043,2024-12-31,2024-12-31,Fulham
29.0,Fulham,ENG,1,1771.66394043,2025-01-01,2025-01-03,Fulham
28.0,Fulham,ENG,1,1771.66394043,2025-01-04,2025-01-05,Fulham
34.0,Fulham,ENG,1,1765.93579102,2025-01-06,2025-01-13,Fulham
33.0,Fulham,ENG,1,1765.93579102,2025-01-14,2025-01-14,Fulham
35.0,Fulham,ENG,1,1758.53125,2025-01-15,2025-01-15,Fulham
36.0,Fulham,ENG,1,1758.53125,2025-01-16,2025-01-16,Fulham
37.0,Fulham,ENG,1,1758.53125,2025-01-17,2025-01-17,Fulham
36.0,Fulham,ENG,1,1758.53125,2025-01-18,2025-01-18,Fulham
34.0,Fulham,ENG,1,1766.69897461,2025-01-19,2025-01-19,Fulham
33.0,Fulham,ENG,1,1766.69897461,2025-01-20,2025-01-21,Fulham
34.0,Fulham,ENG,1,1765.16955566,2025-01-22,2025-01-22,Fulham
35.0,Fulham,ENG,1,1762.56665039,2025-01-23,2025-01-23,Fulham
31.0,Fulham,ENG,1,1765.26159668,2025-01-24,2025-01-26,Fulham
34.0,Fulham,ENG,1,1755.65759277,2025-01-27,2025-01-29,Fulham
36.0,Fulham,ENG,1,1755.78649902,2025-01-30,2025-01-30,Fulham
35.0,Fulham,ENG,1,1758.31591797,2025-01-31,2025-02-01,Fulham
30.0,Fulham,ENG,1,1769.55126953,2025-02-02,2025-02-02,Fulham
31.0,Fulham,ENG,1,1769.55126953,2025-02-03,2025-02-11,Fulham
32.0,Fulham,ENG,1,1767.26074219,2025-02-12,2025-02-15,Fulham
30.0,Fulham,ENG,1,1774.45617676,2025-02-16,2025-02-16,Fulham
29.0,Fulham,ENG,1,1774.45617676,2025-02-17,2025-02-18,Fulham
28.0,Fulham,ENG,1,1774.45617676,2025-02-19,2025-02-19,Fulham
27.0,Fulham,ENG,1,1771.81005859,2025-02-20,2025-02-20,Fulham
29.0,Fulham,ENG,1,1771.81005859,2025-02-21,2025-02-22,Fulham
33.0,Fulham,ENG,1,1758.3548584,2025-02-23,2025-02-25,Fulham
32.0,Fulham,ENG,1,1765.68505859,2025-02-26,2025-03-04,Fulham
30.0,Fulham,ENG,1,1770.67553711,2025-03-05,2025-03-05,Fulham
29.0,Fulham,ENG,1,1772.50561523,2025-03-06,2025-03-06,Fulham
30.0,Fulham,ENG,1,1772.6583252,2025-03-07,2025-03-08,Fulham
31.0,Fulham,ENG,1,1766.22839355,2025-03-09,2025-03-09,Fulham
32.0,Fulham,ENG,1,1766.22839355,2025-03-10,2025-03-11,Fulham
32.0,Fulham,ENG,1,1763.38452148,2025-03-12,2025-03-12,Fulham
33.0,Fulham,ENG,1,1765.87414551,2025-03-13,2025-03-13,Fulham
31.0,Fulham,ENG,1,1772.11401367,2025-03-14,2025-03-15,Fulham
29.0,Fulham,ENG,1,1772.11401367,2025-03-16,2025-03-16,Fulham
27.0,Fulham,ENG,1,1782.73400879,2025-03-17,2025-03-30,Fulham
26.0,Fulham,ENG,1,1782.73400879,2025-03-31,2025-04-01,Fulham
26.0,Fulham,ENG,1,1780.26086426,2025-04-02,2025-04-02,Fulham
25.0,Fulham,ENG,1,1780.26086426,2025-04-03,2025-04-05,Fulham
26.0,Fulham,ENG,1,1780.26086426,2025-04-06,2025-04-06,Fulham
21.0,Fulham,ENG,1,1792.90283203,2025-04-07,2025-04-08,Fulham
21.0,Fulham,ENG,1,1795.81359863,2025-04-09,2025-04-09,Fulham
21.0,Fulham,ENG,1,1794.43981934,2025-04-10,2025-04-10,Fulham
20.0,Fulham,ENG,1,1794.43823242,2025-04-11,2025-04-14,Fulham
22.0,Fulham,ENG,1,1787.51159668,2025-04-15,2025-04-15,Fulham
23.0,Fulham,ENG,1,1787.27844238,2025-04-16,2025-04-16,Fulham
22.0,Fulham,ENG,1,1789.07519531,2025-04-17,2025-04-17,Fulham
23.0,Fulham,ENG,1,1794.32958984,2025-04-18,2025-04-19,Fulham
24.0,Fulham,ENG,1,1794.32958984,2025-04-20,2025-04-20,Fulham
27.0,Fulham,ENG,1,1786.41247559,2025-04-21,2025-04-23,Fulham
28.0,Fulham,ENG,1,1786.41247559,2025-04-24,2025-04-26,Fulham
25.0,Fulham,ENG,1,1790.30419922,2025-04-27,2025-04-29,Fulham
25.0,Fulham,ENG,1,1787.45324707,2025-04-30,2025-05-01,Fulham
24.0,Fulham,ENG,1,1793.71899414,2025-05-02,2025-05-03,Fulham
28.0,Fulham,ENG,1,1788.74560547,2025-05-04,2025-05-05,Fulham
29.0,Fulham,ENG,1,1788.74560547,2025-05-06,2025-05-07,Fulham
30.0,Fulham,ENG,1,1786.22375488,2025-05-08,2025-05-08,Fulham
27.0,Fulham,ENG,1,1790.89331055,2025-05-09,2025-05-10,Fulham
34.0,Fulham,ENG,1,1776.09423828,2025-05-11,2025-05-18,Fulham
31.0,Fulham,ENG,1,1786.74633789,2025-05-19,2025-05-21,Fulham
30.0,Fulham,ENG,1,1786.74633789,2025-05-22,2025-05-25,Fulham
32.0,Fulham,ENG,1,1779.35876465,2025-05-26,2025-05-28,Fulham
32.0,Fulham,ENG,1,1781.72644043,2025-05-29,2025-05-31,Fulham
33.0,Fulham,ENG,1,1781.72644043,2025-06-01,2025-08-06,Fulham
32.0,Fulham,ENG,1,1781.72644043,2025-08-07,2025-08-16,Fulham
32.0,Fulham,ENG,1,1784.42456055,2025-08-17,2025-08-21,Fulham
32.0,Fulham,ENG,1,1784.41394043,2025-08-22,2025-08-24,Fulham
32.0,Fulham,ENG,1,1783.36193848,2025-08-25,2025-08-28,Fulham
33.0,Fulham,ENG,1,1783.54907227,2025-08-29,2025-08-30,Fulham
34.0,Fulham,ENG,1,1777.98095703,2025-08-31,2025-09-13,Fulham
33.0,Fulham,ENG,1,1783.6673584,2025-09-14,2025-09-14,Fulham
34.0,Fulham,ENG,1,1783.6673584,2025-09-15,2025-09-16,Fulham
30.0,Fulham,ENG,1,1787.54260254,2025-09-17,2025-09-17,Fulham
30.0,Fulham,ENG,1,1785.94506836,2025-09-18,2025-09-18,Fulham
30.0,Fulham,ENG,1,1785.14868164,2025-09-19,2025-09-20,Fulham
25.0,Fulham,ENG,1,1795.39038086,2025-09-21,2025-09-24,Fulham
26.0,Fulham,ENG,1,1795.70727539,2025-09-25,2025-09-25,Fulham
26.0,Fulham,ENG,1,1796.89794922,2025-09-26,2025-09-27,Fulham
27.0,Fulham,ENG,1,1796.89794922,2025-09-28,2025-09-28,Fulham
30.0,Fulham,ENG,1,1788.80065918,2025-09-29,2025-09-30,Fulham
30.0,Fulham,ENG,1,1785.26831055,2025-10-01,2025-10-01,Fulham
28.0,Fulham,ENG,1,1789.83251953,2025-10-02,2025-10-02,Fulham
31.0,Fulham,ENG,1,1789.43701172,2025-10-03,2025-10-03,Fulham
32.0,Fulham,ENG,1,1780.8067627,2025-10-04,2025-10-18,Fulham
32.0,Fulham,ENG,1,1777.15209961,2025-10-19,2025-10-21,Fulham
30.0,Fulham,ENG,1,1783.27868652,2025-10-22,2025-10-22,Fulham
30.0,Fulham,ENG,1,1786.8939209,2025-10-23,2025-10-23,Fulham
32.0,Fulham,ENG,1,1779.72216797,2025-10-24,2025-10-25,Fulham
32.0,Fulham,ENG,1,1775.25646973,2025-10-26,2025-11-01,Fulham
31.0,Fulham,ENG,1,1783.51708984,2025-11-02,2025-11-04,Fulham
31.0,Fulham,ENG,1,1787.65869141,2025-11-05,2025-11-05,Fulham
28.0,Fulham,ENG,1,1788.6875,2025-11-06,2025-11-06,Fulham
27.0,Fulham,ENG,1,1788.52429199,2025-11-07,2025-11-08,Fulham
30.0,Fulham,ENG,1,1778.9276123,2025-11-09,2025-11-22,Fulham
29.0,Fulham,ENG,1,1782.82055664,2025-11-23,2025-11-25,Fulham
32.0,Fulham,ENG,1,1778.02478027,2025-11-26,2025-11-26,Fulham
35.0,Fulham,ENG,1,1772.1138916,2025-11-27,2025-11-27,Fulham
35.0,Fulham,ENG,1,1770.1328125,2025-11-28,2025-11-29,Fulham
31.0,Fulham,ENG,1,1780.63500977,2025-11-30,2025-11-30,Fulham
32.0,Fulham,ENG,1,1780.63500977,2025-12-01,2025-12-02,Fulham
32.0,Fulham,ENG,1,1775.7902832,2025-12-03,2025-12-05,Fulham
31.0,Fulham,ENG,1,1775.7902832,2025-12-06,2025-12-06,Fulham
32.0,Fulham,ENG,1,1775.7902832,2025-12-07,2025-12-07,Fulham
34.0,Fulham,ENG,1,1768.00280762,2025-12-08,2025-12-09,Fulham
34.0,Fulham,ENG,1,1770.27587891,2025-12-10,2025-12-10,Fulham
32.0,Fulham,ENG,1,1774.92712402,2025-12-11,2025-12-11,Fulham
32.0,Fulham,ENG,1,1777.05541992,2025-12-12,2025-12-12,Fulham
31.0,Fulham,ENG,1,1777.05541992,2025-12-13,2025-12-13,Fulham
30.0,Fulham,ENG,1,1784.55834961,2025-12-14,2025-12-14,Fulham
32.0,Fulham,ENG,1,1784.55834961,2025-12-15,2025-12-18,Fulham
32.0,Fulham,ENG,1,1781.79919434,2025-12-19,2025-12-22,Fulham
30.0,Fulham,ENG,1,1788.41491699,2025-12-23,2025-12-27,Fulham
29.0,Fulham,ENG,1,1796.44970703,2025-12-28,2025-12-28,Fulham
28.0,Fulham,ENG,1,1796.44970703,2025-12-29,2025-12-31,Fulham
28.0,Fulham,ENG,1,1796.44970703,2026-01-01,2026-01-01,Fulham
28.0,Fulham,ENG,1,1798.38574219,2026-01-02,2026-01-03,Fulham
29.0,Fulham,ENG,1,1798.38574219,2026-01-04,2026-01-04,Fulham
26.0,Fulham,ENG,1,1800.62805176,2026-01-05,2026-01-06,Fulham
27.0,Fulham,ENG,1,1800.62805176,2026-01-07,2026-01-07,Fulham
23.0,Fulham,ENG,1,1809.49267578,2026-01-08,2026-01-17,Fulham
26.0,Fulham,ENG,1,1801.52502441,2026-01-18,2026-01-18,Fulham
27.0,Fulham,ENG,1,1801.52502441,2026-01-19,2026-01-19,Fulham
28.0,Fulham,ENG,1,1801.52502441,2026-01-20,2026-01-20,Fulham
29.0,Fulham,ENG,1,1802.0715332,2026-01-21,2026-01-21,Fulham
25.0,Fulham,ENG,1,1807.49853516,2026-01-22,2026-01-22,Fulham
25.0,Fulham,ENG,1,1806.49987793,2026-01-23,2026-01-24,Fulham
23.0,Fulham,ENG,1,1813.98937988,2026-01-25,2026-01-26,Fulham
22.0,Fulham,ENG,1,1813.98937988,2026-01-27,2026-01-28,Fulham
22.0,Fulham,ENG,1,1821.71765137,2026-01-29,2026-01-29,Fulham
21.0,Fulham,ENG,1,1822.67736816,2026-01-30,2026-02-01,Fulham
23.0,Fulham,ENG,1,1817.02893066,2026-02-02,2026-02-07,Fulham
25.0,Fulham,ENG,1,1807.67932129,2026-02-08,2026-02-11,Fulham
27.0,Fulham,ENG,1,1802.05883789,2026-02-12,2026-02-15,Fulham
26.0,Fulham,ENG,1,1802.05883789,2026-02-16,2026-02-17,Fulham
24.0,Fulham,ENG,1,1802.05883789,2026-02-18,2026-02-18,Fulham
24.0,Fulham,ENG,1,1802.55175781,2026-02-19,2026-02-19,Fulham
24.0,Fulham,ENG,1,1805.43847656,2026-02-20,2026-02-22,Fulham
21.0,Fulham,ENG,1,1814.70397949,2026-02-23,2026-02-24,Fulham
21.0,Fulham,ENG,1,1814.94348145,2026-02-25,2026-02-25,Fulham
20.0,Fulham,ENG,1,1814.94348145,2026-02-26,2026-02-26,Fulham
20.0,Fulham,ENG,1,1814.86218262,2026-02-27,2026-03-01,Fulham
20.0,Fulham,ENG,1,1821.75634766,2026-03-02,2026-03-04,Fulham
22.0,Fulham,ENG,1,1810.83312988,2026-03-05,2026-03-08,Fulham
21.0,Fulham,ENG,1,1810.83312988,2026-03-09,2026-03-10,Fulham
23.0,Fulham,ENG,1,1806.56835938,2026-03-11,2026-03-11,Fulham
23.0,Fulham,ENG,1,1799.0579834,2026-03-12,2026-03-12,Fulham
23.0,Fulham,ENG,1,1796.4519043,2026-03-13,2026-03-15,Fulham
23.0,Fulham,ENG,1,1796.5345459,2026-03-16,2026-03-17,Fulham
26.0,Fulham,ENG,1,1791.6418457,2026-03-18,2026-03-18,Fulham
25.0,Fulham,ENG,1,1790.57165527,2026-03-19,2026-03-19,Fulham
24.0,Fulham,ENG,1,1794.84594727,2026-03-20,2026-03-20,Fulham
25.0,Fulham,ENG,1,1794.84594727,2026-03-21,2026-03-21,Fulham
24.0,Fulham,ENG,1,1801.1529541,2026-03-22,2026-04-06,Fulham
25.0,Fulham,ENG,1,1801.1529541,2026-04-07,2026-04-07,Fulham
25.0,Fulham,ENG,1,1802.03930664,2026-04-08,2026-04-08,Fulham
25.0,Fulham,ENG,1,1800.06018066,2026-04-09,2026-04-09,Fulham
24.0,Fulham,ENG,1,1803.94128418,2026-04-10,2026-04-11,Fulham
25.0,Fulham,ENG,1,1797.89282227,2026-04-12,2026-04-12,Fulham
24.0,Fulham,ENG,1,1797.89282227,2026-04-13,2026-04-14,Fulham
25.0,Fulham,ENG,1,1794.9395752,2026-04-15,2026-04-15,Fulham
25.0,Fulham,ENG,1,1795.08947754,2026-04-16,2026-04-18,Fulham
25.0,Fulham,ENG,1,1795.08947754,2026-04-19,2026-04-25,Fulham
25.0,Fulham,ENG,1,1795.08947754,2026-04-26,2026-05-12,Fulham
25.0,Fulham,ENG,1,1795.08947754,2026-05-13,2026-12-31,Fulham
4.0,Liverpool,ENG,1,1938.95874023,2024-01-01,2024-01-01,Liverpool
4.0,Liverpool,ENG,1,1944.01367188,2024-01-02,2024-01-21,Liverpool
3.0,Liverpool,ENG,1,1951.73950195,2024-01-22,2024-01-27,Liverpool
4.0,Liverpool,ENG,1,1951.73950195,2024-01-28,2024-01-31,Liverpool
3.0,Liverpool,ENG,1,1956.95532227,2024-02-01,2024-02-04,Liverpool
5.0,Liverpool,ENG,1,1946.5657959,2024-02-05,2024-02-10,Liverpool
4.0,Liverpool,ENG,1,1948.6673584,2024-02-11,2024-02-13,Liverpool
4.0,Liverpool,ENG,1,1948.84216309,2024-02-14,2024-02-17,Liverpool
4.0,Liverpool,ENG,1,1956.56726074,2024-02-18,2024-02-21,Liverpool
4.0,Liverpool,ENG,1,1957.47924805,2024-02-22,2024-03-02,Liverpool
4.0,Liverpool,ENG,1,1960.15576172,2024-03-03,2024-03-06,Liverpool
4.0,Liverpool,ENG,1,1960.31994629,2024-03-07,2024-03-07,Liverpool
4.0,Liverpool,ENG,1,1958.17102051,2024-03-08,2024-03-10,Liverpool
4.0,Liverpool,ENG,1,1959.39257812,2024-03-11,2024-03-12,Liverpool
4.0,Liverpool,ENG,1,1958.38269043,2024-03-13,2024-03-14,Liverpool
3.0,Liverpool,ENG,1,1967.71850586,2024-03-15,2024-03-16,Liverpool
4.0,Liverpool,ENG,1,1967.71850586,2024-03-17,2024-03-31,Liverpool
4.0,Liverpool,ENG,1,1970.48022461,2024-04-01,2024-04-04,Liverpool
4.0,Liverpool,ENG,1,1971.76245117,2024-04-05,2024-04-07,Liverpool
5.0,Liverpool,ENG,1,1968.48913574,2024-04-08,2024-04-09,Liverpool
4.0,Liverpool,ENG,1,1967.94213867,2024-04-10,2024-04-11,Liverpool
5.0,Liverpool,ENG,1,1937.83508301,2024-04-12,2024-04-14,Liverpool
5.0,Liverpool,ENG,1,1922.76391602,2024-04-15,2024-04-17,Liverpool
7.0,Liverpool,ENG,1,1918.47851562,2024-04-18,2024-04-18,Liverpool
7.0,Liverpool,ENG,1,1917.16149902,2024-04-19,2024-04-21,Liverpool
7.0,Liverpool,ENG,1,1923.60131836,2024-04-22,2024-04-24,Liverpool
8.0,Liverpool,ENG,1,1905.78405762,2024-04-25,2024-04-27,Liverpool
8.0,Liverpool,ENG,1,1902.7364502,2024-04-28,2024-05-02,Liverpool
8.0,Liverpool,ENG,1,1897.48449707,2024-05-03,2024-05-05,Liverpool
8.0,Liverpool,ENG,1,1903.29663086,2024-05-06,2024-05-09,Liverpool
8.0,Liverpool,ENG,1,1898.97509766,2024-05-10,2024-05-11,Liverpool
7.0,Liverpool,ENG,1,1898.97509766,2024-05-12,2024-05-13,Liverpool
7.0,Liverpool,ENG,1,1897.34411621,2024-05-14,2024-05-19,Liverpool
7.0,Liverpool,ENG,1,1900.68835449,2024-05-20,2024-06-01,Liverpool
6.0,Liverpool,ENG,1,1900.68835449,2024-06-02,2024-08-17,Liverpool
6.0,Liverpool,ENG,1,1903.8449707,2024-08-18,2024-08-22,Liverpool
6.0,Liverpool,ENG,1,1904.10913086,2024-08-23,2024-08-25,Liverpool
6.0,Liverpool,ENG,1,1907.99731445,2024-08-26,2024-08-29,Liverpool
6.0,Liverpool,ENG,1,1908.05358887,2024-08-30,2024-09-01,Liverpool
5.0,Liverpool,ENG,1,1918.21704102,2024-09-02,2024-09-14,Liverpool
7.0,Liverpool,ENG,1,1903.08947754,2024-09-15,2024-09-15,Liverpool
8.0,Liverpool,ENG,1,1903.08947754,2024-09-16,2024-09-17,Liverpool
6.0,Liverpool,ENG,1,1920.68835449,2024-09-18,2024-09-18,Liverpool
6.0,Liverpool,ENG,1,1919.06481934,2024-09-19,2024-09-19,Liverpool
7.0,Liverpool,ENG,1,1918.99365234,2024-09-20,2024-09-21,Liverpool
7.0,Liverpool,ENG,1,1923.20007324,2024-09-22,2024-09-25,Liverpool
7.0,Liverpool,ENG,1,1921.16931152,2024-09-26,2024-09-26,Liverpool
7.0,Liverpool,ENG,1,1922.26672363,2024-09-27,2024-09-28,Liverpool
7.0,Liverpool,ENG,1,1925.48571777,2024-09-29,2024-10-01,Liverpool
6.0,Liverpool,ENG,1,1927.81762695,2024-10-02,2024-10-02,Liverpool
6.0,Liverpool,ENG,1,1935.77246094,2024-10-03,2024-10-03,Liverpool
6.0,Liverpool,ENG,1,1938.56286621,2024-10-04,2024-10-05,Liverpool
5.0,Liverpool,ENG,1,1943.17382812,2024-10-06,2024-10-20,Liverpool
5.0,Liverpool,ENG,1,1947.3112793,2024-10-21,2024-10-22,Liverpool
5.0,Liverpool,ENG,1,1949.53540039,2024-10-23,2024-10-23,Liverpool
5.0,Liverpool,ENG,1,1960.28393555,2024-10-24,2024-10-24,Liverpool
5.0,Liverpool,ENG,1,1962.4465332,2024-10-25,2024-10-26,Liverpool
4.0,Liverpool,ENG,1,1962.4465332,2024-10-27,2024-10-27,Liverpool
3.0,Liverpool,ENG,1,1964.45727539,2024-10-28,2024-10-30,Liverpool
4.0,Liverpool,ENG,1,1964.45727539,2024-10-31,2024-11-02,Liverpool
2.0,Liverpool,ENG,1,1966.94641113,2024-11-03,2024-11-03,Liverpool
3.0,Liverpool,ENG,1,1966.94641113,2024-11-04,2024-11-05,Liverpool
2.0,Liverpool,ENG,1,1973.59423828,2024-11-06,2024-11-06,Liverpool
3.0,Liverpool,ENG,1,1968.99328613,2024-11-07,2024-11-07,Liverpool
3.0,Liverpool,ENG,1,1967.46923828,2024-11-08,2024-11-09,Liverpool
3.0,Liverpool,ENG,1,1971.54846191,2024-11-10,2024-11-24,Liverpool
3.0,Liverpool,ENG,1,1973.15124512,2024-11-25,2024-11-26,Liverpool
3.0,Liverpool,ENG,1,1976.31652832,2024-11-27,2024-11-27,Liverpool
2.0,Liverpool,ENG,1,1985.80151367,2024-11-28,2024-11-28,Liverpool
2.0,Liverpool,ENG,1,1986.95837402,2024-11-29,2024-12-01,Liverpool
1.0,Liverpool,ENG,1,1996.22155762,2024-12-02,2024-12-04,Liverpool
1.0,Liverpool,ENG,1,1992.67333984,2024-12-05,2024-12-10,Liverpool
1.0,Liverpool,ENG,1,2000.01269531,2024-12-11,2024-12-11,Liverpool
1.0,Liverpool,ENG,1,1997.09924316,2024-12-12,2024-12-12,Liverpool
1.0,Liverpool,ENG,1,1998.37512207,2024-12-13,2024-12-14,Liverpool
1.0,Liverpool,ENG,1,1991.3861084,2024-12-15,2024-12-19,Liverpool
1.0,Liverpool,ENG,1,1991.49658203,2024-12-20,2024-12-22,Liverpool
1.0,Liverpool,ENG,1,2000.45349121,2024-12-23,2024-12-26,Liverpool
1.0,Liverpool,ENG,1,2001.8215332,2024-12-27,2024-12-29,Liverpool
1.0,Liverpool,ENG,1,2009.3848877,2024-12-30,2024-12-31,Liverpool
1.0,Liverpool,ENG,1,2009.3848877,2025-01-01,2025-01-05,Liverpool
1.0,Liverpool,ENG,1,2002.21362305,2025-01-06,2025-01-14,Liverpool
1.0,Liverpool,ENG,1,1997.82141113,2025-01-15,2025-01-18,Liverpool
1.0,Liverpool,ENG,1,2002.76049805,2025-01-19,2025-01-21,Liverpool
1.0,Liverpool,ENG,1,2003.55700684,2025-01-22,2025-01-22,Liverpool
1.0,Liverpool,ENG,1,2000.95422363,2025-01-23,2025-01-23,Liverpool
1.0,Liverpool,ENG,1,2003.64904785,2025-01-24,2025-01-25,Liverpool
1.0,Liverpool,ENG,1,2005.02758789,2025-01-26,2025-01-29,Liverpool
2.0,Liverpool,ENG,1,1994.3449707,2025-01-30,2025-01-30,Liverpool
1.0,Liverpool,ENG,1,1996.87426758,2025-01-31,2025-02-01,Liverpool
1.0,Liverpool,ENG,1,2003.5949707,2025-02-02,2025-02-11,Liverpool
1.0,Liverpool,ENG,1,2001.30432129,2025-02-12,2025-02-12,Liverpool
2.0,Liverpool,ENG,1,1995.57910156,2025-02-13,2025-02-16,Liverpool
2.0,Liverpool,ENG,1,1996.9510498,2025-02-17,2025-02-19,Liverpool
2.0,Liverpool,ENG,1,1990.02319336,2025-02-20,2025-02-22,Liverpool
1.0,Liverpool,ENG,1,1990.02319336,2025-02-23,2025-02-23,Liverpool
1.0,Liverpool,ENG,1,2000.49902344,2025-02-24,2025-02-26,Liverpool
1.0,Liverpool,ENG,1,2004.54626465,2025-02-27,2025-03-04,Liverpool
1.0,Liverpool,ENG,1,2009.53674316,2025-03-05,2025-03-05,Liverpool
1.0,Liverpool,ENG,1,2017.36706543,2025-03-06,2025-03-06,Liverpool
1.0,Liverpool,ENG,1,2017.51977539,2025-03-07,2025-03-08,Liverpool
1.0,Liverpool,ENG,1,2018.3112793,2025-03-09,2025-03-11,Liverpool
1.0,Liverpool,ENG,1,2006.08581543,2025-03-12,2025-03-12,Liverpool
1.0,Liverpool,ENG,1,2008.57531738,2025-03-13,2025-03-13,Liverpool
1.0,Liverpool,ENG,1,2014.81518555,2025-03-14,2025-04-02,Liverpool
1.0,Liverpool,ENG,1,2016.74145508,2025-04-03,2025-04-06,Liverpool
1.0,Liverpool,ENG,1,2004.09960938,2025-04-07,2025-04-08,Liverpool
2.0,Liverpool,ENG,1,2007.01037598,2025-04-09,2025-04-09,Liverpool
2.0,Liverpool,ENG,1,2005.63659668,2025-04-10,2025-04-10,Liverpool
2.0,Liverpool,ENG,1,2005.63513184,2025-04-11,2025-04-12,Liverpool
1.0,Liverpool,ENG,1,2005.63513184,2025-04-13,2025-04-13,Liverpool
1.0,Liverpool,ENG,1,2007.41638184,2025-04-14,2025-04-15,Liverpool
1.0,Liverpool,ENG,1,2007.18322754,2025-04-16,2025-04-16,Liverpool
1.0,Liverpool,ENG,1,2008.97998047,2025-04-17,2025-04-17,Liverpool
1.0,Liverpool,ENG,1,2014.234375,2025-04-18,2025-04-20,Liverpool
2.0,Liverpool,ENG,1,2015.68994141,2025-04-21,2025-04-23,Liverpool
1.0,Liverpool,ENG,1,2015.68994141,2025-04-24,2025-04-27,Liverpool
1.0,Liverpool,ENG,1,2020.07727051,2025-04-28,2025-04-29,Liverpool
1.0,Liverpool,ENG,1,2017.22631836,2025-04-30,2025-05-01,Liverpool
1.0,Liverpool,ENG,1,2023.49206543,2025-05-02,2025-05-04,Liverpool
1.0,Liverpool,ENG,1,2008.84020996,2025-05-05,2025-05-07,Liverpool
1.0,Liverpool,ENG,1,2006.31848145,2025-05-08,2025-05-08,Liverpool
1.0,Liverpool,ENG,1,2010.98803711,2025-05-09,2025-05-11,Liverpool
1.0,Liverpool,ENG,1,2008.6887207,2025-05-12,2025-05-19,Liverpool
1.0,Liverpool,ENG,1,1996.72912598,2025-05-20,2025-05-25,Liverpool
1.0,Liverpool,ENG,1,1991.06323242,2025-05-26,2025-05-28,Liverpool
1.0,Liverpool,ENG,1,1993.43103027,2025-05-29,2025-08-15,Liverpool
1.0,Liverpool,ENG,1,1997.51428223,2025-08-16,2025-08-17,Liverpool
2.0,Liverpool,ENG,1,1997.51428223,2025-08-18,2025-08-21,Liverpool
2.0,Liverpool,ENG,1,1997.50366211,2025-08-22,2025-08-25,Liverpool
1.0,Liverpool,ENG,1,2003.34338379,2025-08-26,2025-08-28,Liverpool
1.0,Liverpool,ENG,1,2003.53051758,2025-08-29,2025-08-31,Liverpool
1.0,Liverpool,ENG,1,2010.3112793,2025-09-01,2025-09-14,Liverpool
1.0,Liverpool,ENG,1,2013.1072998,2025-09-15,2025-09-16,Liverpool
1.0,Liverpool,ENG,1,2016.98266602,2025-09-17,2025-09-17,Liverpool
1.0,Liverpool,ENG,1,2017.84643555,2025-09-18,2025-09-18,Liverpool
1.0,Liverpool,ENG,1,2017.05004883,2025-09-19,2025-09-20,Liverpool
1.0,Liverpool,ENG,1,2019.72485352,2025-09-21,2025-09-24,Liverpool
1.0,Liverpool,ENG,1,2020.04162598,2025-09-25,2025-09-25,Liverpool
1.0,Liverpool,ENG,1,2021.2322998,2025-09-26,2025-09-27,Liverpool
1.0,Liverpool,ENG,1,2010.1282959,2025-09-28,2025-09-28,Liverpool
2.0,Liverpool,ENG,1,2010.1282959,2025-09-29,2025-09-30,Liverpool
2.0,Liverpool,ENG,1,1993.18322754,2025-10-01,2025-10-01,Liverpool
2.0,Liverpool,ENG,1,1997.74731445,2025-10-02,2025-10-02,Liverpool
2.0,Liverpool,ENG,1,1997.35180664,2025-10-03,2025-10-04,Liverpool
3.0,Liverpool,ENG,1,1987.67358398,2025-10-05,2025-10-17,Liverpool
2.0,Liverpool,ENG,1,1987.67358398,2025-10-18,2025-10-19,Liverpool
3.0,Liverpool,ENG,1,1974.33056641,2025-10-20,2025-10-21,Liverpool
4.0,Liverpool,ENG,1,1980.45715332,2025-10-22,2025-10-22,Liverpool
3.0,Liverpool,ENG,1,1992.73876953,2025-10-23,2025-10-23,Liverpool
3.0,Liverpool,ENG,1,1985.5670166,2025-10-24,2025-10-25,Liverpool
4.0,Liverpool,ENG,1,1974.45507812,2025-10-26,2025-10-26,Liverpool
3.0,Liverpool,ENG,1,1974.45507812,2025-10-27,2025-11-01,Liverpool
3.0,Liverpool,ENG,1,1980.69421387,2025-11-02,2025-11-04,Liverpool
2.0,Liverpool,ENG,1,1990.05212402,2025-11-05,2025-11-05,Liverpool
3.0,Liverpool,ENG,1,1991.08093262,2025-11-06,2025-11-06,Liverpool
3.0,Liverpool,ENG,1,1990.91772461,2025-11-07,2025-11-09,Liverpool
4.0,Liverpool,ENG,1,1979.05749512,2025-11-10,2025-11-22,Liverpool
5.0,Liverpool,ENG,1,1954.47424316,2025-11-23,2025-11-25,Liverpool
5.0,Liverpool,ENG,1,1949.67858887,2025-11-26,2025-11-26,Liverpool
7.0,Liverpool,ENG,1,1920.46936035,2025-11-27,2025-11-27,Liverpool
6.0,Liverpool,ENG,1,1918.48828125,2025-11-28,2025-11-29,Liverpool
7.0,Liverpool,ENG,1,1918.48828125,2025-11-30,2025-11-30,Liverpool
6.0,Liverpool,ENG,1,1925.00085449,2025-12-01,2025-12-02,Liverpool
7.0,Liverpool,ENG,1,1925.00085449,2025-12-03,2025-12-03,Liverpool
8.0,Liverpool,ENG,1,1917.61376953,2025-12-04,2025-12-06,Liverpool
8.0,Liverpool,ENG,1,1913.50927734,2025-12-07,2025-12-09,Liverpool
6.0,Liverpool,ENG,1,1926.50146484,2025-12-10,2025-12-10,Liverpool
6.0,Liverpool,ENG,1,1931.15270996,2025-12-11,2025-12-11,Liverpool
6.0,Liverpool,ENG,1,1933.28100586,2025-12-12,2025-12-13,Liverpool
5.0,Liverpool,ENG,1,1939.62353516,2025-12-14,2025-12-18,Liverpool
6.0,Liverpool,ENG,1,1936.86437988,2025-12-19,2025-12-20,Liverpool
5.0,Liverpool,ENG,1,1942.93603516,2025-12-21,2025-12-21,Liverpool
6.0,Liverpool,ENG,1,1942.93603516,2025-12-22,2025-12-27,Liverpool
6.0,Liverpool,ENG,1,1944.39245605,2025-12-28,2025-12-31,Liverpool
6.0,Liverpool,ENG,1,1944.39245605,2026-01-01,2026-01-01,Liverpool
6.0,Liverpool,ENG,1,1938.15979004,2026-01-02,2026-01-04,Liverpool
6.0,Liverpool,ENG,1,1935.91760254,2026-01-05,2026-01-08,Liverpool
6.0,Liverpool,ENG,1,1940.71789551,2026-01-09,2026-01-17,Liverpool
6.0,Liverpool,ENG,1,1933.55688477,2026-01-18,2026-01-20,Liverpool
5.0,Liverpool,ENG,1,1934.10339355,2026-01-21,2026-01-21,Liverpool
5.0,Liverpool,ENG,1,1949.87512207,2026-01-22,2026-01-22,Liverpool
5.0,Liverpool,ENG,1,1948.87646484,2026-01-23,2026-01-24,Liverpool
6.0,Liverpool,ENG,1,1938.70385742,2026-01-25,2026-01-28,Liverpool
4.0,Liverpool,ENG,1,1948.29272461,2026-01-29,2026-01-29,Liverpool
4.0,Liverpool,ENG,1,1949.25244141,2026-01-30,2026-01-31,Liverpool
4.0,Liverpool,ENG,1,1958.13635254,2026-02-01,2026-02-08,Liverpool
5.0,Liverpool,ENG,1,1949.05737305,2026-02-09,2026-02-11,Liverpool
5.0,Liverpool,ENG,1,1952.64709473,2026-02-12,2026-02-13,Liverpool
4.0,Liverpool,ENG,1,1952.64709473,2026-02-14,2026-02-18,Liverpool
4.0,Liverpool,ENG,1,1953.14013672,2026-02-19,2026-02-19,Liverpool
4.0,Liverpool,ENG,1,1956.02685547,2026-02-20,2026-02-22,Liverpool
4.0,Liverpool,ENG,1,1961.0402832,2026-02-23,2026-02-24,Liverpool
4.0,Liverpool,ENG,1,1961.27978516,2026-02-25,2026-02-26,Liverpool
4.0,Liverpool,ENG,1,1961.19848633,2026-02-27,2026-02-28,Liverpool
4.0,Liverpool,ENG,1,1965.82727051,2026-03-01,2026-03-03,Liverpool
4.0,Liverpool,ENG,1,1952.20056152,2026-03-04,2026-03-10,Liverpool
5.0,Liverpool,ENG,1,1944.30358887,2026-03-11,2026-03-11,Liverpool
6.0,Liverpool,ENG,1,1936.79321289,2026-03-12,2026-03-12,Liverpool
6.0,Liverpool,ENG,1,1934.18713379,2026-03-13,2026-03-15,Liverpool
7.0,Liverpool,ENG,1,1928.92248535,2026-03-16,2026-03-17,Liverpool
7.0,Liverpool,ENG,1,1924.02966309,2026-03-18,2026-03-18,Liverpool
7.0,Liverpool,ENG,1,1931.68591309,2026-03-19,2026-03-19,Liverpool
7.0,Liverpool,ENG,1,1935.96020508,2026-03-20,2026-03-21,Liverpool
7.0,Liverpool,ENG,1,1926.35253906,2026-03-22,2026-04-07,Liverpool
7.0,Liverpool,ENG,1,1927.23901367,2026-04-08,2026-04-08,Liverpool
7.0,Liverpool,ENG,1,1918.21801758,2026-04-09,2026-04-09,Liverpool
7.0,Liverpool,ENG,1,1922.09924316,2026-04-10,2026-04-11,Liverpool
7.0,Liverpool,ENG,1,1928.14770508,2026-04-12,2026-04-14,Liverpool
7.0,Liverpool,ENG,1,1914.63537598,2026-04-15,2026-04-15,Liverpool
7.0,Liverpool,ENG,1,1914.78527832,2026-04-16,2026-04-19,Liverpool
7.0,Liverpool,ENG,1,1914.78527832,2026-04-20,2026-04-25,Liverpool
7.0,Liverpool,ENG,1,1914.78527832,2026-04-26,2026-05-12,Liverpool
7.0,Liverpool,ENG,1,1914.78527832,2026-05-13,2026-12-31,Liverpool
1.0,Man City,ENG,1,2042.04382324,2024-01-01,2024-01-13,ManCity
1.0,Man City,ENG,1,2045.67199707,2024-01-14,2024-01-31,ManCity
1.0,Man City,ENG,1,2046.8482666,2024-02-01,2024-02-05,ManCity
1.0,Man City,ENG,1,2050.61303711,2024-02-06,2024-02-10,ManCity
1.0,Man City,ENG,1,2052.46118164,2024-02-11,2024-02-13,ManCity
1.0,Man City,ENG,1,2053.20288086,2024-02-14,2024-02-17,ManCity
1.0,Man City,ENG,1,2045.76098633,2024-02-18,2024-02-20,ManCity
1.0,Man City,ENG,1,2047.31591797,2024-02-21,2024-02-21,ManCity
1.0,Man City,ENG,1,2046.02490234,2024-02-22,2024-02-24,ManCity
1.0,Man City,ENG,1,2048.00341797,2024-02-25,2024-03-03,ManCity
1.0,Man City,ENG,1,2051.1862793,2024-03-04,2024-03-06,ManCity
1.0,Man City,ENG,1,2051.87988281,2024-03-07,2024-03-07,ManCity
1.0,Man City,ENG,1,2047.09863281,2024-03-08,2024-03-10,ManCity
1.0,Man City,ENG,1,2045.87719727,2024-03-11,2024-03-12,ManCity
1.0,Man City,ENG,1,2044.86730957,2024-03-13,2024-03-14,ManCity
1.0,Man City,ENG,1,2052.31274414,2024-03-15,2024-03-31,ManCity
1.0,Man City,ENG,1,2048.40942383,2024-04-01,2024-04-03,ManCity
1.0,Man City,ENG,1,2053.0,2024-04-04,2024-04-06,ManCity
1.0,Man City,ENG,1,2055.77124023,2024-04-07,2024-04-09,ManCity
1.0,Man City,ENG,1,2056.72875977,2024-04-10,2024-04-11,ManCity
1.0,Man City,ENG,1,2049.07299805,2024-04-12,2024-04-13,ManCity
1.0,Man City,ENG,1,2050.41162109,2024-04-14,2024-04-17,ManCity
1.0,Man City,ENG,1,2040.66894531,2024-04-18,2024-04-18,ManCity
1.0,Man City,ENG,1,2038.49243164,2024-04-19,2024-04-25,ManCity
1.0,Man City,ENG,1,2044.12402344,2024-04-26,2024-04-28,ManCity
1.0,Man City,ENG,1,2046.36425781,2024-04-29,2024-05-02,ManCity
1.0,Man City,ENG,1,2041.11230469,2024-05-03,2024-05-04,ManCity
1.0,Man City,ENG,1,2043.50134277,2024-05-05,2024-05-09,ManCity
1.0,Man City,ENG,1,2039.17980957,2024-05-10,2024-05-11,ManCity
1.0,Man City,ENG,1,2044.00317383,2024-05-12,2024-05-14,ManCity
1.0,Man City,ENG,1,2048.74291992,2024-05-15,2024-05-19,ManCity
1.0,Man City,ENG,1,2050.57299805,2024-05-20,2024-08-18,ManCity
1.0,Man City,ENG,1,2055.70703125,2024-08-19,2024-08-22,ManCity
1.0,Man City,ENG,1,2055.97094727,2024-08-23,2024-08-24,ManCity
1.0,Man City,ENG,1,2056.78808594,2024-08-25,2024-08-29,ManCity
1.0,Man City,ENG,1,2056.84448242,2024-08-30,2024-08-31,ManCity
1.0,Man City,ENG,1,2060.20605469,2024-09-01,2024-09-14,ManCity
1.0,Man City,ENG,1,2061.40332031,2024-09-15,2024-09-17,ManCity
1.0,Man City,ENG,1,2067.56811523,2024-09-18,2024-09-18,ManCity
1.0,Man City,ENG,1,2060.89306641,2024-09-19,2024-09-19,ManCity
1.0,Man City,ENG,1,2060.82177734,2024-09-20,2024-09-22,ManCity
1.0,Man City,ENG,1,2056.68432617,2024-09-23,2024-09-25,ManCity
1.0,Man City,ENG,1,2054.65356445,2024-09-26,2024-09-26,ManCity
1.0,Man City,ENG,1,2055.75097656,2024-09-27,2024-09-28,ManCity
1.0,Man City,ENG,1,2050.59985352,2024-09-29,2024-10-01,ManCity
1.0,Man City,ENG,1,2053.94091797,2024-10-02,2024-10-02,ManCity
1.0,Man City,ENG,1,2058.02880859,2024-10-03,2024-10-03,ManCity
1.0,Man City,ENG,1,2060.8190918,2024-10-04,2024-10-05,ManCity
1.0,Man City,ENG,1,2062.17504883,2024-10-06,2024-10-20,ManCity
1.0,Man City,ENG,1,2063.75219727,2024-10-21,2024-10-22,ManCity
1.0,Man City,ENG,1,2065.97631836,2024-10-23,2024-10-23,ManCity
1.0,Man City,ENG,1,2071.20898438,2024-10-24,2024-10-24,ManCity
1.0,Man City,ENG,1,2073.37158203,2024-10-25,2024-10-26,ManCity
1.0,Man City,ENG,1,2073.82226562,2024-10-27,2024-11-02,ManCity
1.0,Man City,ENG,1,2059.60058594,2024-11-03,2024-11-05,ManCity
1.0,Man City,ENG,1,2037.55712891,2024-11-06,2024-11-06,ManCity
1.0,Man City,ENG,1,2032.95629883,2024-11-07,2024-11-07,ManCity
1.0,Man City,ENG,1,2031.43212891,2024-11-08,2024-11-09,ManCity
1.0,Man City,ENG,1,2018.31787109,2024-11-10,2024-11-23,ManCity
1.0,Man City,ENG,1,1989.71044922,2024-11-24,2024-11-26,ManCity
1.0,Man City,ENG,1,1985.62084961,2024-11-27,2024-11-27,ManCity
1.0,Man City,ENG,1,1987.73510742,2024-11-28,2024-11-28,ManCity
1.0,Man City,ENG,1,1988.89196777,2024-11-29,2024-12-01,ManCity
2.0,Man City,ENG,1,1979.62878418,2024-12-02,2024-12-04,ManCity
2.0,Man City,ENG,1,1982.75402832,2024-12-05,2024-12-07,ManCity
4.0,Man City,ENG,1,1977.91821289,2024-12-08,2024-12-08,ManCity
3.0,Man City,ENG,1,1977.91821289,2024-12-09,2024-12-10,ManCity
2.0,Man City,ENG,1,1981.85583496,2024-12-11,2024-12-11,ManCity
4.0,Man City,ENG,1,1965.37890625,2024-12-12,2024-12-12,ManCity
4.0,Man City,ENG,1,1966.65490723,2024-12-13,2024-12-15,ManCity
4.0,Man City,ENG,1,1953.09313965,2024-12-16,2024-12-19,ManCity
4.0,Man City,ENG,1,1953.20361328,2024-12-20,2024-12-21,ManCity
5.0,Man City,ENG,1,1942.93371582,2024-12-22,2024-12-26,ManCity
5.0,Man City,ENG,1,1936.16235352,2024-12-27,2024-12-29,ManCity
5.0,Man City,ENG,1,1940.04760742,2024-12-30,2024-12-31,ManCity
5.0,Man City,ENG,1,1940.04760742,2025-01-01,2025-01-04,ManCity
5.0,Man City,ENG,1,1944.19238281,2025-01-05,2025-01-14,ManCity
5.0,Man City,ENG,1,1940.28564453,2025-01-15,2025-01-19,ManCity
5.0,Man City,ENG,1,1945.82751465,2025-01-20,2025-01-21,ManCity
5.0,Man City,ENG,1,1944.2980957,2025-01-22,2025-01-22,ManCity
5.0,Man City,ENG,1,1932.33422852,2025-01-23,2025-01-23,ManCity
5.0,Man City,ENG,1,1935.0291748,2025-01-24,2025-01-25,ManCity
5.0,Man City,ENG,1,1941.82983398,2025-01-26,2025-01-29,ManCity
5.0,Man City,ENG,1,1944.99987793,2025-01-30,2025-01-30,ManCity
5.0,Man City,ENG,1,1947.5291748,2025-01-31,2025-02-02,ManCity
5.0,Man City,ENG,1,1936.29272461,2025-02-03,2025-02-11,ManCity
6.0,Man City,ENG,1,1926.48022461,2025-02-12,2025-02-15,ManCity
5.0,Man City,ENG,1,1934.79211426,2025-02-16,2025-02-19,ManCity
6.0,Man City,ENG,1,1923.4708252,2025-02-20,2025-02-23,ManCity
7.0,Man City,ENG,1,1912.99487305,2025-02-24,2025-02-26,ManCity
7.0,Man City,ENG,1,1919.00488281,2025-02-27,2025-03-04,ManCity
7.0,Man City,ENG,1,1923.99536133,2025-03-05,2025-03-05,ManCity
7.0,Man City,ENG,1,1925.82556152,2025-03-06,2025-03-06,ManCity
8.0,Man City,ENG,1,1925.97827148,2025-03-07,2025-03-08,ManCity
7.0,Man City,ENG,1,1915.63378906,2025-03-09,2025-03-11,ManCity
8.0,Man City,ENG,1,1912.78991699,2025-03-12,2025-03-12,ManCity
8.0,Man City,ENG,1,1915.27954102,2025-03-13,2025-03-13,ManCity
8.0,Man City,ENG,1,1921.51940918,2025-03-14,2025-03-15,ManCity
8.0,Man City,ENG,1,1916.85827637,2025-03-16,2025-04-02,ManCity
8.0,Man City,ENG,1,1918.70727539,2025-04-03,2025-04-06,ManCity
8.0,Man City,ENG,1,1916.52526855,2025-04-07,2025-04-08,ManCity
7.0,Man City,ENG,1,1919.43615723,2025-04-09,2025-04-09,ManCity
7.0,Man City,ENG,1,1918.06237793,2025-04-10,2025-04-10,ManCity
7.0,Man City,ENG,1,1918.06079102,2025-04-11,2025-04-12,ManCity
7.0,Man City,ENG,1,1925.22338867,2025-04-13,2025-04-15,ManCity
7.0,Man City,ENG,1,1924.99023438,2025-04-16,2025-04-16,ManCity
7.0,Man City,ENG,1,1926.7869873,2025-04-17,2025-04-17,ManCity
7.0,Man City,ENG,1,1932.04138184,2025-04-18,2025-04-19,ManCity
6.0,Man City,ENG,1,1939.85681152,2025-04-20,2025-04-22,ManCity
6.0,Man City,ENG,1,1944.5300293,2025-04-23,2025-04-25,ManCity
5.0,Man City,ENG,1,1944.5300293,2025-04-26,2025-04-27,ManCity
4.0,Man City,ENG,1,1944.5300293,2025-04-28,2025-04-29,ManCity
7.0,Man City,ENG,1,1941.67907715,2025-04-30,2025-04-30,ManCity
6.0,Man City,ENG,1,1941.67907715,2025-05-01,2025-05-01,ManCity
4.0,Man City,ENG,1,1947.94482422,2025-05-02,2025-05-02,ManCity
3.0,Man City,ENG,1,1950.57421875,2025-05-03,2025-05-03,ManCity
4.0,Man City,ENG,1,1950.57421875,2025-05-04,2025-05-07,ManCity
4.0,Man City,ENG,1,1948.05249023,2025-05-08,2025-05-08,ManCity
4.0,Man City,ENG,1,1952.7220459,2025-05-09,2025-05-10,ManCity
5.0,Man City,ENG,1,1945.11437988,2025-05-11,2025-05-11,ManCity
6.0,Man City,ENG,1,1945.11437988,2025-05-12,2025-05-18,ManCity
5.0,Man City,ENG,1,1945.11437988,2025-05-19,2025-05-20,ManCity
5.0,Man City,ENG,1,1950.20031738,2025-05-21,2025-05-25,ManCity
3.0,Man City,ENG,1,1957.5880127,2025-05-26,2025-05-28,ManCity
3.0,Man City,ENG,1,1959.95581055,2025-05-29,2025-05-31,ManCity
4.0,Man City,ENG,1,1959.95581055,2025-06-01,2025-08-16,ManCity
4.0,Man City,ENG,1,1967.75598145,2025-08-17,2025-08-21,ManCity
4.0,Man City,ENG,1,1967.74536133,2025-08-22,2025-08-23,ManCity
5.0,Man City,ENG,1,1948.96276855,2025-08-24,2025-08-28,ManCity
5.0,Man City,ENG,1,1949.14978027,2025-08-29,2025-08-31,ManCity
6.0,Man City,ENG,1,1938.97631836,2025-09-01,2025-09-14,ManCity
6.0,Man City,ENG,1,1945.48046875,2025-09-15,2025-09-16,ManCity
4.0,Man City,ENG,1,1949.35571289,2025-09-17,2025-09-17,ManCity
4.0,Man City,ENG,1,1947.75817871,2025-09-18,2025-09-18,ManCity
5.0,Man City,ENG,1,1952.45751953,2025-09-19,2025-09-21,ManCity
5.0,Man City,ENG,1,1955.25170898,2025-09-22,2025-09-24,ManCity
5.0,Man City,ENG,1,1955.56848145,2025-09-25,2025-09-25,ManCity
5.0,Man City,ENG,1,1956.75915527,2025-09-26,2025-09-27,ManCity
4.0,Man City,ENG,1,1961.53356934,2025-09-28,2025-09-28,ManCity
5.0,Man City,ENG,1,1961.53356934,2025-09-29,2025-09-30,ManCity
5.0,Man City,ENG,1,1958.0012207,2025-10-01,2025-10-01,ManCity
4.0,Man City,ENG,1,1959.14050293,2025-10-02,2025-10-02,ManCity
4.0,Man City,ENG,1,1958.74499512,2025-10-03,2025-10-04,ManCity
5.0,Man City,ENG,1,1958.74499512,2025-10-05,2025-10-05,ManCity
4.0,Man City,ENG,1,1963.80517578,2025-10-06,2025-10-18,ManCity
4.0,Man City,ENG,1,1968.88635254,2025-10-19,2025-10-21,ManCity
3.0,Man City,ENG,1,1982.69482422,2025-10-22,2025-10-22,ManCity
4.0,Man City,ENG,1,1986.31018066,2025-10-23,2025-10-23,ManCity
4.0,Man City,ENG,1,1979.13842773,2025-10-24,2025-10-25,ManCity
3.0,Man City,ENG,1,1979.13842773,2025-10-26,2025-10-26,ManCity
4.0,Man City,ENG,1,1969.44555664,2025-10-27,2025-11-01,ManCity
5.0,Man City,ENG,1,1969.44555664,2025-11-02,2025-11-02,ManCity
4.0,Man City,ENG,1,1975.11877441,2025-11-03,2025-11-04,ManCity
4.0,Man City,ENG,1,1979.26025391,2025-11-05,2025-11-05,ManCity
4.0,Man City,ENG,1,1985.76416016,2025-11-06,2025-11-06,ManCity
4.0,Man City,ENG,1,1985.60095215,2025-11-07,2025-11-09,ManCity
2.0,Man City,ENG,1,1997.46118164,2025-11-10,2025-11-22,ManCity
3.0,Man City,ENG,1,1987.46484375,2025-11-23,2025-11-25,ManCity
4.0,Man City,ENG,1,1964.17443848,2025-11-26,2025-11-26,ManCity
4.0,Man City,ENG,1,1958.2635498,2025-11-27,2025-11-27,ManCity
4.0,Man City,ENG,1,1956.28259277,2025-11-28,2025-11-29,ManCity
4.0,Man City,ENG,1,1958.28955078,2025-11-30,2025-12-02,ManCity
4.0,Man City,ENG,1,1963.13427734,2025-12-03,2025-12-06,ManCity
4.0,Man City,ENG,1,1965.78686523,2025-12-07,2025-12-09,ManCity
4.0,Man City,ENG,1,1968.05993652,2025-12-10,2025-12-10,ManCity
3.0,Man City,ENG,1,1981.68115234,2025-12-11,2025-12-11,ManCity
3.0,Man City,ENG,1,1983.80944824,2025-12-12,2025-12-14,ManCity
2.0,Man City,ENG,1,1994.49719238,2025-12-15,2025-12-18,ManCity
2.0,Man City,ENG,1,1991.73791504,2025-12-19,2025-12-20,ManCity
2.0,Man City,ENG,1,1994.96801758,2025-12-21,2025-12-27,ManCity
2.0,Man City,ENG,1,1999.296875,2025-12-28,2025-12-31,ManCity
2.0,Man City,ENG,1,1999.296875,2026-01-01,2026-01-01,ManCity
3.0,Man City,ENG,1,1992.83679199,2026-01-02,2026-01-04,ManCity
3.0,Man City,ENG,1,1988.38427734,2026-01-05,2026-01-07,ManCity
3.0,Man City,ENG,1,1982.90136719,2026-01-08,2026-01-17,ManCity
4.0,Man City,ENG,1,1968.1262207,2026-01-18,2026-01-20,ManCity
4.0,Man City,ENG,1,1949.50305176,2026-01-21,2026-01-21,ManCity
4.0,Man City,ENG,1,1954.93005371,2026-01-22,2026-01-22,ManCity
4.0,Man City,ENG,1,1953.93139648,2026-01-23,2026-01-24,ManCity
4.0,Man City,ENG,1,1956.3782959,2026-01-25,2026-01-28,ManCity
3.0,Man City,ENG,1,1966.50439453,2026-01-29,2026-01-29,ManCity
3.0,Man City,ENG,1,1967.46411133,2026-01-30,2026-02-01,ManCity
3.0,Man City,ENG,1,1964.84411621,2026-02-02,2026-02-08,ManCity
3.0,Man City,ENG,1,1973.9230957,2026-02-09,2026-02-11,ManCity
2.0,Man City,ENG,1,1979.5435791,2026-02-12,2026-02-17,ManCity
3.0,Man City,ENG,1,1979.5435791,2026-02-18,2026-02-18,ManCity
3.0,Man City,ENG,1,1980.03662109,2026-02-19,2026-02-19,ManCity
3.0,Man City,ENG,1,1982.92333984,2026-02-20,2026-02-21,ManCity
2.0,Man City,ENG,1,1987.3067627,2026-02-22,2026-02-24,ManCity
2.0,Man City,ENG,1,1987.54614258,2026-02-25,2026-02-26,ManCity
2.0,Man City,ENG,1,1987.46484375,2026-02-27,2026-02-28,ManCity
2.0,Man City,ENG,1,1991.76306152,2026-03-01,2026-03-04,ManCity
3.0,Man City,ENG,1,1985.62536621,2026-03-05,2026-03-10,ManCity
3.0,Man City,ENG,1,1981.3605957,2026-03-11,2026-03-11,ManCity
3.0,Man City,ENG,1,1959.41870117,2026-03-12,2026-03-12,ManCity
3.0,Man City,ENG,1,1956.81262207,2026-03-13,2026-03-14,ManCity
3.0,Man City,ENG,1,1952.09936523,2026-03-15,2026-03-15,ManCity
4.0,Man City,ENG,1,1952.09936523,2026-03-16,2026-03-17,ManCity
6.0,Man City,ENG,1,1937.74987793,2026-03-18,2026-03-18,ManCity
6.0,Man City,ENG,1,1936.67980957,2026-03-19,2026-03-19,ManCity
6.0,Man City,ENG,1,1940.95410156,2026-03-20,2026-04-07,ManCity
5.0,Man City,ENG,1,1941.84057617,2026-04-08,2026-04-08,ManCity
5.0,Man City,ENG,1,1939.8614502,2026-04-09,2026-04-09,ManCity
5.0,Man City,ENG,1,1943.74255371,2026-04-10,2026-04-12,ManCity
5.0,Man City,ENG,1,1955.78710938,2026-04-13,2026-04-14,ManCity
5.0,Man City,ENG,1,1952.83374023,2026-04-15,2026-04-15,ManCity
5.0,Man City,ENG,1,1952.98376465,2026-04-16,2026-04-19,ManCity
5.0,Man City,ENG,1,1952.98376465,2026-04-20,2026-04-22,ManCity
5.0,Man City,ENG,1,1952.98376465,2026-04-23,2026-05-12,ManCity
5.0,Man City,ENG,1,1952.98376465,2026-05-13,2026-12-31,ManCity
24.0,Man United,ENG,1,1787.94226074,2024-01-01,2024-01-03,ManUnited
25.0,Man United,ENG,1,1787.94226074,2024-01-04,2024-01-14,ManUnited
25.0,Man United,ENG,1,1787.71386719,2024-01-15,2024-01-21,ManUnited
26.0,Man United,ENG,1,1787.71386719,2024-01-22,2024-02-01,ManUnited
24.0,Man United,ENG,1,1796.18847656,2024-02-02,2024-02-03,ManUnited
25.0,Man United,ENG,1,1796.18847656,2024-02-04,2024-02-04,ManUnited
20.0,Man United,ENG,1,1807.65466309,2024-02-05,2024-02-11,ManUnited
16.0,Man United,ENG,1,1818.04870605,2024-02-12,2024-02-13,ManUnited
16.0,Man United,ENG,1,1818.22338867,2024-02-14,2024-02-18,ManUnited
16.0,Man United,ENG,1,1822.62121582,2024-02-19,2024-02-21,ManUnited
16.0,Man United,ENG,1,1821.33007812,2024-02-22,2024-02-24,ManUnited
17.0,Man United,ENG,1,1809.47143555,2024-02-25,2024-02-25,ManUnited
18.0,Man United,ENG,1,1809.47143555,2024-02-26,2024-02-28,ManUnited
17.0,Man United,ENG,1,1809.47143555,2024-02-29,2024-03-02,ManUnited
18.0,Man United,ENG,1,1809.47143555,2024-03-03,2024-03-03,ManUnited
20.0,Man United,ENG,1,1806.28857422,2024-03-04,2024-03-06,ManUnited
20.0,Man United,ENG,1,1806.45275879,2024-03-07,2024-03-07,ManUnited
21.0,Man United,ENG,1,1801.67163086,2024-03-08,2024-03-09,ManUnited
20.0,Man United,ENG,1,1808.25622559,2024-03-10,2024-03-12,ManUnited
19.0,Man United,ENG,1,1807.24645996,2024-03-13,2024-03-13,ManUnited
17.0,Man United,ENG,1,1807.24645996,2024-03-14,2024-03-14,ManUnited
17.0,Man United,ENG,1,1814.69177246,2024-03-15,2024-03-17,ManUnited
18.0,Man United,ENG,1,1814.69177246,2024-03-18,2024-03-30,ManUnited
19.0,Man United,ENG,1,1813.36010742,2024-03-31,2024-04-01,ManUnited
18.0,Man United,ENG,1,1813.36010742,2024-04-02,2024-04-04,ManUnited
19.0,Man United,ENG,1,1805.86230469,2024-04-05,2024-04-06,ManUnited
20.0,Man United,ENG,1,1805.86230469,2024-04-07,2024-04-07,ManUnited
20.0,Man United,ENG,1,1809.13562012,2024-04-08,2024-04-09,ManUnited
20.0,Man United,ENG,1,1808.58850098,2024-04-10,2024-04-11,ManUnited
21.0,Man United,ENG,1,1800.93273926,2024-04-12,2024-04-13,ManUnited
21.0,Man United,ENG,1,1799.70422363,2024-04-14,2024-04-17,ManUnited
22.0,Man United,ENG,1,1795.41882324,2024-04-18,2024-04-18,ManUnited
22.0,Man United,ENG,1,1793.24230957,2024-04-19,2024-04-22,ManUnited
23.0,Man United,ENG,1,1793.24230957,2024-04-23,2024-04-24,ManUnited
22.0,Man United,ENG,1,1796.22485352,2024-04-25,2024-04-25,ManUnited
23.0,Man United,ENG,1,1796.22485352,2024-04-26,2024-04-27,ManUnited
24.0,Man United,ENG,1,1790.73913574,2024-04-28,2024-05-02,ManUnited
26.0,Man United,ENG,1,1785.48718262,2024-05-03,2024-05-04,ManUnited
27.0,Man United,ENG,1,1785.48718262,2024-05-05,2024-05-06,ManUnited
30.0,Man United,ENG,1,1768.97131348,2024-05-07,2024-05-09,ManUnited
31.0,Man United,ENG,1,1764.64978027,2024-05-10,2024-05-12,ManUnited
33.0,Man United,ENG,1,1759.73901367,2024-05-13,2024-05-15,ManUnited
31.0,Man United,ENG,1,1767.1619873,2024-05-16,2024-05-19,ManUnited
27.0,Man United,ENG,1,1779.04394531,2024-05-20,2024-05-29,ManUnited
26.0,Man United,ENG,1,1779.04394531,2024-05-30,2024-08-01,ManUnited
27.0,Man United,ENG,1,1779.04394531,2024-08-02,2024-08-16,ManUnited
27.0,Man United,ENG,1,1784.11804199,2024-08-17,2024-08-22,ManUnited
27.0,Man United,ENG,1,1784.38208008,2024-08-23,2024-08-24,ManUnited
29.0,Man United,ENG,1,1776.4822998,2024-08-25,2024-08-29,ManUnited
26.0,Man United,ENG,1,1776.53857422,2024-08-30,2024-08-31,ManUnited
27.0,Man United,ENG,1,1776.53857422,2024-09-01,2024-09-01,ManUnited
31.0,Man United,ENG,1,1766.37512207,2024-09-02,2024-09-13,ManUnited
30.0,Man United,ENG,1,1766.37512207,2024-09-14,2024-09-14,ManUnited
27.0,Man United,ENG,1,1774.50061035,2024-09-15,2024-09-15,ManUnited
28.0,Man United,ENG,1,1774.50061035,2024-09-16,2024-09-16,ManUnited
29.0,Man United,ENG,1,1774.50061035,2024-09-17,2024-09-17,ManUnited
27.0,Man United,ENG,1,1780.66564941,2024-09-18,2024-09-18,ManUnited
27.0,Man United,ENG,1,1779.04199219,2024-09-19,2024-09-19,ManUnited
28.0,Man United,ENG,1,1778.9708252,2024-09-20,2024-09-21,ManUnited
27.0,Man United,ENG,1,1779.30285645,2024-09-22,2024-09-25,ManUnited
28.0,Man United,ENG,1,1770.94348145,2024-09-26,2024-09-26,ManUnited
29.0,Man United,ENG,1,1772.04089355,2024-09-27,2024-09-28,ManUnited
30.0,Man United,ENG,1,1772.04089355,2024-09-29,2024-09-29,ManUnited
35.0,Man United,ENG,1,1756.99694824,2024-09-30,2024-09-30,ManUnited
36.0,Man United,ENG,1,1756.99694824,2024-10-01,2024-10-01,ManUnited
36.0,Man United,ENG,1,1759.32873535,2024-10-02,2024-10-02,ManUnited
33.0,Man United,ENG,1,1763.41674805,2024-10-03,2024-10-03,ManUnited
30.0,Man United,ENG,1,1769.56494141,2024-10-04,2024-10-06,ManUnited
30.0,Man United,ENG,1,1772.51831055,2024-10-07,2024-10-19,ManUnited
30.0,Man United,ENG,1,1777.80749512,2024-10-20,2024-10-22,ManUnited
29.0,Man United,ENG,1,1780.03161621,2024-10-23,2024-10-23,ManUnited
28.0,Man United,ENG,1,1783.12402344,2024-10-24,2024-10-24,ManUnited
28.0,Man United,ENG,1,1784.85412598,2024-10-25,2024-10-27,ManUnited
30.0,Man United,ENG,1,1777.35876465,2024-10-28,2024-10-30,ManUnited
29.0,Man United,ENG,1,1777.35876465,2024-10-31,2024-11-02,ManUnited
30.0,Man United,ENG,1,1777.35876465,2024-11-03,2024-11-03,ManUnited
29.0,Man United,ENG,1,1777.99157715,2024-11-04,2024-11-05,ManUnited
30.0,Man United,ENG,1,1775.02307129,2024-11-06,2024-11-06,ManUnited
30.0,Man United,ENG,1,1770.42224121,2024-11-07,2024-11-07,ManUnited
30.0,Man United,ENG,1,1772.18933105,2024-11-08,2024-11-10,ManUnited
30.0,Man United,ENG,1,1778.55029297,2024-11-11,2024-11-24,ManUnited
30.0,Man United,ENG,1,1774.88769531,2024-11-25,2024-11-26,ManUnited
30.0,Man United,ENG,1,1778.05297852,2024-11-27,2024-11-27,ManUnited
29.0,Man United,ENG,1,1780.16723633,2024-11-28,2024-11-28,ManUnited
29.0,Man United,ENG,1,1783.57092285,2024-11-29,2024-11-30,ManUnited
28.0,Man United,ENG,1,1783.57092285,2024-12-01,2024-12-01,ManUnited
25.0,Man United,ENG,1,1792.86169434,2024-12-02,2024-12-04,ManUnited
26.0,Man United,ENG,1,1788.9197998,2024-12-05,2024-12-07,ManUnited
29.0,Man United,ENG,1,1777.3548584,2024-12-08,2024-12-10,ManUnited
28.0,Man United,ENG,1,1781.2923584,2024-12-11,2024-12-11,ManUnited
28.0,Man United,ENG,1,1778.37890625,2024-12-12,2024-12-12,ManUnited
27.0,Man United,ENG,1,1785.75878906,2024-12-13,2024-12-15,ManUnited
26.0,Man United,ENG,1,1799.32043457,2024-12-16,2024-12-19,ManUnited
25.0,Man United,ENG,1,1799.4309082,2024-12-20,2024-12-22,ManUnited
29.0,Man United,ENG,1,1780.73681641,2024-12-23,2024-12-26,ManUnited
32.0,Man United,ENG,1,1767.69006348,2024-12-27,2024-12-30,ManUnited
36.0,Man United,ENG,1,1756.40222168,2024-12-31,2024-12-31,ManUnited
36.0,Man United,ENG,1,1756.40222168,2025-01-01,2025-01-04,ManUnited
37.0,Man United,ENG,1,1756.40222168,2025-01-05,2025-01-05,ManUnited
35.0,Man United,ENG,1,1763.57348633,2025-01-06,2025-01-14,ManUnited
34.0,Man United,ENG,1,1763.57348633,2025-01-15,2025-01-15,ManUnited
35.0,Man United,ENG,1,1763.57348633,2025-01-16,2025-01-16,ManUnited
32.0,Man United,ENG,1,1767.04736328,2025-01-17,2025-01-18,ManUnited
33.0,Man United,ENG,1,1767.04736328,2025-01-19,2025-01-19,ManUnited
38.0,Man United,ENG,1,1753.6204834,2025-01-20,2025-01-21,ManUnited
38.0,Man United,ENG,1,1752.09106445,2025-01-22,2025-01-22,ManUnited
39.0,Man United,ENG,1,1749.48815918,2025-01-23,2025-01-23,ManUnited
37.0,Man United,ENG,1,1755.2857666,2025-01-24,2025-01-25,ManUnited
35.0,Man United,ENG,1,1755.2857666,2025-01-26,2025-01-26,ManUnited
31.0,Man United,ENG,1,1764.88977051,2025-01-27,2025-01-29,ManUnited
32.0,Man United,ENG,1,1765.01867676,2025-01-30,2025-01-30,ManUnited
28.0,Man United,ENG,1,1773.3840332,2025-01-31,2025-02-01,ManUnited
29.0,Man United,ENG,1,1773.3840332,2025-02-02,2025-02-02,ManUnited
34.0,Man United,ENG,1,1759.91491699,2025-02-03,2025-02-07,ManUnited
33.0,Man United,ENG,1,1759.91491699,2025-02-08,2025-02-08,ManUnited
32.0,Man United,ENG,1,1759.91491699,2025-02-09,2025-02-09,ManUnited
33.0,Man United,ENG,1,1759.91491699,2025-02-10,2025-02-11,ManUnited
36.0,Man United,ENG,1,1757.62438965,2025-02-12,2025-02-12,ManUnited
35.0,Man United,ENG,1,1757.62438965,2025-02-13,2025-02-14,ManUnited
36.0,Man United,ENG,1,1757.62438965,2025-02-15,2025-02-15,ManUnited
35.0,Man United,ENG,1,1757.62438965,2025-02-16,2025-02-16,ManUnited
37.0,Man United,ENG,1,1751.70544434,2025-02-17,2025-02-18,ManUnited
38.0,Man United,ENG,1,1751.70544434,2025-02-19,2025-02-19,ManUnited
39.0,Man United,ENG,1,1749.05932617,2025-02-20,2025-02-21,ManUnited
40.0,Man United,ENG,1,1749.05932617,2025-02-22,2025-02-22,ManUnited
37.0,Man United,ENG,1,1750.26757812,2025-02-23,2025-02-23,ManUnited
36.0,Man United,ENG,1,1750.26757812,2025-02-24,2025-02-26,ManUnited
36.0,Man United,ENG,1,1753.37597656,2025-02-27,2025-02-28,ManUnited
37.0,Man United,ENG,1,1753.37597656,2025-03-01,2025-03-01,ManUnited
36.0,Man United,ENG,1,1753.37597656,2025-03-02,2025-03-04,ManUnited
35.0,Man United,ENG,1,1758.36633301,2025-03-05,2025-03-05,ManUnited
35.0,Man United,ENG,1,1760.1965332,2025-03-06,2025-03-06,ManUnited
34.0,Man United,ENG,1,1762.44030762,2025-03-07,2025-03-08,ManUnited
32.0,Man United,ENG,1,1762.44030762,2025-03-09,2025-03-09,ManUnited
31.0,Man United,ENG,1,1767.21264648,2025-03-10,2025-03-11,ManUnited
31.0,Man United,ENG,1,1764.36877441,2025-03-12,2025-03-12,ManUnited
32.0,Man United,ENG,1,1766.85827637,2025-03-13,2025-03-13,ManUnited
24.0,Man United,ENG,1,1785.16943359,2025-03-14,2025-03-15,ManUnited
25.0,Man United,ENG,1,1785.16943359,2025-03-16,2025-03-16,ManUnited
23.0,Man United,ENG,1,1793.29663086,2025-03-17,2025-04-01,ManUnited
25.0,Man United,ENG,1,1786.94384766,2025-04-02,2025-04-02,ManUnited
24.0,Man United,ENG,1,1786.94384766,2025-04-03,2025-04-06,ManUnited
26.0,Man United,ENG,1,1789.12573242,2025-04-07,2025-04-08,ManUnited
24.0,Man United,ENG,1,1792.03662109,2025-04-09,2025-04-09,ManUnited
25.0,Man United,ENG,1,1790.6628418,2025-04-10,2025-04-10,ManUnited
21.0,Man United,ENG,1,1793.10852051,2025-04-11,2025-04-13,ManUnited
23.0,Man United,ENG,1,1784.00634766,2025-04-14,2025-04-14,ManUnited
24.0,Man United,ENG,1,1784.00634766,2025-04-15,2025-04-15,ManUnited
25.0,Man United,ENG,1,1783.77319336,2025-04-16,2025-04-16,ManUnited
24.0,Man United,ENG,1,1785.56994629,2025-04-17,2025-04-17,ManUnited
20.0,Man United,ENG,1,1797.18127441,2025-04-18,2025-04-19,ManUnited
19.0,Man United,ENG,1,1797.18127441,2025-04-20,2025-04-20,ManUnited
28.0,Man United,ENG,1,1786.09960938,2025-04-21,2025-04-23,ManUnited
29.0,Man United,ENG,1,1786.09960938,2025-04-24,2025-04-27,ManUnited
27.0,Man United,ENG,1,1788.02929688,2025-04-28,2025-04-29,ManUnited
28.0,Man United,ENG,1,1785.17834473,2025-04-30,2025-05-01,ManUnited
16.0,Man United,ENG,1,1807.66638184,2025-05-02,2025-05-03,ManUnited
17.0,Man United,ENG,1,1807.66638184,2025-05-04,2025-05-04,ManUnited
22.0,Man United,ENG,1,1801.12573242,2025-05-05,2025-05-07,ManUnited
23.0,Man United,ENG,1,1798.60400391,2025-05-08,2025-05-08,ManUnited
19.0,Man United,ENG,1,1813.2265625,2025-05-09,2025-05-10,ManUnited
18.0,Man United,ENG,1,1813.2265625,2025-05-11,2025-05-11,ManUnited
25.0,Man United,ENG,1,1797.17443848,2025-05-12,2025-05-16,ManUnited
28.0,Man United,ENG,1,1792.51977539,2025-05-17,2025-05-17,ManUnited
27.0,Man United,ENG,1,1792.51977539,2025-05-18,2025-05-18,ManUnited
26.0,Man United,ENG,1,1792.51977539,2025-05-19,2025-05-21,ManUnited
32.0,Man United,ENG,1,1784.23608398,2025-05-22,2025-05-25,ManUnited
24.0,Man United,ENG,1,1797.13452148,2025-05-26,2025-05-28,ManUnited
24.0,Man United,ENG,1,1799.50231934,2025-05-29,2025-07-31,ManUnited
25.0,Man United,ENG,1,1799.50231934,2025-08-01,2025-08-06,ManUnited
26.0,Man United,ENG,1,1799.50231934,2025-08-07,2025-08-14,ManUnited
27.0,Man United,ENG,1,1799.50231934,2025-08-15,2025-08-17,ManUnited
27.0,Man United,ENG,1,1794.9786377,2025-08-18,2025-08-21,ManUnited
27.0,Man United,ENG,1,1794.96801758,2025-08-22,2025-08-23,ManUnited
28.0,Man United,ENG,1,1794.96801758,2025-08-24,2025-08-24,ManUnited
29.0,Man United,ENG,1,1796.0201416,2025-08-25,2025-08-25,ManUnited
30.0,Man United,ENG,1,1796.0201416,2025-08-26,2025-08-28,ManUnited
30.0,Man United,ENG,1,1796.20727539,2025-08-29,2025-08-30,ManUnited
25.0,Man United,ENG,1,1801.46630859,2025-08-31,2025-09-14,ManUnited
28.0,Man United,ENG,1,1794.9621582,2025-09-15,2025-09-16,ManUnited
26.0,Man United,ENG,1,1798.83752441,2025-09-17,2025-09-17,ManUnited
26.0,Man United,ENG,1,1797.23999023,2025-09-18,2025-09-18,ManUnited
26.0,Man United,ENG,1,1796.44360352,2025-09-19,2025-09-20,ManUnited
23.0,Man United,ENG,1,1806.01635742,2025-09-21,2025-09-24,ManUnited
23.0,Man United,ENG,1,1806.33312988,2025-09-25,2025-09-25,ManUnited
23.0,Man United,ENG,1,1807.52380371,2025-09-26,2025-09-27,ManUnited
26.0,Man United,ENG,1,1797.26501465,2025-09-28,2025-09-28,ManUnited
27.0,Man United,ENG,1,1797.26501465,2025-09-29,2025-09-30,ManUnited
28.0,Man United,ENG,1,1793.73266602,2025-10-01,2025-10-01,ManUnited
26.0,Man United,ENG,1,1798.296875,2025-10-02,2025-10-02,ManUnited
27.0,Man United,ENG,1,1797.90136719,2025-10-03,2025-10-04,ManUnited
24.0,Man United,ENG,1,1802.18432617,2025-10-05,2025-10-05,ManUnited
25.0,Man United,ENG,1,1802.18432617,2025-10-06,2025-10-19,ManUnited
21.0,Man United,ENG,1,1815.52734375,2025-10-20,2025-10-21,ManUnited
19.0,Man United,ENG,1,1821.65393066,2025-10-22,2025-10-22,ManUnited
17.0,Man United,ENG,1,1825.26916504,2025-10-23,2025-10-23,ManUnited
19.0,Man United,ENG,1,1818.09741211,2025-10-24,2025-10-25,ManUnited
18.0,Man United,ENG,1,1828.62695312,2025-10-26,2025-10-26,ManUnited
20.0,Man United,ENG,1,1828.62695312,2025-10-27,2025-11-01,ManUnited
17.0,Man United,ENG,1,1827.84118652,2025-11-02,2025-11-04,ManUnited
17.0,Man United,ENG,1,1831.98266602,2025-11-05,2025-11-05,ManUnited
18.0,Man United,ENG,1,1833.01147461,2025-11-06,2025-11-06,ManUnited
18.0,Man United,ENG,1,1832.8482666,2025-11-07,2025-11-08,ManUnited
18.0,Man United,ENG,1,1834.22058105,2025-11-09,2025-11-22,ManUnited
17.0,Man United,ENG,1,1834.22058105,2025-11-23,2025-11-24,ManUnited
19.0,Man United,ENG,1,1823.98059082,2025-11-25,2025-11-25,ManUnited
20.0,Man United,ENG,1,1819.18493652,2025-11-26,2025-11-26,ManUnited
22.0,Man United,ENG,1,1813.27404785,2025-11-27,2025-11-27,ManUnited
23.0,Man United,ENG,1,1811.29296875,2025-11-28,2025-11-30,ManUnited
18.0,Man United,ENG,1,1821.4753418,2025-12-01,2025-12-04,ManUnited
19.0,Man United,ENG,1,1817.47363281,2025-12-05,2025-12-08,ManUnited
18.0,Man United,ENG,1,1826.48144531,2025-12-09,2025-12-09,ManUnited
18.0,Man United,ENG,1,1828.7545166,2025-12-10,2025-12-10,ManUnited
17.0,Man United,ENG,1,1833.40576172,2025-12-11,2025-12-11,ManUnited
17.0,Man United,ENG,1,1835.53405762,2025-12-12,2025-12-15,ManUnited
17.0,Man United,ENG,1,1833.13671875,2025-12-16,2025-12-18,ManUnited
17.0,Man United,ENG,1,1830.37744141,2025-12-19,2025-12-20,ManUnited
16.0,Man United,ENG,1,1830.37744141,2025-12-21,2025-12-21,ManUnited
16.0,Man United,ENG,1,1825.93054199,2025-12-22,2025-12-23,ManUnited
17.0,Man United,ENG,1,1825.93054199,2025-12-24,2025-12-26,ManUnited
15.0,Man United,ENG,1,1833.29650879,2025-12-27,2025-12-30,ManUnited
17.0,Man United,ENG,1,1827.09802246,2025-12-31,2025-12-31,ManUnited
17.0,Man United,ENG,1,1827.09802246,2026-01-01,2026-01-02,ManUnited
16.0,Man United,ENG,1,1827.09802246,2026-01-03,2026-01-04,ManUnited
18.0,Man United,ENG,1,1826.75476074,2026-01-05,2026-01-07,ManUnited
19.0,Man United,ENG,1,1824.42858887,2026-01-08,2026-01-08,ManUnited
18.0,Man United,ENG,1,1824.42858887,2026-01-09,2026-01-14,ManUnited
17.0,Man United,ENG,1,1824.42858887,2026-01-15,2026-01-15,ManUnited
18.0,Man United,ENG,1,1824.42858887,2026-01-16,2026-01-17,ManUnited
14.0,Man United,ENG,1,1839.20361328,2026-01-18,2026-01-20,ManUnited
14.0,Man United,ENG,1,1839.75012207,2026-01-21,2026-01-21,ManUnited
13.0,Man United,ENG,1,1845.17712402,2026-01-22,2026-01-22,ManUnited
13.0,Man United,ENG,1,1844.1784668,2026-01-23,2026-01-24,ManUnited
14.0,Man United,ENG,1,1844.1784668,2026-01-25,2026-01-25,ManUnited
13.0,Man United,ENG,1,1858.47668457,2026-01-26,2026-01-28,ManUnited
12.0,Man United,ENG,1,1866.20507812,2026-01-29,2026-01-29,ManUnited
12.0,Man United,ENG,1,1867.16467285,2026-01-30,2026-02-01,ManUnited
12.0,Man United,ENG,1,1872.81311035,2026-02-02,2026-02-07,ManUnited
11.0,Man United,ENG,1,1880.65136719,2026-02-08,2026-02-10,ManUnited
11.0,Man United,ENG,1,1878.11999512,2026-02-11,2026-02-18,ManUnited
11.0,Man United,ENG,1,1878.61291504,2026-02-19,2026-02-19,ManUnited
11.0,Man United,ENG,1,1881.49963379,2026-02-20,2026-02-23,ManUnited
11.0,Man United,ENG,1,1889.09558105,2026-02-24,2026-02-24,ManUnited
11.0,Man United,ENG,1,1889.33508301,2026-02-25,2026-02-26,ManUnited
11.0,Man United,ENG,1,1889.25378418,2026-02-27,2026-03-01,ManUnited
11.0,Man United,ENG,1,1894.28833008,2026-03-02,2026-03-04,ManUnited
11.0,Man United,ENG,1,1886.62731934,2026-03-05,2026-03-10,ManUnited
11.0,Man United,ENG,1,1882.36254883,2026-03-11,2026-03-11,ManUnited
11.0,Man United,ENG,1,1874.85205078,2026-03-12,2026-03-12,ManUnited
11.0,Man United,ENG,1,1872.24609375,2026-03-13,2026-03-15,ManUnited
10.0,Man United,ENG,1,1882.92358398,2026-03-16,2026-03-17,ManUnited
10.0,Man United,ENG,1,1878.03076172,2026-03-18,2026-03-18,ManUnited
10.0,Man United,ENG,1,1876.96057129,2026-03-19,2026-03-19,ManUnited
10.0,Man United,ENG,1,1881.23498535,2026-03-20,2026-03-20,ManUnited
10.0,Man United,ENG,1,1880.53747559,2026-03-21,2026-03-21,ManUnited
9.0,Man United,ENG,1,1880.53747559,2026-03-22,2026-03-22,ManUnited
10.0,Man United,ENG,1,1880.53747559,2026-03-23,2026-04-07,ManUnited
10.0,Man United,ENG,1,1881.42382812,2026-04-08,2026-04-08,ManUnited
10.0,Man United,ENG,1,1879.44470215,2026-04-09,2026-04-09,ManUnited
10.0,Man United,ENG,1,1883.32580566,2026-04-10,2026-04-13,ManUnited
10.0,Man United,ENG,1,1871.64477539,2026-04-14,2026-04-14,ManUnited
10.0,Man United,ENG,1,1868.69140625,2026-04-15,2026-04-15,ManUnited
10.0,Man United,ENG,1,1868.84143066,2026-04-16,2026-04-18,ManUnited
10.0,Man United,ENG,1,1868.84143066,2026-04-19,2026-04-27,ManUnited
10.0,Man United,ENG,1,1868.84143066,2026-04-28,2026-05-12,ManUnited
10.0,Man United,ENG,1,1868.84143066,2026-05-13,2026-12-31,ManUnited
23.0,Newcastle,ENG,1,1802.77978516,2024-01-01,2024-01-01,Newcastle
23.0,Newcastle,ENG,1,1797.72485352,2024-01-02,2024-01-13,Newcastle
23.0,Newcastle,ENG,1,1794.09667969,2024-01-14,2024-01-21,Newcastle
24.0,Newcastle,ENG,1,1794.09667969,2024-01-22,2024-01-30,Newcastle
19.0,Newcastle,ENG,1,1809.53149414,2024-01-31,2024-02-03,Newcastle
20.0,Newcastle,ENG,1,1803.62768555,2024-02-04,2024-02-04,Newcastle
21.0,Newcastle,ENG,1,1803.62768555,2024-02-05,2024-02-10,Newcastle
18.0,Newcastle,ENG,1,1809.46362305,2024-02-11,2024-02-13,Newcastle
18.0,Newcastle,ENG,1,1809.63830566,2024-02-14,2024-02-14,Newcastle
19.0,Newcastle,ENG,1,1809.63830566,2024-02-15,2024-02-17,Newcastle
21.0,Newcastle,ENG,1,1805.16210938,2024-02-18,2024-02-18,Newcastle
22.0,Newcastle,ENG,1,1805.16210938,2024-02-19,2024-02-21,Newcastle
22.0,Newcastle,ENG,1,1803.87109375,2024-02-22,2024-02-24,Newcastle
22.0,Newcastle,ENG,1,1797.59436035,2024-02-25,2024-02-25,Newcastle
23.0,Newcastle,ENG,1,1797.59436035,2024-02-26,2024-03-02,Newcastle
20.0,Newcastle,ENG,1,1807.39550781,2024-03-03,2024-03-03,Newcastle
19.0,Newcastle,ENG,1,1807.39550781,2024-03-04,2024-03-06,Newcastle
19.0,Newcastle,ENG,1,1807.55969238,2024-03-07,2024-03-07,Newcastle
20.0,Newcastle,ENG,1,1802.77856445,2024-03-08,2024-03-09,Newcastle
21.0,Newcastle,ENG,1,1802.77856445,2024-03-10,2024-03-11,Newcastle
23.0,Newcastle,ENG,1,1795.28967285,2024-03-12,2024-03-12,Newcastle
23.0,Newcastle,ENG,1,1794.27990723,2024-03-13,2024-03-14,Newcastle
22.0,Newcastle,ENG,1,1801.72521973,2024-03-15,2024-03-17,Newcastle
23.0,Newcastle,ENG,1,1801.72521973,2024-03-18,2024-03-30,Newcastle
20.0,Newcastle,ENG,1,1808.20703125,2024-03-31,2024-04-02,Newcastle
20.0,Newcastle,ENG,1,1804.07421875,2024-04-03,2024-04-06,Newcastle
19.0,Newcastle,ENG,1,1811.38879395,2024-04-07,2024-04-09,Newcastle
19.0,Newcastle,ENG,1,1810.84179688,2024-04-10,2024-04-11,Newcastle
20.0,Newcastle,ENG,1,1803.18591309,2024-04-12,2024-04-13,Newcastle
19.0,Newcastle,ENG,1,1818.04467773,2024-04-14,2024-04-17,Newcastle
19.0,Newcastle,ENG,1,1813.75927734,2024-04-18,2024-04-18,Newcastle
19.0,Newcastle,ENG,1,1811.58276367,2024-04-19,2024-04-24,Newcastle
21.0,Newcastle,ENG,1,1798.60559082,2024-04-25,2024-04-27,Newcastle
19.0,Newcastle,ENG,1,1802.54431152,2024-04-28,2024-05-02,Newcastle
20.0,Newcastle,ENG,1,1797.2923584,2024-05-03,2024-05-04,Newcastle
18.0,Newcastle,ENG,1,1806.48522949,2024-05-05,2024-05-05,Newcastle
17.0,Newcastle,ENG,1,1806.48522949,2024-05-06,2024-05-09,Newcastle
19.0,Newcastle,ENG,1,1802.16369629,2024-05-10,2024-05-11,Newcastle
21.0,Newcastle,ENG,1,1798.55895996,2024-05-12,2024-05-12,Newcastle
20.0,Newcastle,ENG,1,1798.55895996,2024-05-13,2024-05-15,Newcastle
22.0,Newcastle,ENG,1,1791.13598633,2024-05-16,2024-05-19,Newcastle
21.0,Newcastle,ENG,1,1801.79711914,2024-05-20,2024-05-24,Newcastle
20.0,Newcastle,ENG,1,1801.79711914,2024-05-25,2024-08-17,Newcastle
20.0,Newcastle,ENG,1,1804.30651855,2024-08-18,2024-08-22,Newcastle
20.0,Newcastle,ENG,1,1804.57055664,2024-08-23,2024-08-24,Newcastle
19.0,Newcastle,ENG,1,1804.57055664,2024-08-25,2024-08-25,Newcastle
18.0,Newcastle,ENG,1,1802.95727539,2024-08-26,2024-08-29,Newcastle
18.0,Newcastle,ENG,1,1803.0135498,2024-08-30,2024-09-01,Newcastle
18.0,Newcastle,ENG,1,1809.33227539,2024-09-02,2024-09-15,Newcastle
18.0,Newcastle,ENG,1,1814.86706543,2024-09-16,2024-09-17,Newcastle
17.0,Newcastle,ENG,1,1821.03198242,2024-09-18,2024-09-18,Newcastle
17.0,Newcastle,ENG,1,1819.40844727,2024-09-19,2024-09-19,Newcastle
17.0,Newcastle,ENG,1,1819.3371582,2024-09-20,2024-09-21,Newcastle
18.0,Newcastle,ENG,1,1806.34179688,2024-09-22,2024-09-22,Newcastle
19.0,Newcastle,ENG,1,1806.34179688,2024-09-23,2024-09-25,Newcastle
19.0,Newcastle,ENG,1,1804.31103516,2024-09-26,2024-09-26,Newcastle
19.0,Newcastle,ENG,1,1805.40844727,2024-09-27,2024-09-28,Newcastle
19.0,Newcastle,ENG,1,1810.55957031,2024-09-29,2024-09-29,Newcastle
20.0,Newcastle,ENG,1,1810.55957031,2024-09-30,2024-10-01,Newcastle
19.0,Newcastle,ENG,1,1812.89147949,2024-10-02,2024-10-02,Newcastle
19.0,Newcastle,ENG,1,1816.97937012,2024-10-03,2024-10-03,Newcastle
18.0,Newcastle,ENG,1,1819.76977539,2024-10-04,2024-10-05,Newcastle
19.0,Newcastle,ENG,1,1817.79101562,2024-10-06,2024-10-06,Newcastle
17.0,Newcastle,ENG,1,1817.79101562,2024-10-07,2024-10-19,Newcastle
21.0,Newcastle,ENG,1,1806.56445312,2024-10-20,2024-10-22,Newcastle
23.0,Newcastle,ENG,1,1808.78857422,2024-10-23,2024-10-23,Newcastle
21.0,Newcastle,ENG,1,1811.88098145,2024-10-24,2024-10-24,Newcastle
20.0,Newcastle,ENG,1,1814.04370117,2024-10-25,2024-10-27,Newcastle
21.0,Newcastle,ENG,1,1808.85473633,2024-10-28,2024-10-29,Newcastle
22.0,Newcastle,ENG,1,1808.85473633,2024-10-30,2024-10-31,Newcastle
23.0,Newcastle,ENG,1,1808.85473633,2024-11-01,2024-11-02,Newcastle
18.0,Newcastle,ENG,1,1819.32922363,2024-11-03,2024-11-03,Newcastle
17.0,Newcastle,ENG,1,1819.32922363,2024-11-04,2024-11-05,Newcastle
19.0,Newcastle,ENG,1,1816.36083984,2024-11-06,2024-11-06,Newcastle
21.0,Newcastle,ENG,1,1811.7598877,2024-11-07,2024-11-07,Newcastle
20.0,Newcastle,ENG,1,1810.23583984,2024-11-08,2024-11-10,Newcastle
18.0,Newcastle,ENG,1,1820.42480469,2024-11-11,2024-11-23,Newcastle
19.0,Newcastle,ENG,1,1820.42480469,2024-11-24,2024-11-25,Newcastle
22.0,Newcastle,ENG,1,1803.67663574,2024-11-26,2024-11-26,Newcastle
21.0,Newcastle,ENG,1,1806.84191895,2024-11-27,2024-11-27,Newcastle
22.0,Newcastle,ENG,1,1808.95617676,2024-11-28,2024-11-28,Newcastle
21.0,Newcastle,ENG,1,1810.11303711,2024-11-29,2024-11-30,Newcastle
21.0,Newcastle,ENG,1,1809.45983887,2024-12-01,2024-12-04,Newcastle
21.0,Newcastle,ENG,1,1813.00805664,2024-12-05,2024-12-07,Newcastle
23.0,Newcastle,ENG,1,1801.19177246,2024-12-08,2024-12-08,Newcastle
24.0,Newcastle,ENG,1,1801.19177246,2024-12-09,2024-12-10,Newcastle
23.0,Newcastle,ENG,1,1805.12939453,2024-12-11,2024-12-11,Newcastle
25.0,Newcastle,ENG,1,1802.21582031,2024-12-12,2024-12-12,Newcastle
25.0,Newcastle,ENG,1,1803.49182129,2024-12-13,2024-12-14,Newcastle
22.0,Newcastle,ENG,1,1809.88476562,2024-12-15,2024-12-15,Newcastle
20.0,Newcastle,ENG,1,1809.88476562,2024-12-16,2024-12-19,Newcastle
20.0,Newcastle,ENG,1,1809.99523926,2024-12-20,2024-12-21,Newcastle
19.0,Newcastle,ENG,1,1818.37390137,2024-12-22,2024-12-22,Newcastle
18.0,Newcastle,ENG,1,1818.37390137,2024-12-23,2024-12-26,Newcastle
16.0,Newcastle,ENG,1,1829.3157959,2024-12-27,2024-12-28,Newcastle
17.0,Newcastle,ENG,1,1829.3157959,2024-12-29,2024-12-30,Newcastle
14.0,Newcastle,ENG,1,1840.6036377,2024-12-31,2024-12-31,Newcastle
14.0,Newcastle,ENG,1,1840.6036377,2025-01-01,2025-01-04,Newcastle
15.0,Newcastle,ENG,1,1848.97387695,2025-01-05,2025-01-15,Newcastle
14.0,Newcastle,ENG,1,1853.85290527,2025-01-16,2025-01-18,Newcastle
15.0,Newcastle,ENG,1,1834.40673828,2025-01-19,2025-01-21,Newcastle
15.0,Newcastle,ENG,1,1832.87731934,2025-01-22,2025-01-22,Newcastle
16.0,Newcastle,ENG,1,1830.27441406,2025-01-23,2025-01-23,Newcastle
15.0,Newcastle,ENG,1,1832.96936035,2025-01-24,2025-01-25,Newcastle
15.0,Newcastle,ENG,1,1837.05004883,2025-01-26,2025-01-29,Newcastle
15.0,Newcastle,ENG,1,1837.17895508,2025-01-30,2025-01-30,Newcastle
14.0,Newcastle,ENG,1,1839.70825195,2025-01-31,2025-02-01,Newcastle
15.0,Newcastle,ENG,1,1828.47290039,2025-02-02,2025-02-11,Newcastle
15.0,Newcastle,ENG,1,1826.18225098,2025-02-12,2025-02-15,Newcastle
16.0,Newcastle,ENG,1,1817.87036133,2025-02-16,2025-02-18,Newcastle
15.0,Newcastle,ENG,1,1817.87036133,2025-02-19,2025-02-19,Newcastle
16.0,Newcastle,ENG,1,1815.22412109,2025-02-20,2025-02-23,Newcastle
15.0,Newcastle,ENG,1,1820.99768066,2025-02-24,2025-02-26,Newcastle
16.0,Newcastle,ENG,1,1816.95043945,2025-02-27,2025-03-01,Newcastle
15.0,Newcastle,ENG,1,1816.95043945,2025-03-02,2025-03-04,Newcastle
15.0,Newcastle,ENG,1,1821.9407959,2025-03-05,2025-03-05,Newcastle
15.0,Newcastle,ENG,1,1823.77099609,2025-03-06,2025-03-06,Newcastle
15.0,Newcastle,ENG,1,1823.92370605,2025-03-07,2025-03-09,Newcastle
14.0,Newcastle,ENG,1,1823.92370605,2025-03-10,2025-03-10,Newcastle
14.0,Newcastle,ENG,1,1830.89868164,2025-03-11,2025-03-11,Newcastle
14.0,Newcastle,ENG,1,1828.05480957,2025-03-12,2025-03-12,Newcastle
14.0,Newcastle,ENG,1,1830.54443359,2025-03-13,2025-03-13,Newcastle
13.0,Newcastle,ENG,1,1836.78430176,2025-03-14,2025-04-02,Newcastle
13.0,Newcastle,ENG,1,1841.74133301,2025-04-03,2025-04-05,Newcastle
14.0,Newcastle,ENG,1,1841.74133301,2025-04-06,2025-04-06,Newcastle
13.0,Newcastle,ENG,1,1841.74133301,2025-04-07,2025-04-07,Newcastle
12.0,Newcastle,ENG,1,1847.78479004,2025-04-08,2025-04-08,Newcastle
12.0,Newcastle,ENG,1,1850.69567871,2025-04-09,2025-04-09,Newcastle
12.0,Newcastle,ENG,1,1849.32177734,2025-04-10,2025-04-10,Newcastle
12.0,Newcastle,ENG,1,1849.3203125,2025-04-11,2025-04-13,Newcastle
11.0,Newcastle,ENG,1,1858.42236328,2025-04-14,2025-04-15,Newcastle
11.0,Newcastle,ENG,1,1858.18920898,2025-04-16,2025-04-16,Newcastle
10.0,Newcastle,ENG,1,1871.75976562,2025-04-17,2025-04-17,Newcastle
9.0,Newcastle,ENG,1,1877.01428223,2025-04-18,2025-04-19,Newcastle
10.0,Newcastle,ENG,1,1864.65661621,2025-04-20,2025-04-26,Newcastle
11.0,Newcastle,ENG,1,1867.78881836,2025-04-27,2025-04-29,Newcastle
11.0,Newcastle,ENG,1,1864.93786621,2025-04-30,2025-05-01,Newcastle
10.0,Newcastle,ENG,1,1871.20361328,2025-05-02,2025-05-04,Newcastle
10.0,Newcastle,ENG,1,1870.27514648,2025-05-05,2025-05-07,Newcastle
10.0,Newcastle,ENG,1,1867.75341797,2025-05-08,2025-05-08,Newcastle
10.0,Newcastle,ENG,1,1872.42297363,2025-05-09,2025-05-10,Newcastle
11.0,Newcastle,ENG,1,1872.42297363,2025-05-11,2025-05-11,Newcastle
9.0,Newcastle,ENG,1,1882.33959961,2025-05-12,2025-05-16,Newcastle
11.0,Newcastle,ENG,1,1882.33959961,2025-05-17,2025-05-18,Newcastle
11.0,Newcastle,ENG,1,1878.10900879,2025-05-19,2025-05-25,Newcastle
11.0,Newcastle,ENG,1,1866.20153809,2025-05-26,2025-05-28,Newcastle
11.0,Newcastle,ENG,1,1868.56933594,2025-05-29,2025-08-16,Newcastle
11.0,Newcastle,ENG,1,1870.13891602,2025-08-17,2025-08-21,Newcastle
11.0,Newcastle,ENG,1,1870.12841797,2025-08-22,2025-08-23,Newcastle
10.0,Newcastle,ENG,1,1870.12841797,2025-08-24,2025-08-25,Newcastle
10.0,Newcastle,ENG,1,1864.28869629,2025-08-26,2025-08-28,Newcastle
10.0,Newcastle,ENG,1,1864.47583008,2025-08-29,2025-08-30,Newcastle
11.0,Newcastle,ENG,1,1861.95117188,2025-08-31,2025-08-31,Newcastle
10.0,Newcastle,ENG,1,1861.95117188,2025-09-01,2025-09-13,Newcastle
10.0,Newcastle,ENG,1,1865.48754883,2025-09-14,2025-09-16,Newcastle
10.0,Newcastle,ENG,1,1869.36291504,2025-09-17,2025-09-17,Newcastle
10.0,Newcastle,ENG,1,1867.76538086,2025-09-18,2025-09-18,Newcastle
10.0,Newcastle,ENG,1,1858.89233398,2025-09-19,2025-09-21,Newcastle
10.0,Newcastle,ENG,1,1859.2019043,2025-09-22,2025-09-24,Newcastle
10.0,Newcastle,ENG,1,1859.51879883,2025-09-25,2025-09-25,Newcastle
10.0,Newcastle,ENG,1,1860.70935059,2025-09-26,2025-09-27,Newcastle
11.0,Newcastle,ENG,1,1860.70935059,2025-09-28,2025-09-28,Newcastle
11.0,Newcastle,ENG,1,1855.24572754,2025-09-29,2025-09-30,Newcastle
12.0,Newcastle,ENG,1,1851.71337891,2025-10-01,2025-10-01,Newcastle
10.0,Newcastle,ENG,1,1873.06896973,2025-10-02,2025-10-02,Newcastle
10.0,Newcastle,ENG,1,1872.67346191,2025-10-03,2025-10-05,Newcastle
10.0,Newcastle,ENG,1,1878.91333008,2025-10-06,2025-10-18,Newcastle
10.0,Newcastle,ENG,1,1870.8527832,2025-10-19,2025-10-19,Newcastle
11.0,Newcastle,ENG,1,1870.8527832,2025-10-20,2025-10-21,Newcastle
10.0,Newcastle,ENG,1,1884.03027344,2025-10-22,2025-10-22,Newcastle
10.0,Newcastle,ENG,1,1887.64550781,2025-10-23,2025-10-23,Newcastle
10.0,Newcastle,ENG,1,1880.47375488,2025-10-24,2025-10-25,Newcastle
10.0,Newcastle,ENG,1,1884.9395752,2025-10-26,2025-11-02,Newcastle
10.0,Newcastle,ENG,1,1869.22473145,2025-11-03,2025-11-04,Newcastle
10.0,Newcastle,ENG,1,1873.36633301,2025-11-05,2025-11-05,Newcastle
10.0,Newcastle,ENG,1,1878.72045898,2025-11-06,2025-11-06,Newcastle
10.0,Newcastle,ENG,1,1878.55725098,2025-11-07,2025-11-09,Newcastle
12.0,Newcastle,ENG,1,1866.85021973,2025-11-10,2025-11-22,Newcastle
11.0,Newcastle,ENG,1,1876.84643555,2025-11-23,2025-11-23,Newcastle
12.0,Newcastle,ENG,1,1876.84643555,2025-11-24,2025-11-25,Newcastle
14.0,Newcastle,ENG,1,1863.6015625,2025-11-26,2025-11-26,Newcastle
13.0,Newcastle,ENG,1,1857.69067383,2025-11-27,2025-11-27,Newcastle
13.0,Newcastle,ENG,1,1855.70959473,2025-11-28,2025-11-29,Newcastle
12.0,Newcastle,ENG,1,1869.64709473,2025-11-30,2025-12-02,Newcastle
12.0,Newcastle,ENG,1,1866.28552246,2025-12-03,2025-12-06,Newcastle
11.0,Newcastle,ENG,1,1869.49328613,2025-12-07,2025-12-09,Newcastle
11.0,Newcastle,ENG,1,1871.76647949,2025-12-10,2025-12-10,Newcastle
11.0,Newcastle,ENG,1,1878.24902344,2025-12-11,2025-12-11,Newcastle
11.0,Newcastle,ENG,1,1880.37731934,2025-12-12,2025-12-14,Newcastle
12.0,Newcastle,ENG,1,1867.99755859,2025-12-15,2025-12-18,Newcastle
12.0,Newcastle,ENG,1,1865.23840332,2025-12-19,2025-12-20,Newcastle
12.0,Newcastle,ENG,1,1864.63330078,2025-12-21,2025-12-26,Newcastle
13.0,Newcastle,ENG,1,1857.26745605,2025-12-27,2025-12-30,Newcastle
12.0,Newcastle,ENG,1,1865.11877441,2025-12-31,2025-12-31,Newcastle
12.0,Newcastle,ENG,1,1865.11877441,2026-01-01,2026-01-04,Newcastle
11.0,Newcastle,ENG,1,1872.36950684,2026-01-05,2026-01-07,Newcastle
11.0,Newcastle,ENG,1,1876.20507812,2026-01-08,2026-01-18,Newcastle
12.0,Newcastle,ENG,1,1872.12927246,2026-01-19,2026-01-20,Newcastle
11.0,Newcastle,ENG,1,1872.67565918,2026-01-21,2026-01-21,Newcastle
11.0,Newcastle,ENG,1,1885.41003418,2026-01-22,2026-01-22,Newcastle
11.0,Newcastle,ENG,1,1884.41137695,2026-01-23,2026-01-25,Newcastle
12.0,Newcastle,ENG,1,1872.2010498,2026-01-26,2026-01-28,Newcastle
11.0,Newcastle,ENG,1,1884.64306641,2026-01-29,2026-01-29,Newcastle
11.0,Newcastle,ENG,1,1885.6027832,2026-01-30,2026-01-31,Newcastle
11.0,Newcastle,ENG,1,1876.71887207,2026-02-01,2026-02-07,Newcastle
12.0,Newcastle,ENG,1,1866.62145996,2026-02-08,2026-02-10,Newcastle
12.0,Newcastle,ENG,1,1874.52990723,2026-02-11,2026-02-18,Newcastle
12.0,Newcastle,ENG,1,1876.73193359,2026-02-19,2026-02-19,Newcastle
12.0,Newcastle,ENG,1,1879.61865234,2026-02-20,2026-02-21,Newcastle
12.0,Newcastle,ENG,1,1875.23522949,2026-02-22,2026-02-24,Newcastle
12.0,Newcastle,ENG,1,1876.30761719,2026-02-25,2026-02-26,Newcastle
12.0,Newcastle,ENG,1,1876.22631836,2026-02-27,2026-02-28,Newcastle
12.0,Newcastle,ENG,1,1865.42468262,2026-03-01,2026-03-04,Newcastle
12.0,Newcastle,ENG,1,1873.08569336,2026-03-05,2026-03-10,Newcastle
12.0,Newcastle,ENG,1,1866.88024902,2026-03-11,2026-03-11,Newcastle
12.0,Newcastle,ENG,1,1859.36987305,2026-03-12,2026-03-12,Newcastle
12.0,Newcastle,ENG,1,1856.76379395,2026-03-13,2026-03-14,Newcastle
12.0,Newcastle,ENG,1,1866.95703125,2026-03-15,2026-03-17,Newcastle
12.0,Newcastle,ENG,1,1862.06420898,2026-03-18,2026-03-18,Newcastle
14.0,Newcastle,ENG,1,1849.10791016,2026-03-19,2026-03-19,Newcastle
14.0,Newcastle,ENG,1,1853.38220215,2026-03-20,2026-03-22,Newcastle
15.0,Newcastle,ENG,1,1840.26281738,2026-03-23,2026-04-04,Newcastle
16.0,Newcastle,ENG,1,1840.26281738,2026-04-05,2026-04-07,Newcastle
16.0,Newcastle,ENG,1,1841.14929199,2026-04-08,2026-04-08,Newcastle
16.0,Newcastle,ENG,1,1839.17004395,2026-04-09,2026-04-09,Newcastle
16.0,Newcastle,ENG,1,1843.05126953,2026-04-10,2026-04-12,Newcastle
18.0,Newcastle,ENG,1,1834.8104248,2026-04-13,2026-04-14,Newcastle
18.0,Newcastle,ENG,1,1831.85717773,2026-04-15,2026-04-15,Newcastle
18.0,Newcastle,ENG,1,1832.00708008,2026-04-16,2026-04-18,Newcastle
18.0,Newcastle,ENG,1,1832.00708008,2026-04-19,2026-04-25,Newcastle
18.0,Newcastle,ENG,1,1832.00708008,2026-04-26,2026-05-12,Newcastle
18.0,Newcastle,ENG,1,1832.00708008,2026-05-13,2026-12-31,Newcastle
66.0,Forest,ENG,1,1669.96276855,2024-01-01,2024-01-12,Forest
65.0,Forest,ENG,1,1669.96276855,2024-01-13,2024-01-13,Forest
64.0,Forest,ENG,1,1669.96276855,2024-01-14,2024-01-14,Forest
66.0,Forest,ENG,1,1669.96276855,2024-01-15,2024-01-20,Forest
70.0,Forest,ENG,1,1665.05200195,2024-01-21,2024-01-21,Forest
67.0,Forest,ENG,1,1665.05200195,2024-01-22,2024-01-27,Forest
68.0,Forest,ENG,1,1665.05200195,2024-01-28,2024-01-30,Forest
70.0,Forest,ENG,1,1661.51818848,2024-01-31,2024-01-31,Forest
68.0,Forest,ENG,1,1661.51818848,2024-02-01,2024-02-03,Forest
69.0,Forest,ENG,1,1661.51818848,2024-02-04,2024-02-04,Forest
67.0,Forest,ENG,1,1664.41638184,2024-02-05,2024-02-05,Forest
68.0,Forest,ENG,1,1664.41638184,2024-02-06,2024-02-10,Forest
74.0,Forest,ENG,1,1658.58056641,2024-02-11,2024-02-11,Forest
72.0,Forest,ENG,1,1658.58056641,2024-02-12,2024-02-13,Forest
71.0,Forest,ENG,1,1658.75524902,2024-02-14,2024-02-15,Forest
70.0,Forest,ENG,1,1658.75524902,2024-02-16,2024-02-17,Forest
66.0,Forest,ENG,1,1672.04492188,2024-02-18,2024-02-18,Forest
67.0,Forest,ENG,1,1672.04492188,2024-02-19,2024-02-21,Forest
67.0,Forest,ENG,1,1670.75378418,2024-02-22,2024-02-22,Forest
68.0,Forest,ENG,1,1670.75378418,2024-02-23,2024-02-24,Forest
69.0,Forest,ENG,1,1666.18798828,2024-02-25,2024-02-25,Forest
70.0,Forest,ENG,1,1666.18798828,2024-02-26,2024-02-28,Forest
71.0,Forest,ENG,1,1666.18798828,2024-02-29,2024-03-02,Forest
69.0,Forest,ENG,1,1663.51135254,2024-03-03,2024-03-03,Forest
70.0,Forest,ENG,1,1663.51135254,2024-03-04,2024-03-06,Forest
70.0,Forest,ENG,1,1663.67553711,2024-03-07,2024-03-07,Forest
73.0,Forest,ENG,1,1658.89428711,2024-03-08,2024-03-08,Forest
72.0,Forest,ENG,1,1658.89428711,2024-03-09,2024-03-10,Forest
76.0,Forest,ENG,1,1654.65258789,2024-03-11,2024-03-12,Forest
78.0,Forest,ENG,1,1653.6427002,2024-03-13,2024-03-14,Forest
72.0,Forest,ENG,1,1661.08813477,2024-03-15,2024-03-16,Forest
71.0,Forest,ENG,1,1660.94836426,2024-03-17,2024-03-30,Forest
72.0,Forest,ENG,1,1660.84423828,2024-03-31,2024-04-02,Forest
66.0,Forest,ENG,1,1673.67834473,2024-04-03,2024-04-07,Forest
67.0,Forest,ENG,1,1669.31518555,2024-04-08,2024-04-09,Forest
67.0,Forest,ENG,1,1668.76818848,2024-04-10,2024-04-10,Forest
68.0,Forest,ENG,1,1668.76818848,2024-04-11,2024-04-11,Forest
72.0,Forest,ENG,1,1661.11230469,2024-04-12,2024-04-12,Forest
71.0,Forest,ENG,1,1661.11230469,2024-04-13,2024-04-13,Forest
70.0,Forest,ENG,1,1661.40661621,2024-04-14,2024-04-17,Forest
72.0,Forest,ENG,1,1657.12121582,2024-04-18,2024-04-18,Forest
74.0,Forest,ENG,1,1654.94470215,2024-04-19,2024-04-20,Forest
73.0,Forest,ENG,1,1654.94470215,2024-04-21,2024-04-21,Forest
80.0,Forest,ENG,1,1646.37988281,2024-04-22,2024-04-26,Forest
79.0,Forest,ENG,1,1646.37988281,2024-04-27,2024-04-28,Forest
79.0,Forest,ENG,1,1644.13964844,2024-04-29,2024-05-02,Forest
83.0,Forest,ENG,1,1638.88781738,2024-05-03,2024-05-04,Forest
77.0,Forest,ENG,1,1648.54016113,2024-05-05,2024-05-05,Forest
75.0,Forest,ENG,1,1648.54016113,2024-05-06,2024-05-07,Forest
76.0,Forest,ENG,1,1648.54016113,2024-05-08,2024-05-08,Forest
75.0,Forest,ENG,1,1648.54016113,2024-05-09,2024-05-09,Forest
78.0,Forest,ENG,1,1644.21875,2024-05-10,2024-05-11,Forest
81.0,Forest,ENG,1,1638.63464355,2024-05-12,2024-05-12,Forest
83.0,Forest,ENG,1,1638.63464355,2024-05-13,2024-05-15,Forest
84.0,Forest,ENG,1,1638.63464355,2024-05-16,2024-05-19,Forest
79.0,Forest,ENG,1,1647.71496582,2024-05-20,2024-05-21,Forest
78.0,Forest,ENG,1,1647.71496582,2024-05-22,2024-05-26,Forest
77.0,Forest,ENG,1,1647.71496582,2024-05-27,2024-06-01,Forest
76.0,Forest,ENG,1,1647.71496582,2024-06-02,2024-07-22,Forest
77.0,Forest,ENG,1,1647.71496582,2024-07-23,2024-07-25,Forest
76.0,Forest,ENG,1,1647.71496582,2024-07-26,2024-07-27,Forest
77.0,Forest,ENG,1,1647.71496582,2024-07-28,2024-07-28,Forest
78.0,Forest,ENG,1,1647.71496582,2024-07-29,2024-08-07,Forest
79.0,Forest,ENG,1,1647.71496582,2024-08-08,2024-08-08,Forest
77.0,Forest,ENG,1,1647.71496582,2024-08-09,2024-08-11,Forest
78.0,Forest,ENG,1,1647.71496582,2024-08-12,2024-08-13,Forest
79.0,Forest,ENG,1,1647.71496582,2024-08-14,2024-08-15,Forest
78.0,Forest,ENG,1,1647.71496582,2024-08-16,2024-08-17,Forest
78.0,Forest,ENG,1,1647.41174316,2024-08-18,2024-08-18,Forest
80.0,Forest,ENG,1,1647.41174316,2024-08-19,2024-08-20,Forest
81.0,Forest,ENG,1,1647.41174316,2024-08-21,2024-08-22,Forest
83.0,Forest,ENG,1,1647.67578125,2024-08-23,2024-08-23,Forest
82.0,Forest,ENG,1,1647.67578125,2024-08-24,2024-08-24,Forest
73.0,Forest,ENG,1,1655.88183594,2024-08-25,2024-08-25,Forest
75.0,Forest,ENG,1,1655.88183594,2024-08-26,2024-08-26,Forest
74.0,Forest,ENG,1,1655.88183594,2024-08-27,2024-08-29,Forest
73.0,Forest,ENG,1,1655.93811035,2024-08-30,2024-08-31,Forest
76.0,Forest,ENG,1,1654.59204102,2024-09-01,2024-09-01,Forest
79.0,Forest,ENG,1,1654.59204102,2024-09-02,2024-09-14,Forest
67.0,Forest,ENG,1,1669.71960449,2024-09-15,2024-09-15,Forest
66.0,Forest,ENG,1,1669.71960449,2024-09-16,2024-09-17,Forest
63.0,Forest,ENG,1,1675.88452148,2024-09-18,2024-09-18,Forest
64.0,Forest,ENG,1,1674.26098633,2024-09-19,2024-09-19,Forest
65.0,Forest,ENG,1,1674.18981934,2024-09-20,2024-09-21,Forest
63.0,Forest,ENG,1,1674.18981934,2024-09-22,2024-09-22,Forest
62.0,Forest,ENG,1,1677.52856445,2024-09-23,2024-09-25,Forest
63.0,Forest,ENG,1,1675.49780273,2024-09-26,2024-09-26,Forest
63.0,Forest,ENG,1,1676.59521484,2024-09-27,2024-09-28,Forest
68.0,Forest,ENG,1,1668.51171875,2024-09-29,2024-10-01,Forest
65.0,Forest,ENG,1,1670.84362793,2024-10-02,2024-10-02,Forest
63.0,Forest,ENG,1,1674.93164062,2024-10-03,2024-10-03,Forest
63.0,Forest,ENG,1,1677.7220459,2024-10-04,2024-10-05,Forest
62.0,Forest,ENG,1,1677.7220459,2024-10-06,2024-10-06,Forest
61.0,Forest,ENG,1,1683.69848633,2024-10-07,2024-10-19,Forest
60.0,Forest,ENG,1,1683.69848633,2024-10-20,2024-10-20,Forest
61.0,Forest,ENG,1,1683.69848633,2024-10-21,2024-10-21,Forest
58.0,Forest,ENG,1,1691.49487305,2024-10-22,2024-10-22,Forest
57.0,Forest,ENG,1,1693.71899414,2024-10-23,2024-10-23,Forest
57.0,Forest,ENG,1,1696.81140137,2024-10-24,2024-10-24,Forest
55.0,Forest,ENG,1,1698.97412109,2024-10-25,2024-10-25,Forest
51.0,Forest,ENG,1,1711.74938965,2024-10-26,2024-11-02,Forest
48.0,Forest,ENG,1,1724.28833008,2024-11-03,2024-11-05,Forest
47.0,Forest,ENG,1,1721.31994629,2024-11-06,2024-11-06,Forest
51.0,Forest,ENG,1,1716.71899414,2024-11-07,2024-11-07,Forest
51.0,Forest,ENG,1,1715.19494629,2024-11-08,2024-11-10,Forest
53.0,Forest,ENG,1,1705.00598145,2024-11-11,2024-11-22,Forest
52.0,Forest,ENG,1,1705.00598145,2024-11-23,2024-11-23,Forest
56.0,Forest,ENG,1,1701.43701172,2024-11-24,2024-11-26,Forest
54.0,Forest,ENG,1,1704.60229492,2024-11-27,2024-11-27,Forest
52.0,Forest,ENG,1,1706.71655273,2024-11-28,2024-11-28,Forest
51.0,Forest,ENG,1,1707.87341309,2024-11-29,2024-11-29,Forest
52.0,Forest,ENG,1,1707.87341309,2024-11-30,2024-11-30,Forest
50.0,Forest,ENG,1,1711.9420166,2024-12-01,2024-12-01,Forest
48.0,Forest,ENG,1,1711.9420166,2024-12-02,2024-12-04,Forest
52.0,Forest,ENG,1,1708.81689453,2024-12-05,2024-12-07,Forest
47.0,Forest,ENG,1,1720.38183594,2024-12-08,2024-12-10,Forest
48.0,Forest,ENG,1,1724.31933594,2024-12-11,2024-12-11,Forest
48.0,Forest,ENG,1,1721.40588379,2024-12-12,2024-12-12,Forest
47.0,Forest,ENG,1,1722.6817627,2024-12-13,2024-12-13,Forest
48.0,Forest,ENG,1,1722.6817627,2024-12-14,2024-12-14,Forest
47.0,Forest,ENG,1,1731.5020752,2024-12-15,2024-12-15,Forest
46.0,Forest,ENG,1,1731.5020752,2024-12-16,2024-12-19,Forest
46.0,Forest,ENG,1,1731.61254883,2024-12-20,2024-12-21,Forest
40.0,Forest,ENG,1,1745.51818848,2024-12-22,2024-12-26,Forest
36.0,Forest,ENG,1,1753.67858887,2024-12-27,2024-12-29,Forest
33.0,Forest,ENG,1,1766.3626709,2024-12-30,2024-12-30,Forest
32.0,Forest,ENG,1,1766.3626709,2024-12-31,2024-12-31,Forest
32.0,Forest,ENG,1,1766.3626709,2025-01-01,2025-01-05,Forest
33.0,Forest,ENG,1,1766.3626709,2025-01-06,2025-01-06,Forest
25.0,Forest,ENG,1,1779.32104492,2025-01-07,2025-01-14,Forest
25.0,Forest,ENG,1,1783.71325684,2025-01-15,2025-01-17,Forest
24.0,Forest,ENG,1,1783.71325684,2025-01-18,2025-01-18,Forest
25.0,Forest,ENG,1,1783.71325684,2025-01-19,2025-01-19,Forest
24.0,Forest,ENG,1,1785.94714355,2025-01-20,2025-01-21,Forest
25.0,Forest,ENG,1,1784.41760254,2025-01-22,2025-01-22,Forest
26.0,Forest,ENG,1,1781.81481934,2025-01-23,2025-01-23,Forest
25.0,Forest,ENG,1,1784.50976562,2025-01-24,2025-01-25,Forest
28.0,Forest,ENG,1,1770.40966797,2025-01-26,2025-01-29,Forest
27.0,Forest,ENG,1,1770.53857422,2025-01-30,2025-01-30,Forest
29.0,Forest,ENG,1,1773.06799316,2025-01-31,2025-02-01,Forest
23.0,Forest,ENG,1,1790.56884766,2025-02-02,2025-02-06,Forest
24.0,Forest,ENG,1,1790.56884766,2025-02-07,2025-02-10,Forest
23.0,Forest,ENG,1,1790.56884766,2025-02-11,2025-02-11,Forest
25.0,Forest,ENG,1,1788.27819824,2025-02-12,2025-02-12,Forest
24.0,Forest,ENG,1,1788.27819824,2025-02-13,2025-02-15,Forest
29.0,Forest,ENG,1,1781.08276367,2025-02-16,2025-02-16,Forest
28.0,Forest,ENG,1,1781.08276367,2025-02-17,2025-02-18,Forest
26.0,Forest,ENG,1,1781.08276367,2025-02-19,2025-02-19,Forest
26.0,Forest,ENG,1,1778.43664551,2025-02-20,2025-02-20,Forest
27.0,Forest,ENG,1,1778.43664551,2025-02-21,2025-02-22,Forest
28.0,Forest,ENG,1,1778.43664551,2025-02-23,2025-02-23,Forest
28.0,Forest,ENG,1,1772.66308594,2025-02-24,2025-02-25,Forest
29.0,Forest,ENG,1,1772.66308594,2025-02-26,2025-02-26,Forest
28.0,Forest,ENG,1,1776.99316406,2025-02-27,2025-03-02,Forest
27.0,Forest,ENG,1,1776.99316406,2025-03-03,2025-03-04,Forest
27.0,Forest,ENG,1,1781.98364258,2025-03-05,2025-03-05,Forest
26.0,Forest,ENG,1,1783.81384277,2025-03-06,2025-03-06,Forest
26.0,Forest,ENG,1,1783.96655273,2025-03-07,2025-03-08,Forest
22.0,Forest,ENG,1,1794.31103516,2025-03-09,2025-03-10,Forest
21.0,Forest,ENG,1,1794.31103516,2025-03-11,2025-03-11,Forest
24.0,Forest,ENG,1,1791.46716309,2025-03-12,2025-03-12,Forest
21.0,Forest,ENG,1,1793.95678711,2025-03-13,2025-03-13,Forest
21.0,Forest,ENG,1,1800.1965332,2025-03-14,2025-03-15,Forest
19.0,Forest,ENG,1,1806.07092285,2025-03-16,2025-03-16,Forest
18.0,Forest,ENG,1,1806.07092285,2025-03-17,2025-03-29,Forest
19.0,Forest,ENG,1,1806.07092285,2025-03-30,2025-04-01,Forest
16.0,Forest,ENG,1,1812.42370605,2025-04-02,2025-04-05,Forest
19.0,Forest,ENG,1,1806.36315918,2025-04-06,2025-04-08,Forest
18.0,Forest,ENG,1,1809.27404785,2025-04-09,2025-04-09,Forest
19.0,Forest,ENG,1,1807.90026855,2025-04-10,2025-04-10,Forest
18.0,Forest,ENG,1,1807.89868164,2025-04-11,2025-04-12,Forest
19.0,Forest,ENG,1,1796.88720703,2025-04-13,2025-04-15,Forest
19.0,Forest,ENG,1,1796.65405273,2025-04-16,2025-04-16,Forest
18.0,Forest,ENG,1,1798.45080566,2025-04-17,2025-04-17,Forest
18.0,Forest,ENG,1,1803.7052002,2025-04-18,2025-04-21,Forest
17.0,Forest,ENG,1,1812.9387207,2025-04-22,2025-04-29,Forest
17.0,Forest,ENG,1,1810.08776855,2025-04-30,2025-05-01,Forest
20.0,Forest,ENG,1,1802.05932617,2025-05-02,2025-05-03,Forest
21.0,Forest,ENG,1,1802.05932617,2025-05-04,2025-05-05,Forest
20.0,Forest,ENG,1,1803.84887695,2025-05-06,2025-05-06,Forest
21.0,Forest,ENG,1,1803.84887695,2025-05-07,2025-05-07,Forest
21.0,Forest,ENG,1,1801.32702637,2025-05-08,2025-05-08,Forest
21.0,Forest,ENG,1,1805.99658203,2025-05-09,2025-05-11,Forest
22.0,Forest,ENG,1,1799.74780273,2025-05-12,2025-05-18,Forest
21.0,Forest,ENG,1,1807.87634277,2025-05-19,2025-05-19,Forest
22.0,Forest,ENG,1,1807.87634277,2025-05-20,2025-05-25,Forest
23.0,Forest,ENG,1,1800.48535156,2025-05-26,2025-05-28,Forest
23.0,Forest,ENG,1,1802.85314941,2025-05-29,2025-08-06,Forest
24.0,Forest,ENG,1,1802.85314941,2025-08-07,2025-08-07,Forest
25.0,Forest,ENG,1,1802.85314941,2025-08-08,2025-08-12,Forest
24.0,Forest,ENG,1,1802.85314941,2025-08-13,2025-08-17,Forest
21.0,Forest,ENG,1,1812.67651367,2025-08-18,2025-08-21,Forest
21.0,Forest,ENG,1,1812.66589355,2025-08-22,2025-08-23,Forest
20.0,Forest,ENG,1,1812.66589355,2025-08-24,2025-08-24,Forest
19.0,Forest,ENG,1,1814.73144531,2025-08-25,2025-08-28,Forest
19.0,Forest,ENG,1,1814.9185791,2025-08-29,2025-08-30,Forest
20.0,Forest,ENG,1,1814.9185791,2025-08-31,2025-08-31,Forest
28.0,Forest,ENG,1,1794.91601562,2025-09-01,2025-09-13,Forest
31.0,Forest,ENG,1,1790.10876465,2025-09-14,2025-09-16,Forest
27.0,Forest,ENG,1,1793.98413086,2025-09-17,2025-09-17,Forest
27.0,Forest,ENG,1,1792.38659668,2025-09-18,2025-09-18,Forest
27.0,Forest,ENG,1,1791.59020996,2025-09-19,2025-09-20,Forest
29.0,Forest,ENG,1,1790.76281738,2025-09-21,2025-09-23,Forest
28.0,Forest,ENG,1,1790.76281738,2025-09-24,2025-09-24,Forest
28.0,Forest,ENG,1,1792.10583496,2025-09-25,2025-09-25,Forest
28.0,Forest,ENG,1,1793.29650879,2025-09-26,2025-09-27,Forest
32.0,Forest,ENG,1,1779.37841797,2025-09-28,2025-09-28,Forest
31.0,Forest,ENG,1,1779.37841797,2025-09-29,2025-09-30,Forest
31.0,Forest,ENG,1,1775.84606934,2025-10-01,2025-10-01,Forest
31.0,Forest,ENG,1,1780.41027832,2025-10-02,2025-10-02,Forest
34.0,Forest,ENG,1,1766.48327637,2025-10-03,2025-10-05,Forest
34.0,Forest,ENG,1,1760.2434082,2025-10-06,2025-10-18,Forest
40.0,Forest,ENG,1,1750.48266602,2025-10-19,2025-10-21,Forest
36.0,Forest,ENG,1,1756.60913086,2025-10-22,2025-10-22,Forest
34.0,Forest,ENG,1,1760.22436523,2025-10-23,2025-10-23,Forest
34.0,Forest,ENG,1,1761.06872559,2025-10-24,2025-10-26,Forest
38.0,Forest,ENG,1,1753.99328613,2025-10-27,2025-10-27,Forest
37.0,Forest,ENG,1,1753.99328613,2025-10-28,2025-10-29,Forest
38.0,Forest,ENG,1,1753.99328613,2025-10-30,2025-10-30,Forest
37.0,Forest,ENG,1,1753.99328613,2025-10-31,2025-11-01,Forest
35.0,Forest,ENG,1,1754.77905273,2025-11-02,2025-11-03,Forest
36.0,Forest,ENG,1,1754.77905273,2025-11-04,2025-11-04,Forest
35.0,Forest,ENG,1,1758.92053223,2025-11-05,2025-11-05,Forest
34.0,Forest,ENG,1,1759.94946289,2025-11-06,2025-11-06,Forest
35.0,Forest,ENG,1,1755.3770752,2025-11-07,2025-11-09,Forest
33.0,Forest,ENG,1,1764.13635254,2025-11-10,2025-11-21,Forest
34.0,Forest,ENG,1,1764.13635254,2025-11-22,2025-11-22,Forest
28.0,Forest,ENG,1,1788.71960449,2025-11-23,2025-11-25,Forest
28.0,Forest,ENG,1,1783.92382812,2025-11-26,2025-11-26,Forest
32.0,Forest,ENG,1,1778.01293945,2025-11-27,2025-11-27,Forest
31.0,Forest,ENG,1,1777.98937988,2025-11-28,2025-11-29,Forest
32.0,Forest,ENG,1,1777.98937988,2025-11-30,2025-11-30,Forest
35.0,Forest,ENG,1,1767.17993164,2025-12-01,2025-12-01,Forest
34.0,Forest,ENG,1,1767.17993164,2025-12-02,2025-12-03,Forest
33.0,Forest,ENG,1,1773.69104004,2025-12-04,2025-12-06,Forest
35.0,Forest,ENG,1,1762.56494141,2025-12-07,2025-12-09,Forest
35.0,Forest,ENG,1,1764.8380127,2025-12-10,2025-12-10,Forest
35.0,Forest,ENG,1,1769.48913574,2025-12-11,2025-12-11,Forest
33.0,Forest,ENG,1,1776.15942383,2025-12-12,2025-12-12,Forest
32.0,Forest,ENG,1,1776.15942383,2025-12-13,2025-12-14,Forest
30.0,Forest,ENG,1,1789.84594727,2025-12-15,2025-12-18,Forest
30.0,Forest,ENG,1,1787.08666992,2025-12-19,2025-12-22,Forest
32.0,Forest,ENG,1,1780.4708252,2025-12-23,2025-12-27,Forest
32.0,Forest,ENG,1,1776.14196777,2025-12-28,2025-12-30,Forest
34.0,Forest,ENG,1,1763.25,2025-12-31,2025-12-31,Forest
34.0,Forest,ENG,1,1763.25,2026-01-01,2026-01-02,Forest
35.0,Forest,ENG,1,1763.25,2026-01-03,2026-01-03,Forest
37.0,Forest,ENG,1,1758.73254395,2026-01-04,2026-01-04,Forest
36.0,Forest,ENG,1,1758.73254395,2026-01-05,2026-01-06,Forest
33.0,Forest,ENG,1,1767.03259277,2026-01-07,2026-01-13,Forest
34.0,Forest,ENG,1,1767.03259277,2026-01-14,2026-01-14,Forest
35.0,Forest,ENG,1,1767.03259277,2026-01-15,2026-01-17,Forest
33.0,Forest,ENG,1,1772.74829102,2026-01-18,2026-01-20,Forest
32.0,Forest,ENG,1,1773.2947998,2026-01-21,2026-01-21,Forest
32.0,Forest,ENG,1,1778.72180176,2026-01-22,2026-01-22,Forest
32.0,Forest,ENG,1,1769.27941895,2026-01-23,2026-01-25,Forest
30.0,Forest,ENG,1,1785.27661133,2026-01-26,2026-01-28,Forest
28.0,Forest,ENG,1,1793.00488281,2026-01-29,2026-01-29,Forest
27.0,Forest,ENG,1,1796.75195312,2026-01-30,2026-01-31,Forest
28.0,Forest,ENG,1,1796.75195312,2026-02-01,2026-02-01,Forest
28.0,Forest,ENG,1,1795.25085449,2026-02-02,2026-02-06,Forest
30.0,Forest,ENG,1,1784.70263672,2026-02-07,2026-02-08,Forest
31.0,Forest,ENG,1,1784.70263672,2026-02-09,2026-02-10,Forest
32.0,Forest,ENG,1,1784.70263672,2026-02-11,2026-02-11,Forest
32.0,Forest,ENG,1,1780.41491699,2026-02-12,2026-02-13,Forest
31.0,Forest,ENG,1,1780.41491699,2026-02-14,2026-02-18,Forest
31.0,Forest,ENG,1,1780.90795898,2026-02-19,2026-02-19,Forest
29.0,Forest,ENG,1,1794.06091309,2026-02-20,2026-02-21,Forest
28.0,Forest,ENG,1,1794.06091309,2026-02-22,2026-02-22,Forest
29.0,Forest,ENG,1,1789.04748535,2026-02-23,2026-02-24,Forest
28.0,Forest,ENG,1,1789.28686523,2026-02-25,2026-02-25,Forest
29.0,Forest,ENG,1,1789.28686523,2026-02-26,2026-02-26,Forest
29.0,Forest,ENG,1,1788.25146484,2026-02-27,2026-02-28,Forest
30.0,Forest,ENG,1,1788.25146484,2026-03-01,2026-03-01,Forest
30.0,Forest,ENG,1,1782.39282227,2026-03-02,2026-03-03,Forest
29.0,Forest,ENG,1,1782.39282227,2026-03-04,2026-03-04,Forest
28.0,Forest,ENG,1,1788.53051758,2026-03-05,2026-03-06,Forest
29.0,Forest,ENG,1,1788.53051758,2026-03-07,2026-03-08,Forest
28.0,Forest,ENG,1,1788.53051758,2026-03-09,2026-03-10,Forest
28.0,Forest,ENG,1,1784.265625,2026-03-11,2026-03-11,Forest
30.0,Forest,ENG,1,1776.75524902,2026-03-12,2026-03-12,Forest
33.0,Forest,ENG,1,1764.4786377,2026-03-13,2026-03-14,Forest
31.0,Forest,ENG,1,1764.4786377,2026-03-15,2026-03-15,Forest
32.0,Forest,ENG,1,1764.39611816,2026-03-16,2026-03-17,Forest
33.0,Forest,ENG,1,1759.5032959,2026-03-18,2026-03-18,Forest
33.0,Forest,ENG,1,1758.43310547,2026-03-19,2026-03-19,Forest
30.0,Forest,ENG,1,1768.83862305,2026-03-20,2026-03-20,Forest
31.0,Forest,ENG,1,1768.83862305,2026-03-21,2026-03-22,Forest
28.0,Forest,ENG,1,1784.46362305,2026-03-23,2026-04-06,Forest
29.0,Forest,ENG,1,1784.46362305,2026-04-07,2026-04-07,Forest
29.0,Forest,ENG,1,1785.34997559,2026-04-08,2026-04-08,Forest
29.0,Forest,ENG,1,1783.37084961,2026-04-09,2026-04-09,Forest
28.0,Forest,ENG,1,1789.8067627,2026-04-10,2026-04-11,Forest
27.0,Forest,ENG,1,1789.8067627,2026-04-12,2026-04-12,Forest
26.0,Forest,ENG,1,1791.76660156,2026-04-13,2026-04-14,Forest
27.0,Forest,ENG,1,1788.81323242,2026-04-15,2026-04-15,Forest
27.0,Forest,ENG,1,1788.96325684,2026-04-16,2026-04-16,Forest
27.0,Forest,ENG,1,1788.96325684,2026-04-17,2026-04-19,Forest
27.0,Forest,ENG,1,1788.96325684,2026-04-20,2026-04-24,Forest
27.0,Forest,ENG,1,1788.96325684,2026-04-25,2026-05-12,Forest
27.0,Forest,ENG,1,1788.96325684,2026-05-13,2026-12-31,Forest
15.0,Tottenham,ENG,1,1837.70581055,2024-01-01,2024-01-13,Tottenham
14.0,Tottenham,ENG,1,1837.70581055,2024-01-14,2024-01-14,Tottenham
15.0,Tottenham,ENG,1,1837.9342041,2024-01-15,2024-01-30,Tottenham
14.0,Tottenham,ENG,1,1837.9342041,2024-01-31,2024-01-31,Tottenham
13.0,Tottenham,ENG,1,1842.17773438,2024-02-01,2024-02-03,Tottenham
15.0,Tottenham,ENG,1,1840.46716309,2024-02-04,2024-02-10,Tottenham
13.0,Tottenham,ENG,1,1845.88330078,2024-02-11,2024-02-11,Tottenham
14.0,Tottenham,ENG,1,1845.88330078,2024-02-12,2024-02-12,Tottenham
13.0,Tottenham,ENG,1,1845.88330078,2024-02-13,2024-02-13,Tottenham
13.0,Tottenham,ENG,1,1846.0579834,2024-02-14,2024-02-17,Tottenham
15.0,Tottenham,ENG,1,1834.01550293,2024-02-18,2024-02-21,Tottenham
15.0,Tottenham,ENG,1,1832.7244873,2024-02-22,2024-03-02,Tottenham
14.0,Tottenham,ENG,1,1838.3894043,2024-03-03,2024-03-06,Tottenham
14.0,Tottenham,ENG,1,1838.55358887,2024-03-07,2024-03-07,Tottenham
14.0,Tottenham,ENG,1,1833.77233887,2024-03-08,2024-03-10,Tottenham
12.0,Tottenham,ENG,1,1852.37145996,2024-03-11,2024-03-12,Tottenham
12.0,Tottenham,ENG,1,1851.36157227,2024-03-13,2024-03-14,Tottenham
12.0,Tottenham,ENG,1,1858.80688477,2024-03-15,2024-03-16,Tottenham
13.0,Tottenham,ENG,1,1841.70825195,2024-03-17,2024-03-17,Tottenham
12.0,Tottenham,ENG,1,1841.70825195,2024-03-18,2024-03-30,Tottenham
12.0,Tottenham,ENG,1,1843.99291992,2024-03-31,2024-04-02,Tottenham
12.0,Tottenham,ENG,1,1843.61535645,2024-04-03,2024-04-07,Tottenham
12.0,Tottenham,ENG,1,1847.97851562,2024-04-08,2024-04-09,Tottenham
12.0,Tottenham,ENG,1,1847.43151855,2024-04-10,2024-04-11,Tottenham
14.0,Tottenham,ENG,1,1839.77563477,2024-04-12,2024-04-13,Tottenham
18.0,Tottenham,ENG,1,1824.91687012,2024-04-14,2024-04-17,Tottenham
18.0,Tottenham,ENG,1,1820.63146973,2024-04-18,2024-04-18,Tottenham
18.0,Tottenham,ENG,1,1818.45495605,2024-04-19,2024-04-21,Tottenham
17.0,Tottenham,ENG,1,1818.45495605,2024-04-22,2024-04-27,Tottenham
18.0,Tottenham,ENG,1,1818.45495605,2024-04-28,2024-04-28,Tottenham
18.0,Tottenham,ENG,1,1812.32592773,2024-04-29,2024-05-02,Tottenham
21.0,Tottenham,ENG,1,1796.82336426,2024-05-03,2024-05-04,Tottenham
22.0,Tottenham,ENG,1,1796.82336426,2024-05-05,2024-05-05,Tottenham
25.0,Tottenham,ENG,1,1791.01135254,2024-05-06,2024-05-06,Tottenham
24.0,Tottenham,ENG,1,1791.01135254,2024-05-07,2024-05-08,Tottenham
25.0,Tottenham,ENG,1,1791.01135254,2024-05-09,2024-05-09,Tottenham
25.0,Tottenham,ENG,1,1786.68981934,2024-05-10,2024-05-11,Tottenham
23.0,Tottenham,ENG,1,1789.70556641,2024-05-12,2024-05-14,Tottenham
24.0,Tottenham,ENG,1,1784.96582031,2024-05-15,2024-05-19,Tottenham
23.0,Tottenham,ENG,1,1790.55664062,2024-05-20,2024-05-22,Tottenham
24.0,Tottenham,ENG,1,1790.55664062,2024-05-23,2024-05-24,Tottenham
25.0,Tottenham,ENG,1,1790.55664062,2024-05-25,2024-05-26,Tottenham
24.0,Tottenham,ENG,1,1790.55664062,2024-05-27,2024-08-01,Tottenham
23.0,Tottenham,ENG,1,1790.55664062,2024-08-02,2024-08-08,Tottenham
24.0,Tottenham,ENG,1,1790.55664062,2024-08-09,2024-08-15,Tottenham
23.0,Tottenham,ENG,1,1790.55664062,2024-08-16,2024-08-16,Tottenham
24.0,Tottenham,ENG,1,1790.55664062,2024-08-17,2024-08-19,Tottenham
26.0,Tottenham,ENG,1,1788.01452637,2024-08-20,2024-08-22,Tottenham
25.0,Tottenham,ENG,1,1788.27868652,2024-08-23,2024-08-24,Tottenham
20.0,Tottenham,ENG,1,1796.84350586,2024-08-25,2024-08-25,Tottenham
19.0,Tottenham,ENG,1,1796.84350586,2024-08-26,2024-08-29,Tottenham
20.0,Tottenham,ENG,1,1796.89978027,2024-08-30,2024-08-31,Tottenham
19.0,Tottenham,ENG,1,1796.89978027,2024-09-01,2024-09-01,Tottenham
23.0,Tottenham,ENG,1,1790.58093262,2024-09-02,2024-09-15,Tottenham
24.0,Tottenham,ENG,1,1785.39221191,2024-09-16,2024-09-17,Tottenham
22.0,Tottenham,ENG,1,1791.55712891,2024-09-18,2024-09-18,Tottenham
23.0,Tottenham,ENG,1,1789.93347168,2024-09-19,2024-09-19,Tottenham
23.0,Tottenham,ENG,1,1789.86230469,2024-09-20,2024-09-21,Tottenham
22.0,Tottenham,ENG,1,1796.98950195,2024-09-22,2024-09-22,Tottenham
23.0,Tottenham,ENG,1,1796.98950195,2024-09-23,2024-09-25,Tottenham
22.0,Tottenham,ENG,1,1794.95874023,2024-09-26,2024-09-26,Tottenham
20.0,Tottenham,ENG,1,1799.4831543,2024-09-27,2024-09-29,Tottenham
19.0,Tottenham,ENG,1,1814.52709961,2024-09-30,2024-10-01,Tottenham
18.0,Tottenham,ENG,1,1816.85900879,2024-10-02,2024-10-02,Tottenham
18.0,Tottenham,ENG,1,1820.94702148,2024-10-03,2024-10-03,Tottenham
16.0,Tottenham,ENG,1,1826.39135742,2024-10-04,2024-10-06,Tottenham
16.0,Tottenham,ENG,1,1817.91271973,2024-10-07,2024-10-19,Tottenham
16.0,Tottenham,ENG,1,1825.53723145,2024-10-20,2024-10-22,Tottenham
17.0,Tottenham,ENG,1,1827.76123047,2024-10-23,2024-10-23,Tottenham
17.0,Tottenham,ENG,1,1830.85375977,2024-10-24,2024-10-24,Tottenham
16.0,Tottenham,ENG,1,1834.84692383,2024-10-25,2024-10-27,Tottenham
17.0,Tottenham,ENG,1,1825.83789062,2024-10-28,2024-11-03,Tottenham
16.0,Tottenham,ENG,1,1836.89880371,2024-11-04,2024-11-05,Tottenham
16.0,Tottenham,ENG,1,1833.93041992,2024-11-06,2024-11-06,Tottenham
16.0,Tottenham,ENG,1,1829.32946777,2024-11-07,2024-11-07,Tottenham
18.0,Tottenham,ENG,1,1818.85119629,2024-11-08,2024-11-10,Tottenham
23.0,Tottenham,ENG,1,1803.89941406,2024-11-11,2024-11-23,Tottenham
17.0,Tottenham,ENG,1,1832.50683594,2024-11-24,2024-11-26,Tottenham
18.0,Tottenham,ENG,1,1835.67211914,2024-11-27,2024-11-27,Tottenham
16.0,Tottenham,ENG,1,1837.78637695,2024-11-28,2024-11-28,Tottenham
16.0,Tottenham,ENG,1,1834.32177734,2024-11-29,2024-11-30,Tottenham
17.0,Tottenham,ENG,1,1834.32177734,2024-12-01,2024-12-01,Tottenham
18.0,Tottenham,ENG,1,1830.21166992,2024-12-02,2024-12-05,Tottenham
19.0,Tottenham,ENG,1,1821.4588623,2024-12-06,2024-12-08,Tottenham
20.0,Tottenham,ENG,1,1813.56994629,2024-12-09,2024-12-10,Tottenham
19.0,Tottenham,ENG,1,1817.50756836,2024-12-11,2024-12-11,Tottenham
21.0,Tottenham,ENG,1,1814.59399414,2024-12-12,2024-12-12,Tottenham
21.0,Tottenham,ENG,1,1812.92382812,2024-12-13,2024-12-14,Tottenham
20.0,Tottenham,ENG,1,1812.92382812,2024-12-15,2024-12-15,Tottenham
18.0,Tottenham,ENG,1,1821.49267578,2024-12-16,2024-12-19,Tottenham
18.0,Tottenham,ENG,1,1821.60302734,2024-12-20,2024-12-22,Tottenham
23.0,Tottenham,ENG,1,1812.64624023,2024-12-23,2024-12-26,Tottenham
23.0,Tottenham,ENG,1,1804.48583984,2024-12-27,2024-12-29,Tottenham
24.0,Tottenham,ENG,1,1799.62744141,2024-12-30,2024-12-30,Tottenham
23.0,Tottenham,ENG,1,1799.62744141,2024-12-31,2024-12-31,Tottenham
23.0,Tottenham,ENG,1,1799.62744141,2025-01-01,2025-01-04,Tottenham
24.0,Tottenham,ENG,1,1791.25720215,2025-01-05,2025-01-14,Tottenham
23.0,Tottenham,ENG,1,1791.25720215,2025-01-15,2025-01-15,Tottenham
24.0,Tottenham,ENG,1,1788.67871094,2025-01-16,2025-01-17,Tottenham
23.0,Tottenham,ENG,1,1788.67871094,2025-01-18,2025-01-19,Tottenham
27.0,Tottenham,ENG,1,1779.57373047,2025-01-20,2025-01-21,Tottenham
27.0,Tottenham,ENG,1,1778.04431152,2025-01-22,2025-01-22,Tottenham
27.0,Tottenham,ENG,1,1775.44152832,2025-01-23,2025-01-23,Tottenham
26.0,Tottenham,ENG,1,1783.82348633,2025-01-24,2025-01-25,Tottenham
25.0,Tottenham,ENG,1,1783.82348633,2025-01-26,2025-01-26,Tottenham
27.0,Tottenham,ENG,1,1770.6048584,2025-01-27,2025-01-29,Tottenham
26.0,Tottenham,ENG,1,1770.73376465,2025-01-30,2025-01-30,Tottenham
25.0,Tottenham,ENG,1,1775.76379395,2025-01-31,2025-02-01,Tottenham
26.0,Tottenham,ENG,1,1775.76379395,2025-02-02,2025-02-02,Tottenham
24.0,Tottenham,ENG,1,1787.8170166,2025-02-03,2025-02-06,Tottenham
25.0,Tottenham,ENG,1,1787.8170166,2025-02-07,2025-02-08,Tottenham
26.0,Tottenham,ENG,1,1787.8170166,2025-02-09,2025-02-11,Tottenham
26.0,Tottenham,ENG,1,1785.52636719,2025-02-12,2025-02-15,Tottenham
25.0,Tottenham,ENG,1,1785.52636719,2025-02-16,2025-02-16,Tottenham
22.0,Tottenham,ENG,1,1791.4453125,2025-02-17,2025-02-18,Tottenham
21.0,Tottenham,ENG,1,1791.4453125,2025-02-19,2025-02-19,Tottenham
21.0,Tottenham,ENG,1,1788.79919434,2025-02-20,2025-02-20,Tottenham
22.0,Tottenham,ENG,1,1788.79919434,2025-02-21,2025-02-22,Tottenham
21.0,Tottenham,ENG,1,1796.23913574,2025-02-23,2025-02-25,Tottenham
19.0,Tottenham,ENG,1,1796.23913574,2025-02-26,2025-02-26,Tottenham
21.0,Tottenham,ENG,1,1790.22912598,2025-02-27,2025-03-02,Tottenham
22.0,Tottenham,ENG,1,1790.22912598,2025-03-03,2025-03-04,Tottenham
21.0,Tottenham,ENG,1,1795.21948242,2025-03-05,2025-03-05,Tottenham
20.0,Tottenham,ENG,1,1797.04968262,2025-03-06,2025-03-06,Tottenham
23.0,Tottenham,ENG,1,1793.68969727,2025-03-07,2025-03-08,Tottenham
24.0,Tottenham,ENG,1,1793.68969727,2025-03-09,2025-03-09,Tottenham
24.0,Tottenham,ENG,1,1792.36132812,2025-03-10,2025-03-11,Tottenham
25.0,Tottenham,ENG,1,1789.51745605,2025-03-12,2025-03-12,Tottenham
22.0,Tottenham,ENG,1,1792.00708008,2025-03-13,2025-03-13,Tottenham
19.0,Tottenham,ENG,1,1805.86206055,2025-03-14,2025-03-15,Tottenham
20.0,Tottenham,ENG,1,1805.86206055,2025-03-16,2025-03-16,Tottenham
21.0,Tottenham,ENG,1,1795.24206543,2025-03-17,2025-04-02,Tottenham
20.0,Tottenham,ENG,1,1795.24206543,2025-04-03,2025-04-03,Tottenham
22.0,Tottenham,ENG,1,1790.04101562,2025-04-04,2025-04-05,Tottenham
23.0,Tottenham,ENG,1,1790.04101562,2025-04-06,2025-04-06,Tottenham
20.0,Tottenham,ENG,1,1792.96728516,2025-04-07,2025-04-08,Tottenham
20.0,Tottenham,ENG,1,1795.87817383,2025-04-09,2025-04-09,Tottenham
20.0,Tottenham,ENG,1,1794.50427246,2025-04-10,2025-04-10,Tottenham
24.0,Tottenham,ENG,1,1790.8927002,2025-04-11,2025-04-13,Tottenham
28.0,Tottenham,ENG,1,1778.62365723,2025-04-14,2025-04-15,Tottenham
28.0,Tottenham,ENG,1,1778.39050293,2025-04-16,2025-04-16,Tottenham
28.0,Tottenham,ENG,1,1780.18713379,2025-04-17,2025-04-17,Tottenham
21.0,Tottenham,ENG,1,1796.65917969,2025-04-18,2025-04-19,Tottenham
22.0,Tottenham,ENG,1,1796.65917969,2025-04-20,2025-04-20,Tottenham
21.0,Tottenham,ENG,1,1796.65917969,2025-04-21,2025-04-21,Tottenham
26.0,Tottenham,ENG,1,1787.42565918,2025-04-22,2025-04-26,Tottenham
27.0,Tottenham,ENG,1,1787.42565918,2025-04-27,2025-04-27,Tottenham
31.0,Tottenham,ENG,1,1783.03833008,2025-04-28,2025-04-28,Tottenham
30.0,Tottenham,ENG,1,1783.03833008,2025-04-29,2025-04-29,Tottenham
33.0,Tottenham,ENG,1,1780.18725586,2025-04-30,2025-05-01,Tottenham
28.0,Tottenham,ENG,1,1790.1270752,2025-05-02,2025-05-03,Tottenham
27.0,Tottenham,ENG,1,1790.1270752,2025-05-04,2025-05-04,Tottenham
27.0,Tottenham,ENG,1,1790.00109863,2025-05-05,2025-05-06,Tottenham
28.0,Tottenham,ENG,1,1790.00109863,2025-05-07,2025-05-07,Tottenham
29.0,Tottenham,ENG,1,1787.47924805,2025-05-08,2025-05-08,Tottenham
24.0,Tottenham,ENG,1,1797.42932129,2025-05-09,2025-05-09,Tottenham
25.0,Tottenham,ENG,1,1797.42932129,2025-05-10,2025-05-10,Tottenham
26.0,Tottenham,ENG,1,1797.42932129,2025-05-11,2025-05-11,Tottenham
30.0,Tottenham,ENG,1,1784.57177734,2025-05-12,2025-05-16,Tottenham
32.0,Tottenham,ENG,1,1778.34155273,2025-05-17,2025-05-18,Tottenham
34.0,Tottenham,ENG,1,1778.34155273,2025-05-19,2025-05-21,Tottenham
31.0,Tottenham,ENG,1,1786.62524414,2025-05-22,2025-05-25,Tottenham
35.0,Tottenham,ENG,1,1771.65649414,2025-05-26,2025-05-28,Tottenham
35.0,Tottenham,ENG,1,1774.02429199,2025-05-29,2025-05-31,Tottenham
34.0,Tottenham,ENG,1,1774.02429199,2025-06-01,2025-08-16,Tottenham
33.0,Tottenham,ENG,1,1783.95056152,2025-08-17,2025-08-21,Tottenham
33.0,Tottenham,ENG,1,1783.94006348,2025-08-22,2025-08-23,Tottenham
27.0,Tottenham,ENG,1,1802.72277832,2025-08-24,2025-08-28,Tottenham
27.0,Tottenham,ENG,1,1802.90979004,2025-08-29,2025-08-30,Tottenham
30.0,Tottenham,ENG,1,1793.89379883,2025-08-31,2025-09-13,Tottenham
23.0,Tottenham,ENG,1,1807.21582031,2025-09-14,2025-09-16,Tottenham
21.0,Tottenham,ENG,1,1816.25634766,2025-09-17,2025-09-17,Tottenham
22.0,Tottenham,ENG,1,1814.65881348,2025-09-18,2025-09-18,Tottenham
21.0,Tottenham,ENG,1,1813.86242676,2025-09-19,2025-09-20,Tottenham
21.0,Tottenham,ENG,1,1815.25219727,2025-09-21,2025-09-21,Tottenham
22.0,Tottenham,ENG,1,1815.25219727,2025-09-22,2025-09-24,Tottenham
22.0,Tottenham,ENG,1,1815.5690918,2025-09-25,2025-09-25,Tottenham
21.0,Tottenham,ENG,1,1816.75964355,2025-09-26,2025-09-27,Tottenham
22.0,Tottenham,ENG,1,1812.53405762,2025-09-28,2025-09-30,Tottenham
22.0,Tottenham,ENG,1,1807.04138184,2025-10-01,2025-10-01,Tottenham
22.0,Tottenham,ENG,1,1811.60559082,2025-10-02,2025-10-02,Tottenham
22.0,Tottenham,ENG,1,1811.21008301,2025-10-03,2025-10-04,Tottenham
21.0,Tottenham,ENG,1,1818.39428711,2025-10-05,2025-10-19,Tottenham
22.0,Tottenham,ENG,1,1810.54724121,2025-10-20,2025-10-21,Tottenham
22.0,Tottenham,ENG,1,1816.67382812,2025-10-22,2025-10-22,Tottenham
19.0,Tottenham,ENG,1,1820.96911621,2025-10-23,2025-10-23,Tottenham
21.0,Tottenham,ENG,1,1813.79736328,2025-10-24,2025-10-26,Tottenham
17.0,Tottenham,ENG,1,1829.7097168,2025-10-27,2025-10-28,Tottenham
18.0,Tottenham,ENG,1,1829.7097168,2025-10-29,2025-11-01,Tottenham
20.0,Tottenham,ENG,1,1822.33496094,2025-11-02,2025-11-04,Tottenham
18.0,Tottenham,ENG,1,1830.78540039,2025-11-05,2025-11-05,Tottenham
19.0,Tottenham,ENG,1,1831.81420898,2025-11-06,2025-11-06,Tottenham
19.0,Tottenham,ENG,1,1831.65100098,2025-11-07,2025-11-08,Tottenham
19.0,Tottenham,ENG,1,1830.27880859,2025-11-09,2025-11-23,Tottenham
19.0,Tottenham,ENG,1,1825.84509277,2025-11-24,2025-11-24,Tottenham
18.0,Tottenham,ENG,1,1825.84509277,2025-11-25,2025-11-25,Tottenham
19.0,Tottenham,ENG,1,1821.04931641,2025-11-26,2025-11-26,Tottenham
25.0,Tottenham,ENG,1,1811.19519043,2025-11-27,2025-11-27,Tottenham
25.0,Tottenham,ENG,1,1809.21411133,2025-11-28,2025-11-29,Tottenham
25.0,Tottenham,ENG,1,1798.71191406,2025-11-30,2025-11-30,Tottenham
26.0,Tottenham,ENG,1,1798.71191406,2025-12-01,2025-12-02,Tottenham
24.0,Tottenham,ENG,1,1802.07348633,2025-12-03,2025-12-06,Tottenham
22.0,Tottenham,ENG,1,1811.99230957,2025-12-07,2025-12-09,Tottenham
20.0,Tottenham,ENG,1,1819.96484375,2025-12-10,2025-12-10,Tottenham
19.0,Tottenham,ENG,1,1824.6159668,2025-12-11,2025-12-11,Tottenham
20.0,Tottenham,ENG,1,1826.74438477,2025-12-12,2025-12-14,Tottenham
21.0,Tottenham,ENG,1,1813.05786133,2025-12-15,2025-12-18,Tottenham
21.0,Tottenham,ENG,1,1810.29858398,2025-12-19,2025-12-20,Tottenham
24.0,Tottenham,ENG,1,1804.22692871,2025-12-21,2025-12-21,Tottenham
25.0,Tottenham,ENG,1,1804.22692871,2025-12-22,2025-12-28,Tottenham
21.0,Tottenham,ENG,1,1814.06420898,2025-12-29,2025-12-30,Tottenham
22.0,Tottenham,ENG,1,1814.06420898,2025-12-31,2025-12-31,Tottenham
22.0,Tottenham,ENG,1,1814.06420898,2026-01-01,2026-01-01,Tottenham
21.0,Tottenham,ENG,1,1815.99133301,2026-01-02,2026-01-04,Tottenham
21.0,Tottenham,ENG,1,1810.89196777,2026-01-05,2026-01-06,Tottenham
22.0,Tottenham,ENG,1,1810.89196777,2026-01-07,2026-01-07,Tottenham
27.0,Tottenham,ENG,1,1803.93261719,2026-01-08,2026-01-17,Tottenham
29.0,Tottenham,ENG,1,1791.97229004,2026-01-18,2026-01-20,Tottenham
26.0,Tottenham,ENG,1,1803.18127441,2026-01-21,2026-01-21,Tottenham
23.0,Tottenham,ENG,1,1808.60839844,2026-01-22,2026-01-22,Tottenham
23.0,Tottenham,ENG,1,1807.60974121,2026-01-23,2026-01-24,Tottenham
25.0,Tottenham,ENG,1,1806.09619141,2026-01-25,2026-01-25,Tottenham
24.0,Tottenham,ENG,1,1806.09619141,2026-01-26,2026-01-28,Tottenham
20.0,Tottenham,ENG,1,1823.91772461,2026-01-29,2026-01-29,Tottenham
19.0,Tottenham,ENG,1,1824.87744141,2026-01-30,2026-02-01,Tottenham
19.0,Tottenham,ENG,1,1827.49755859,2026-02-02,2026-02-03,Tottenham
20.0,Tottenham,ENG,1,1827.49755859,2026-02-04,2026-02-07,Tottenham
22.0,Tottenham,ENG,1,1819.65917969,2026-02-08,2026-02-10,Tottenham
23.0,Tottenham,ENG,1,1811.75085449,2026-02-11,2026-02-14,Tottenham
24.0,Tottenham,ENG,1,1811.75085449,2026-02-15,2026-02-15,Tottenham
23.0,Tottenham,ENG,1,1811.75085449,2026-02-16,2026-02-17,Tottenham
21.0,Tottenham,ENG,1,1811.75085449,2026-02-18,2026-02-18,Tottenham
22.0,Tottenham,ENG,1,1812.24389648,2026-02-19,2026-02-19,Tottenham
22.0,Tottenham,ENG,1,1815.13049316,2026-02-20,2026-02-22,Tottenham
24.0,Tottenham,ENG,1,1809.08557129,2026-02-23,2026-02-24,Tottenham
23.0,Tottenham,ENG,1,1809.32507324,2026-02-25,2026-02-25,Tottenham
24.0,Tottenham,ENG,1,1809.32507324,2026-02-26,2026-02-26,Tottenham
24.0,Tottenham,ENG,1,1809.24377441,2026-02-27,2026-02-28,Tottenham
23.0,Tottenham,ENG,1,1809.24377441,2026-03-01,2026-03-01,Tottenham
24.0,Tottenham,ENG,1,1802.34960938,2026-03-02,2026-03-05,Tottenham
27.0,Tottenham,ENG,1,1789.3840332,2026-03-06,2026-03-06,Tottenham
28.0,Tottenham,ENG,1,1789.3840332,2026-03-07,2026-03-08,Tottenham
27.0,Tottenham,ENG,1,1789.3840332,2026-03-09,2026-03-10,Tottenham
32.0,Tottenham,ENG,1,1775.81103516,2026-03-11,2026-03-11,Tottenham
32.0,Tottenham,ENG,1,1768.30065918,2026-03-12,2026-03-12,Tottenham
31.0,Tottenham,ENG,1,1765.69458008,2026-03-13,2026-03-14,Tottenham
30.0,Tottenham,ENG,1,1765.69458008,2026-03-15,2026-03-15,Tottenham
30.0,Tottenham,ENG,1,1770.95922852,2026-03-16,2026-03-17,Tottenham
30.0,Tottenham,ENG,1,1766.06652832,2026-03-18,2026-03-18,Tottenham
30.0,Tottenham,ENG,1,1764.34619141,2026-03-19,2026-03-19,Tottenham
31.0,Tottenham,ENG,1,1768.62060547,2026-03-20,2026-03-20,Tottenham
32.0,Tottenham,ENG,1,1768.62060547,2026-03-21,2026-03-22,Tottenham
38.0,Tottenham,ENG,1,1752.99560547,2026-03-23,2026-04-04,Tottenham
35.0,Tottenham,ENG,1,1752.99560547,2026-04-05,2026-04-07,Tottenham
35.0,Tottenham,ENG,1,1753.88195801,2026-04-08,2026-04-08,Tottenham
37.0,Tottenham,ENG,1,1751.90283203,2026-04-09,2026-04-09,Tottenham
35.0,Tottenham,ENG,1,1755.78393555,2026-04-10,2026-04-12,Tottenham
40.0,Tottenham,ENG,1,1747.24133301,2026-04-13,2026-04-14,Tottenham
41.0,Tottenham,ENG,1,1744.28808594,2026-04-15,2026-04-15,Tottenham
41.0,Tottenham,ENG,1,1744.43798828,2026-04-16,2026-04-18,Tottenham
41.0,Tottenham,ENG,1,1744.43798828,2026-04-19,2026-04-25,Tottenham
41.0,Tottenham,ENG,1,1744.43798828,2026-04-26,2026-05-12,Tottenham
41.0,Tottenham,ENG,1,1744.43798828,2026-05-13,2026-12-31,Tottenham
21.0,West Ham,ENG,1,1808.97216797,2024-01-01,2024-01-02,WestHam
21.0,West Ham,ENG,1,1807.66149902,2024-01-03,2024-01-21,WestHam
22.0,West Ham,ENG,1,1803.14501953,2024-01-22,2024-02-01,WestHam
23.0,West Ham,ENG,1,1798.88916016,2024-02-02,2024-02-04,WestHam
27.0,West Ham,ENG,1,1787.42297363,2024-02-05,2024-02-11,WestHam
29.0,West Ham,ENG,1,1773.53674316,2024-02-12,2024-02-13,WestHam
29.0,West Ham,ENG,1,1773.71142578,2024-02-14,2024-02-14,WestHam
30.0,West Ham,ENG,1,1773.71142578,2024-02-15,2024-02-17,WestHam
33.0,West Ham,ENG,1,1760.42175293,2024-02-18,2024-02-21,WestHam
33.0,West Ham,ENG,1,1759.1307373,2024-02-22,2024-02-26,WestHam
31.0,West Ham,ENG,1,1768.29174805,2024-02-27,2024-03-01,WestHam
30.0,West Ham,ENG,1,1768.29174805,2024-03-02,2024-03-02,WestHam
29.0,West Ham,ENG,1,1779.77282715,2024-03-03,2024-03-03,WestHam
28.0,West Ham,ENG,1,1779.77282715,2024-03-04,2024-03-06,WestHam
28.0,West Ham,ENG,1,1779.93701172,2024-03-07,2024-03-07,WestHam
28.0,West Ham,ENG,1,1771.29138184,2024-03-08,2024-03-09,WestHam
29.0,West Ham,ENG,1,1771.29138184,2024-03-10,2024-03-10,WestHam
31.0,West Ham,ENG,1,1765.99572754,2024-03-11,2024-03-12,WestHam
32.0,West Ham,ENG,1,1764.98583984,2024-03-13,2024-03-14,WestHam
24.0,West Ham,ENG,1,1791.08288574,2024-03-15,2024-03-17,WestHam
24.0,West Ham,ENG,1,1791.06188965,2024-03-18,2024-03-30,WestHam
26.0,West Ham,ENG,1,1784.58007812,2024-03-31,2024-04-02,WestHam
26.0,West Ham,ENG,1,1784.9576416,2024-04-03,2024-04-04,WestHam
27.0,West Ham,ENG,1,1784.9576416,2024-04-05,2024-04-06,WestHam
22.0,West Ham,ENG,1,1793.12036133,2024-04-07,2024-04-09,WestHam
22.0,West Ham,ENG,1,1792.57336426,2024-04-10,2024-04-11,WestHam
27.0,West Ham,ENG,1,1780.01953125,2024-04-12,2024-04-13,WestHam
28.0,West Ham,ENG,1,1780.01953125,2024-04-14,2024-04-14,WestHam
32.0,West Ham,ENG,1,1764.64282227,2024-04-15,2024-04-16,WestHam
29.0,West Ham,ENG,1,1764.64282227,2024-04-17,2024-04-17,WestHam
33.0,West Ham,ENG,1,1760.35742188,2024-04-18,2024-04-18,WestHam
34.0,West Ham,ENG,1,1756.27172852,2024-04-19,2024-04-19,WestHam
33.0,West Ham,ENG,1,1756.27172852,2024-04-20,2024-04-21,WestHam
38.0,West Ham,ENG,1,1741.86962891,2024-04-22,2024-04-27,WestHam
37.0,West Ham,ENG,1,1744.91723633,2024-04-28,2024-05-02,WestHam
38.0,West Ham,ENG,1,1739.6652832,2024-05-03,2024-05-05,WestHam
41.0,West Ham,ENG,1,1727.68945312,2024-05-06,2024-05-06,WestHam
42.0,West Ham,ENG,1,1727.68945312,2024-05-07,2024-05-07,WestHam
41.0,West Ham,ENG,1,1727.68945312,2024-05-08,2024-05-09,WestHam
42.0,West Ham,ENG,1,1723.36791992,2024-05-10,2024-05-11,WestHam
40.0,West Ham,ENG,1,1728.07299805,2024-05-12,2024-05-12,WestHam
42.0,West Ham,ENG,1,1728.07299805,2024-05-13,2024-05-14,WestHam
43.0,West Ham,ENG,1,1728.07299805,2024-05-15,2024-05-15,WestHam
41.0,West Ham,ENG,1,1728.07299805,2024-05-16,2024-05-19,WestHam
41.0,West Ham,ENG,1,1726.24291992,2024-05-20,2024-08-01,WestHam
42.0,West Ham,ENG,1,1726.24291992,2024-08-02,2024-08-04,WestHam
41.0,West Ham,ENG,1,1726.24291992,2024-08-05,2024-08-06,WestHam
40.0,West Ham,ENG,1,1726.24291992,2024-08-07,2024-08-13,WestHam
42.0,West Ham,ENG,1,1726.24291992,2024-08-14,2024-08-17,WestHam
46.0,West Ham,ENG,1,1718.01550293,2024-08-18,2024-08-18,WestHam
47.0,West Ham,ENG,1,1718.01550293,2024-08-19,2024-08-20,WestHam
46.0,West Ham,ENG,1,1718.01550293,2024-08-21,2024-08-22,WestHam
46.0,West Ham,ENG,1,1718.27954102,2024-08-23,2024-08-24,WestHam
43.0,West Ham,ENG,1,1732.9666748,2024-08-25,2024-08-25,WestHam
44.0,West Ham,ENG,1,1732.9666748,2024-08-26,2024-08-29,WestHam
43.0,West Ham,ENG,1,1733.02294922,2024-08-30,2024-08-31,WestHam
43.0,West Ham,ENG,1,1729.66125488,2024-09-01,2024-09-14,WestHam
43.0,West Ham,ENG,1,1730.71948242,2024-09-15,2024-09-17,WestHam
42.0,West Ham,ENG,1,1736.88439941,2024-09-18,2024-09-18,WestHam
43.0,West Ham,ENG,1,1735.26074219,2024-09-19,2024-09-19,WestHam
42.0,West Ham,ENG,1,1735.1895752,2024-09-20,2024-09-21,WestHam
44.0,West Ham,ENG,1,1723.46520996,2024-09-22,2024-09-22,WestHam
45.0,West Ham,ENG,1,1723.46520996,2024-09-23,2024-09-25,WestHam
47.0,West Ham,ENG,1,1721.43444824,2024-09-26,2024-09-26,WestHam
46.0,West Ham,ENG,1,1722.53186035,2024-09-27,2024-09-28,WestHam
45.0,West Ham,ENG,1,1723.83935547,2024-09-29,2024-09-29,WestHam
46.0,West Ham,ENG,1,1723.83935547,2024-09-30,2024-10-01,WestHam
44.0,West Ham,ENG,1,1726.17126465,2024-10-02,2024-10-02,WestHam
44.0,West Ham,ENG,1,1730.25915527,2024-10-03,2024-10-03,WestHam
43.0,West Ham,ENG,1,1733.04956055,2024-10-04,2024-10-05,WestHam
40.0,West Ham,ENG,1,1738.90881348,2024-10-06,2024-10-06,WestHam
41.0,West Ham,ENG,1,1738.90881348,2024-10-07,2024-10-19,WestHam
46.0,West Ham,ENG,1,1731.28430176,2024-10-20,2024-10-21,WestHam
45.0,West Ham,ENG,1,1731.28430176,2024-10-22,2024-10-22,WestHam
43.0,West Ham,ENG,1,1733.50842285,2024-10-23,2024-10-23,WestHam
41.0,West Ham,ENG,1,1736.60083008,2024-10-24,2024-10-24,WestHam
39.0,West Ham,ENG,1,1738.7635498,2024-10-25,2024-10-26,WestHam
40.0,West Ham,ENG,1,1738.7635498,2024-10-27,2024-10-27,WestHam
38.0,West Ham,ENG,1,1746.25891113,2024-10-28,2024-11-02,WestHam
43.0,West Ham,ENG,1,1733.71984863,2024-11-03,2024-11-04,WestHam
42.0,West Ham,ENG,1,1733.71984863,2024-11-05,2024-11-05,WestHam
42.0,West Ham,ENG,1,1730.75146484,2024-11-06,2024-11-06,WestHam
44.0,West Ham,ENG,1,1726.15063477,2024-11-07,2024-11-07,WestHam
45.0,West Ham,ENG,1,1724.62646484,2024-11-08,2024-11-09,WestHam
45.0,West Ham,ENG,1,1721.82434082,2024-11-10,2024-11-10,WestHam
47.0,West Ham,ENG,1,1721.82434082,2024-11-11,2024-11-23,WestHam
49.0,West Ham,ENG,1,1721.82434082,2024-11-24,2024-11-24,WestHam
47.0,West Ham,ENG,1,1721.82434082,2024-11-25,2024-11-25,WestHam
39.0,West Ham,ENG,1,1738.57250977,2024-11-26,2024-11-26,WestHam
39.0,West Ham,ENG,1,1741.73779297,2024-11-27,2024-11-27,WestHam
39.0,West Ham,ENG,1,1743.85205078,2024-11-28,2024-11-28,WestHam
37.0,West Ham,ENG,1,1745.0090332,2024-11-29,2024-11-30,WestHam
42.0,West Ham,ENG,1,1738.14611816,2024-12-01,2024-12-01,WestHam
43.0,West Ham,ENG,1,1738.14611816,2024-12-02,2024-12-03,WestHam
46.0,West Ham,ENG,1,1725.29064941,2024-12-04,2024-12-09,WestHam
46.0,West Ham,ENG,1,1730.25256348,2024-12-10,2024-12-10,WestHam
45.0,West Ham,ENG,1,1734.19006348,2024-12-11,2024-12-11,WestHam
45.0,West Ham,ENG,1,1731.27661133,2024-12-12,2024-12-12,WestHam
46.0,West Ham,ENG,1,1732.55249023,2024-12-13,2024-12-15,WestHam
45.0,West Ham,ENG,1,1732.55249023,2024-12-16,2024-12-16,WestHam
44.0,West Ham,ENG,1,1734.92687988,2024-12-17,2024-12-19,WestHam
44.0,West Ham,ENG,1,1735.03735352,2024-12-20,2024-12-21,WestHam
44.0,West Ham,ENG,1,1733.80700684,2024-12-22,2024-12-22,WestHam
45.0,West Ham,ENG,1,1733.80700684,2024-12-23,2024-12-26,WestHam
43.0,West Ham,ENG,1,1739.24890137,2024-12-27,2024-12-29,WestHam
46.0,West Ham,ENG,1,1731.68566895,2024-12-30,2024-12-31,WestHam
46.0,West Ham,ENG,1,1731.68566895,2025-01-01,2025-01-01,WestHam
45.0,West Ham,ENG,1,1731.68566895,2025-01-02,2025-01-04,WestHam
46.0,West Ham,ENG,1,1727.54089355,2025-01-05,2025-01-14,WestHam
44.0,West Ham,ENG,1,1734.94543457,2025-01-15,2025-01-17,WestHam
45.0,West Ham,ENG,1,1734.94543457,2025-01-18,2025-01-18,WestHam
47.0,West Ham,ENG,1,1722.65563965,2025-01-19,2025-01-21,WestHam
47.0,West Ham,ENG,1,1721.1262207,2025-01-22,2025-01-22,WestHam
48.0,West Ham,ENG,1,1718.5234375,2025-01-23,2025-01-23,WestHam
47.0,West Ham,ENG,1,1721.21826172,2025-01-24,2025-01-24,WestHam
48.0,West Ham,ENG,1,1721.21826172,2025-01-25,2025-01-26,WestHam
45.0,West Ham,ENG,1,1725.04199219,2025-01-27,2025-01-29,WestHam
45.0,West Ham,ENG,1,1725.17089844,2025-01-30,2025-01-30,WestHam
45.0,West Ham,ENG,1,1727.70031738,2025-01-31,2025-02-02,WestHam
43.0,West Ham,ENG,1,1727.70031738,2025-02-03,2025-02-03,WestHam
44.0,West Ham,ENG,1,1724.00708008,2025-02-04,2025-02-08,WestHam
45.0,West Ham,ENG,1,1724.00708008,2025-02-09,2025-02-09,WestHam
46.0,West Ham,ENG,1,1724.00708008,2025-02-10,2025-02-11,WestHam
47.0,West Ham,ENG,1,1721.71655273,2025-02-12,2025-02-13,WestHam
46.0,West Ham,ENG,1,1721.71655273,2025-02-14,2025-02-15,WestHam
49.0,West Ham,ENG,1,1712.9074707,2025-02-16,2025-02-16,WestHam
48.0,West Ham,ENG,1,1712.9074707,2025-02-17,2025-02-19,WestHam
48.0,West Ham,ENG,1,1710.26123047,2025-02-20,2025-02-20,WestHam
49.0,West Ham,ENG,1,1710.26123047,2025-02-21,2025-02-22,WestHam
46.0,West Ham,ENG,1,1725.95007324,2025-02-23,2025-02-23,WestHam
44.0,West Ham,ENG,1,1725.95007324,2025-02-24,2025-02-27,WestHam
44.0,West Ham,ENG,1,1731.24584961,2025-02-28,2025-03-01,WestHam
42.0,West Ham,ENG,1,1731.24584961,2025-03-02,2025-03-04,WestHam
42.0,West Ham,ENG,1,1736.23632812,2025-03-05,2025-03-05,WestHam
41.0,West Ham,ENG,1,1738.06640625,2025-03-06,2025-03-06,WestHam
42.0,West Ham,ENG,1,1738.21911621,2025-03-07,2025-03-10,WestHam
42.0,West Ham,ENG,1,1731.2442627,2025-03-11,2025-03-11,WestHam
43.0,West Ham,ENG,1,1728.40039062,2025-03-12,2025-03-12,WestHam
43.0,West Ham,ENG,1,1730.89001465,2025-03-13,2025-03-13,WestHam
42.0,West Ham,ENG,1,1737.12976074,2025-03-14,2025-03-15,WestHam
42.0,West Ham,ENG,1,1739.05053711,2025-03-16,2025-03-16,WestHam
44.0,West Ham,ENG,1,1739.05053711,2025-03-17,2025-03-29,WestHam
43.0,West Ham,ENG,1,1739.05053711,2025-03-30,2025-04-01,WestHam
44.0,West Ham,ENG,1,1731.29394531,2025-04-02,2025-04-05,WestHam
44.0,West Ham,ENG,1,1731.17333984,2025-04-06,2025-04-08,WestHam
43.0,West Ham,ENG,1,1734.08422852,2025-04-09,2025-04-09,WestHam
43.0,West Ham,ENG,1,1732.71032715,2025-04-10,2025-04-10,WestHam
44.0,West Ham,ENG,1,1732.7088623,2025-04-11,2025-04-13,WestHam
44.0,West Ham,ENG,1,1730.9276123,2025-04-14,2025-04-15,WestHam
44.0,West Ham,ENG,1,1730.69445801,2025-04-16,2025-04-16,WestHam
44.0,West Ham,ENG,1,1732.49108887,2025-04-17,2025-04-17,WestHam
43.0,West Ham,ENG,1,1737.74560547,2025-04-18,2025-04-19,WestHam
43.0,West Ham,ENG,1,1731.6895752,2025-04-20,2025-04-20,WestHam
45.0,West Ham,ENG,1,1731.6895752,2025-04-21,2025-04-24,WestHam
44.0,West Ham,ENG,1,1731.6895752,2025-04-25,2025-04-26,WestHam
45.0,West Ham,ENG,1,1726.15917969,2025-04-27,2025-04-27,WestHam
46.0,West Ham,ENG,1,1726.15917969,2025-04-28,2025-04-29,WestHam
46.0,West Ham,ENG,1,1723.30822754,2025-04-30,2025-05-01,WestHam
46.0,West Ham,ENG,1,1729.57397461,2025-05-02,2025-05-04,WestHam
46.0,West Ham,ENG,1,1729.69995117,2025-05-05,2025-05-07,WestHam
46.0,West Ham,ENG,1,1727.17822266,2025-05-08,2025-05-08,WestHam
46.0,West Ham,ENG,1,1731.84777832,2025-05-09,2025-05-11,WestHam
41.0,West Ham,ENG,1,1747.89990234,2025-05-12,2025-05-17,WestHam
42.0,West Ham,ENG,1,1747.89990234,2025-05-18,2025-05-18,WestHam
43.0,West Ham,ENG,1,1739.7713623,2025-05-19,2025-05-25,WestHam
41.0,West Ham,ENG,1,1747.77526855,2025-05-26,2025-05-28,WestHam
40.0,West Ham,ENG,1,1750.14306641,2025-05-29,2025-07-27,WestHam
41.0,West Ham,ENG,1,1750.14306641,2025-07-28,2025-07-31,WestHam
40.0,West Ham,ENG,1,1750.14306641,2025-08-01,2025-08-15,WestHam
39.0,West Ham,ENG,1,1750.14306641,2025-08-16,2025-08-16,WestHam
45.0,West Ham,ENG,1,1729.27368164,2025-08-17,2025-08-18,WestHam
46.0,West Ham,ENG,1,1729.27368164,2025-08-19,2025-08-21,WestHam
46.0,West Ham,ENG,1,1729.26318359,2025-08-22,2025-08-22,WestHam
49.0,West Ham,ENG,1,1719.30981445,2025-08-23,2025-08-24,WestHam
50.0,West Ham,ENG,1,1719.30981445,2025-08-25,2025-08-28,WestHam
49.0,West Ham,ENG,1,1719.49694824,2025-08-29,2025-08-31,WestHam
43.0,West Ham,ENG,1,1739.49951172,2025-09-01,2025-09-13,WestHam
47.0,West Ham,ENG,1,1726.17749023,2025-09-14,2025-09-16,WestHam
46.0,West Ham,ENG,1,1730.05273438,2025-09-17,2025-09-17,WestHam
46.0,West Ham,ENG,1,1728.4552002,2025-09-18,2025-09-18,WestHam
47.0,West Ham,ENG,1,1727.65881348,2025-09-19,2025-09-20,WestHam
49.0,West Ham,ENG,1,1721.58435059,2025-09-21,2025-09-24,WestHam
48.0,West Ham,ENG,1,1721.90124512,2025-09-25,2025-09-25,WestHam
49.0,West Ham,ENG,1,1723.09179688,2025-09-26,2025-09-29,WestHam
49.0,West Ham,ENG,1,1726.54699707,2025-09-30,2025-09-30,WestHam
49.0,West Ham,ENG,1,1723.01477051,2025-10-01,2025-10-01,WestHam
49.0,West Ham,ENG,1,1727.57885742,2025-10-02,2025-10-02,WestHam
48.0,West Ham,ENG,1,1727.18334961,2025-10-03,2025-10-04,WestHam
49.0,West Ham,ENG,1,1724.65930176,2025-10-05,2025-10-18,WestHam
48.0,West Ham,ENG,1,1724.65930176,2025-10-19,2025-10-20,WestHam
53.0,West Ham,ENG,1,1714.51586914,2025-10-21,2025-10-21,WestHam
52.0,West Ham,ENG,1,1720.64245605,2025-10-22,2025-10-22,WestHam
50.0,West Ham,ENG,1,1724.25769043,2025-10-23,2025-10-23,WestHam
52.0,West Ham,ENG,1,1717.0859375,2025-10-24,2025-10-24,WestHam
54.0,West Ham,ENG,1,1710.38623047,2025-10-25,2025-11-01,WestHam
53.0,West Ham,ENG,1,1710.38623047,2025-11-02,2025-11-02,WestHam
48.0,West Ham,ENG,1,1726.10095215,2025-11-03,2025-11-04,WestHam
47.0,West Ham,ENG,1,1730.24255371,2025-11-05,2025-11-05,WestHam
46.0,West Ham,ENG,1,1731.2713623,2025-11-06,2025-11-06,WestHam
46.0,West Ham,ENG,1,1731.1081543,2025-11-07,2025-11-08,WestHam
42.0,West Ham,ENG,1,1738.1027832,2025-11-09,2025-11-22,WestHam
41.0,West Ham,ENG,1,1742.15222168,2025-11-23,2025-11-23,WestHam
42.0,West Ham,ENG,1,1742.15222168,2025-11-24,2025-11-25,WestHam
44.0,West Ham,ENG,1,1737.35644531,2025-11-26,2025-11-26,WestHam
45.0,West Ham,ENG,1,1731.44555664,2025-11-27,2025-11-27,WestHam
46.0,West Ham,ENG,1,1729.46447754,2025-11-28,2025-11-30,WestHam
48.0,West Ham,ENG,1,1722.95202637,2025-12-01,2025-12-03,WestHam
47.0,West Ham,ENG,1,1722.95202637,2025-12-04,2025-12-04,WestHam
45.0,West Ham,ENG,1,1726.95361328,2025-12-05,2025-12-07,WestHam
42.0,West Ham,ENG,1,1731.4666748,2025-12-08,2025-12-09,WestHam
42.0,West Ham,ENG,1,1733.73974609,2025-12-10,2025-12-10,WestHam
42.0,West Ham,ENG,1,1738.39099121,2025-12-11,2025-12-11,WestHam
41.0,West Ham,ENG,1,1740.51928711,2025-12-12,2025-12-14,WestHam
44.0,West Ham,ENG,1,1735.40588379,2025-12-15,2025-12-18,WestHam
44.0,West Ham,ENG,1,1732.64660645,2025-12-19,2025-12-20,WestHam
44.0,West Ham,ENG,1,1729.41662598,2025-12-21,2025-12-27,WestHam
46.0,West Ham,ENG,1,1721.38195801,2025-12-28,2025-12-30,WestHam
45.0,West Ham,ENG,1,1722.78186035,2025-12-31,2025-12-31,WestHam
45.0,West Ham,ENG,1,1722.78186035,2026-01-01,2026-01-03,WestHam
50.0,West Ham,ENG,1,1708.14404297,2026-01-04,2026-01-06,WestHam
54.0,West Ham,ENG,1,1699.84399414,2026-01-07,2026-01-14,WestHam
55.0,West Ham,ENG,1,1699.84399414,2026-01-15,2026-01-16,WestHam
53.0,West Ham,ENG,1,1699.84399414,2026-01-17,2026-01-17,WestHam
48.0,West Ham,ENG,1,1711.80432129,2026-01-18,2026-01-18,WestHam
49.0,West Ham,ENG,1,1711.80432129,2026-01-19,2026-01-20,WestHam
47.0,West Ham,ENG,1,1712.35083008,2026-01-21,2026-01-21,WestHam
45.0,West Ham,ENG,1,1717.77783203,2026-01-22,2026-01-22,WestHam
45.0,West Ham,ENG,1,1716.7791748,2026-01-23,2026-01-24,WestHam
43.0,West Ham,ENG,1,1725.5859375,2026-01-25,2026-01-25,WestHam
42.0,West Ham,ENG,1,1725.5859375,2026-01-26,2026-01-28,WestHam
40.0,West Ham,ENG,1,1733.31433105,2026-01-29,2026-01-29,WestHam
40.0,West Ham,ENG,1,1734.27392578,2026-01-30,2026-01-31,WestHam
40.0,West Ham,ENG,1,1731.49584961,2026-02-01,2026-02-01,WestHam
41.0,West Ham,ENG,1,1731.49584961,2026-02-02,2026-02-07,WestHam
38.0,West Ham,ENG,1,1743.59179688,2026-02-08,2026-02-10,WestHam
38.0,West Ham,ENG,1,1746.12329102,2026-02-11,2026-02-18,WestHam
38.0,West Ham,ENG,1,1746.61621094,2026-02-19,2026-02-19,WestHam
38.0,West Ham,ENG,1,1749.50292969,2026-02-20,2026-02-21,WestHam
38.0,West Ham,ENG,1,1751.06298828,2026-02-22,2026-02-24,WestHam
38.0,West Ham,ENG,1,1751.30249023,2026-02-25,2026-02-26,WestHam
37.0,West Ham,ENG,1,1751.22119141,2026-02-27,2026-02-28,WestHam
38.0,West Ham,ENG,1,1746.59240723,2026-03-01,2026-03-04,WestHam
35.0,West Ham,ENG,1,1757.515625,2026-03-05,2026-03-07,WestHam
34.0,West Ham,ENG,1,1757.515625,2026-03-08,2026-03-08,WestHam
35.0,West Ham,ENG,1,1757.515625,2026-03-09,2026-03-10,WestHam
36.0,West Ham,ENG,1,1753.25073242,2026-03-11,2026-03-11,WestHam
40.0,West Ham,ENG,1,1745.74035645,2026-03-12,2026-03-12,WestHam
42.0,West Ham,ENG,1,1743.13439941,2026-03-13,2026-03-14,WestHam
37.0,West Ham,ENG,1,1747.84753418,2026-03-15,2026-03-15,WestHam
39.0,West Ham,ENG,1,1747.84753418,2026-03-16,2026-03-17,WestHam
40.0,West Ham,ENG,1,1742.95483398,2026-03-18,2026-03-18,WestHam
41.0,West Ham,ENG,1,1741.88464355,2026-03-19,2026-03-19,WestHam
40.0,West Ham,ENG,1,1746.15893555,2026-03-20,2026-03-20,WestHam
41.0,West Ham,ENG,1,1746.15893555,2026-03-21,2026-03-22,WestHam
42.0,West Ham,ENG,1,1740.47607422,2026-03-23,2026-04-07,WestHam
42.0,West Ham,ENG,1,1741.36242676,2026-04-08,2026-04-08,WestHam
42.0,West Ham,ENG,1,1739.38330078,2026-04-09,2026-04-09,WestHam
40.0,West Ham,ENG,1,1743.2644043,2026-04-10,2026-04-10,WestHam
36.0,West Ham,ENG,1,1755.5793457,2026-04-11,2026-04-12,WestHam
35.0,West Ham,ENG,1,1755.5793457,2026-04-13,2026-04-14,WestHam
36.0,West Ham,ENG,1,1752.62597656,2026-04-15,2026-04-15,WestHam
36.0,West Ham,ENG,1,1752.77600098,2026-04-16,2026-04-20,WestHam
36.0,West Ham,ENG,1,1752.77600098,2026-04-21,2026-04-25,WestHam
36.0,West Ham,ENG,1,1752.77600098,2026-04-26,2026-05-12,WestHam
36.0,West Ham,ENG,1,1752.77600098,2026-05-13,2026-12-31,WestHam
37.0,Wolves,ENG,1,1738.79882812,2024-01-01,2024-01-01,Wolves
38.0,Wolves,ENG,1,1738.79882812,2024-01-02,2024-01-12,Wolves
37.0,Wolves,ENG,1,1738.79882812,2024-01-13,2024-01-13,Wolves
36.0,Wolves,ENG,1,1738.79882812,2024-01-14,2024-01-22,Wolves
36.0,Wolves,ENG,1,1742.640625,2024-01-23,2024-01-31,Wolves
35.0,Wolves,ENG,1,1742.640625,2024-02-01,2024-02-01,Wolves
36.0,Wolves,ENG,1,1734.1661377,2024-02-02,2024-02-02,Wolves
35.0,Wolves,ENG,1,1734.1661377,2024-02-03,2024-02-04,Wolves
34.0,Wolves,ENG,1,1749.32067871,2024-02-05,2024-02-10,Wolves
36.0,Wolves,ENG,1,1735.47900391,2024-02-11,2024-02-11,Wolves
39.0,Wolves,ENG,1,1735.47900391,2024-02-12,2024-02-13,Wolves
39.0,Wolves,ENG,1,1735.65380859,2024-02-14,2024-02-14,Wolves
38.0,Wolves,ENG,1,1735.65380859,2024-02-15,2024-02-15,Wolves
37.0,Wolves,ENG,1,1735.65380859,2024-02-16,2024-02-17,Wolves
35.0,Wolves,ENG,1,1747.69616699,2024-02-18,2024-02-21,Wolves
35.0,Wolves,ENG,1,1746.40515137,2024-02-22,2024-02-25,Wolves
34.0,Wolves,ENG,1,1749.70043945,2024-02-26,2024-03-02,Wolves
37.0,Wolves,ENG,1,1739.89916992,2024-03-03,2024-03-03,Wolves
38.0,Wolves,ENG,1,1739.89916992,2024-03-04,2024-03-05,Wolves
37.0,Wolves,ENG,1,1739.89916992,2024-03-06,2024-03-06,Wolves
37.0,Wolves,ENG,1,1740.06335449,2024-03-07,2024-03-07,Wolves
40.0,Wolves,ENG,1,1735.28222656,2024-03-08,2024-03-09,Wolves
39.0,Wolves,ENG,1,1742.1072998,2024-03-10,2024-03-12,Wolves
39.0,Wolves,ENG,1,1741.09741211,2024-03-13,2024-03-13,Wolves
38.0,Wolves,ENG,1,1741.09741211,2024-03-14,2024-03-14,Wolves
37.0,Wolves,ENG,1,1748.54272461,2024-03-15,2024-03-16,Wolves
38.0,Wolves,ENG,1,1748.54272461,2024-03-17,2024-03-17,Wolves
37.0,Wolves,ENG,1,1748.54272461,2024-03-18,2024-03-30,Wolves
40.0,Wolves,ENG,1,1741.84570312,2024-03-31,2024-03-31,Wolves
39.0,Wolves,ENG,1,1741.84570312,2024-04-01,2024-04-02,Wolves
39.0,Wolves,ENG,1,1740.23474121,2024-04-03,2024-04-05,Wolves
38.0,Wolves,ENG,1,1740.23474121,2024-04-06,2024-04-06,Wolves
39.0,Wolves,ENG,1,1732.07214355,2024-04-07,2024-04-09,Wolves
40.0,Wolves,ENG,1,1731.52502441,2024-04-10,2024-04-10,Wolves
39.0,Wolves,ENG,1,1731.52502441,2024-04-11,2024-04-11,Wolves
41.0,Wolves,ENG,1,1723.8692627,2024-04-12,2024-04-12,Wolves
40.0,Wolves,ENG,1,1723.8692627,2024-04-13,2024-04-13,Wolves
42.0,Wolves,ENG,1,1723.57495117,2024-04-14,2024-04-14,Wolves
43.0,Wolves,ENG,1,1723.57495117,2024-04-15,2024-04-16,Wolves
44.0,Wolves,ENG,1,1723.57495117,2024-04-17,2024-04-17,Wolves
44.0,Wolves,ENG,1,1719.28955078,2024-04-18,2024-04-18,Wolves
44.0,Wolves,ENG,1,1717.11303711,2024-04-19,2024-04-20,Wolves
48.0,Wolves,ENG,1,1711.09741211,2024-04-21,2024-04-24,Wolves
54.0,Wolves,ENG,1,1701.33874512,2024-04-25,2024-04-27,Wolves
50.0,Wolves,ENG,1,1705.41467285,2024-04-28,2024-04-28,Wolves
53.0,Wolves,ENG,1,1705.41467285,2024-04-29,2024-05-02,Wolves
55.0,Wolves,ENG,1,1700.16271973,2024-05-03,2024-05-04,Wolves
56.0,Wolves,ENG,1,1697.77380371,2024-05-05,2024-05-05,Wolves
58.0,Wolves,ENG,1,1697.77380371,2024-05-06,2024-05-08,Wolves
57.0,Wolves,ENG,1,1697.77380371,2024-05-09,2024-05-09,Wolves
59.0,Wolves,ENG,1,1693.45227051,2024-05-10,2024-05-10,Wolves
58.0,Wolves,ENG,1,1693.45227051,2024-05-11,2024-05-11,Wolves
63.0,Wolves,ENG,1,1681.20666504,2024-05-12,2024-05-12,Wolves
64.0,Wolves,ENG,1,1681.20666504,2024-05-13,2024-05-13,Wolves
63.0,Wolves,ENG,1,1681.20666504,2024-05-14,2024-05-18,Wolves
65.0,Wolves,ENG,1,1681.20666504,2024-05-19,2024-05-19,Wolves
65.0,Wolves,ENG,1,1677.86230469,2024-05-20,2024-05-26,Wolves
64.0,Wolves,ENG,1,1677.86230469,2024-05-27,2024-06-01,Wolves
63.0,Wolves,ENG,1,1677.86230469,2024-06-02,2024-08-10,Wolves
62.0,Wolves,ENG,1,1677.86230469,2024-08-11,2024-08-15,Wolves
63.0,Wolves,ENG,1,1677.86230469,2024-08-16,2024-08-17,Wolves
65.0,Wolves,ENG,1,1675.27978516,2024-08-18,2024-08-22,Wolves
65.0,Wolves,ENG,1,1675.54382324,2024-08-23,2024-08-23,Wolves
64.0,Wolves,ENG,1,1675.54382324,2024-08-24,2024-08-24,Wolves
65.0,Wolves,ENG,1,1675.54382324,2024-08-25,2024-08-25,Wolves
68.0,Wolves,ENG,1,1663.46313477,2024-08-26,2024-08-29,Wolves
69.0,Wolves,ENG,1,1663.51940918,2024-08-30,2024-08-31,Wolves
68.0,Wolves,ENG,1,1664.86535645,2024-09-01,2024-09-14,Wolves
71.0,Wolves,ENG,1,1664.86535645,2024-09-15,2024-09-15,Wolves
74.0,Wolves,ENG,1,1659.33068848,2024-09-16,2024-09-16,Wolves
73.0,Wolves,ENG,1,1659.33068848,2024-09-17,2024-09-17,Wolves
71.0,Wolves,ENG,1,1665.49560547,2024-09-18,2024-09-18,Wolves
71.0,Wolves,ENG,1,1663.87207031,2024-09-19,2024-09-19,Wolves
71.0,Wolves,ENG,1,1663.80078125,2024-09-20,2024-09-21,Wolves
75.0,Wolves,ENG,1,1658.42724609,2024-09-22,2024-09-22,Wolves
72.0,Wolves,ENG,1,1658.42724609,2024-09-23,2024-09-23,Wolves
73.0,Wolves,ENG,1,1658.42724609,2024-09-24,2024-09-25,Wolves
76.0,Wolves,ENG,1,1656.39660645,2024-09-26,2024-09-26,Wolves
74.0,Wolves,ENG,1,1657.49401855,2024-09-27,2024-09-28,Wolves
81.0,Wolves,ENG,1,1654.27502441,2024-09-29,2024-09-29,Wolves
80.0,Wolves,ENG,1,1654.27502441,2024-09-30,2024-10-01,Wolves
78.0,Wolves,ENG,1,1656.60693359,2024-10-02,2024-10-02,Wolves
71.0,Wolves,ENG,1,1660.69482422,2024-10-03,2024-10-03,Wolves
69.0,Wolves,ENG,1,1663.48522949,2024-10-04,2024-10-05,Wolves
74.0,Wolves,ENG,1,1656.29309082,2024-10-06,2024-10-06,Wolves
75.0,Wolves,ENG,1,1656.29309082,2024-10-07,2024-10-19,Wolves
74.0,Wolves,ENG,1,1656.29309082,2024-10-20,2024-10-20,Wolves
73.0,Wolves,ENG,1,1654.71582031,2024-10-21,2024-10-21,Wolves
74.0,Wolves,ENG,1,1654.71582031,2024-10-22,2024-10-22,Wolves
73.0,Wolves,ENG,1,1656.93994141,2024-10-23,2024-10-23,Wolves
71.0,Wolves,ENG,1,1660.03234863,2024-10-24,2024-10-24,Wolves
73.0,Wolves,ENG,1,1662.19506836,2024-10-25,2024-10-26,Wolves
68.0,Wolves,ENG,1,1666.70544434,2024-10-27,2024-10-30,Wolves
69.0,Wolves,ENG,1,1666.70544434,2024-10-31,2024-11-02,Wolves
69.0,Wolves,ENG,1,1667.13183594,2024-11-03,2024-11-03,Wolves
68.0,Wolves,ENG,1,1667.13183594,2024-11-04,2024-11-05,Wolves
66.0,Wolves,ENG,1,1664.16345215,2024-11-06,2024-11-06,Wolves
72.0,Wolves,ENG,1,1659.5625,2024-11-07,2024-11-07,Wolves
73.0,Wolves,ENG,1,1658.03845215,2024-11-08,2024-11-09,Wolves
67.0,Wolves,ENG,1,1664.36401367,2024-11-10,2024-11-22,Wolves
66.0,Wolves,ENG,1,1664.36401367,2024-11-23,2024-11-23,Wolves
60.0,Wolves,ENG,1,1684.98217773,2024-11-24,2024-11-26,Wolves
60.0,Wolves,ENG,1,1688.14746094,2024-11-27,2024-11-27,Wolves
59.0,Wolves,ENG,1,1690.26171875,2024-11-28,2024-11-28,Wolves
58.0,Wolves,ENG,1,1691.41870117,2024-11-29,2024-11-30,Wolves
61.0,Wolves,ENG,1,1679.4284668,2024-12-01,2024-12-01,Wolves
60.0,Wolves,ENG,1,1679.4284668,2024-12-02,2024-12-04,Wolves
63.0,Wolves,ENG,1,1666.69360352,2024-12-05,2024-12-07,Wolves
64.0,Wolves,ENG,1,1666.69360352,2024-12-08,2024-12-08,Wolves
65.0,Wolves,ENG,1,1666.69360352,2024-12-09,2024-12-09,Wolves
66.0,Wolves,ENG,1,1661.73156738,2024-12-10,2024-12-10,Wolves
63.0,Wolves,ENG,1,1665.66918945,2024-12-11,2024-12-11,Wolves
68.0,Wolves,ENG,1,1662.75561523,2024-12-12,2024-12-12,Wolves
69.0,Wolves,ENG,1,1664.03161621,2024-12-13,2024-12-14,Wolves
75.0,Wolves,ENG,1,1652.57080078,2024-12-15,2024-12-19,Wolves
75.0,Wolves,ENG,1,1652.68127441,2024-12-20,2024-12-21,Wolves
76.0,Wolves,ENG,1,1652.68127441,2024-12-22,2024-12-22,Wolves
65.0,Wolves,ENG,1,1669.02868652,2024-12-23,2024-12-23,Wolves
66.0,Wolves,ENG,1,1669.02868652,2024-12-24,2024-12-26,Wolves
57.0,Wolves,ENG,1,1682.07531738,2024-12-27,2024-12-28,Wolves
58.0,Wolves,ENG,1,1682.07531738,2024-12-29,2024-12-29,Wolves
57.0,Wolves,ENG,1,1686.93383789,2024-12-30,2024-12-31,Wolves
57.0,Wolves,ENG,1,1686.93383789,2025-01-01,2025-01-06,Wolves
65.0,Wolves,ENG,1,1673.9753418,2025-01-07,2025-01-12,Wolves
64.0,Wolves,ENG,1,1673.9753418,2025-01-13,2025-01-15,Wolves
65.0,Wolves,ENG,1,1669.09631348,2025-01-16,2025-01-18,Wolves
64.0,Wolves,ENG,1,1669.09631348,2025-01-19,2025-01-20,Wolves
65.0,Wolves,ENG,1,1665.31787109,2025-01-21,2025-01-21,Wolves
66.0,Wolves,ENG,1,1663.78833008,2025-01-22,2025-01-22,Wolves
66.0,Wolves,ENG,1,1661.18554688,2025-01-23,2025-01-23,Wolves
65.0,Wolves,ENG,1,1663.88049316,2025-01-24,2025-01-25,Wolves
66.0,Wolves,ENG,1,1661.39916992,2025-01-26,2025-01-26,Wolves
64.0,Wolves,ENG,1,1661.39916992,2025-01-27,2025-01-29,Wolves
65.0,Wolves,ENG,1,1661.52807617,2025-01-30,2025-01-30,Wolves
64.0,Wolves,ENG,1,1664.05737305,2025-01-31,2025-02-01,Wolves
60.0,Wolves,ENG,1,1678.72241211,2025-02-02,2025-02-02,Wolves
59.0,Wolves,ENG,1,1678.72241211,2025-02-03,2025-02-11,Wolves
63.0,Wolves,ENG,1,1676.43188477,2025-02-12,2025-02-13,Wolves
62.0,Wolves,ENG,1,1676.43188477,2025-02-14,2025-02-15,Wolves
63.0,Wolves,ENG,1,1676.43188477,2025-02-16,2025-02-16,Wolves
66.0,Wolves,ENG,1,1675.05993652,2025-02-17,2025-02-18,Wolves
65.0,Wolves,ENG,1,1675.05993652,2025-02-19,2025-02-19,Wolves
66.0,Wolves,ENG,1,1672.41369629,2025-02-20,2025-02-21,Wolves
67.0,Wolves,ENG,1,1672.41369629,2025-02-22,2025-02-22,Wolves
58.0,Wolves,ENG,1,1685.0925293,2025-02-23,2025-02-25,Wolves
63.0,Wolves,ENG,1,1677.7623291,2025-02-26,2025-03-01,Wolves
64.0,Wolves,ENG,1,1677.7623291,2025-03-02,2025-03-02,Wolves
62.0,Wolves,ENG,1,1677.7623291,2025-03-03,2025-03-04,Wolves
59.0,Wolves,ENG,1,1682.75268555,2025-03-05,2025-03-05,Wolves
59.0,Wolves,ENG,1,1684.58288574,2025-03-06,2025-03-06,Wolves
60.0,Wolves,ENG,1,1684.7355957,2025-03-07,2025-03-08,Wolves
58.0,Wolves,ENG,1,1685.15673828,2025-03-09,2025-03-11,Wolves
59.0,Wolves,ENG,1,1682.31298828,2025-03-12,2025-03-12,Wolves
61.0,Wolves,ENG,1,1684.80249023,2025-03-13,2025-03-13,Wolves
59.0,Wolves,ENG,1,1691.0423584,2025-03-14,2025-03-14,Wolves
58.0,Wolves,ENG,1,1691.0423584,2025-03-15,2025-03-15,Wolves
53.0,Wolves,ENG,1,1696.68334961,2025-03-16,2025-03-16,Wolves
51.0,Wolves,ENG,1,1696.68334961,2025-03-17,2025-03-28,Wolves
53.0,Wolves,ENG,1,1696.68334961,2025-03-29,2025-03-29,Wolves
54.0,Wolves,ENG,1,1696.68334961,2025-03-30,2025-03-30,Wolves
55.0,Wolves,ENG,1,1696.68334961,2025-03-31,2025-04-01,Wolves
52.0,Wolves,ENG,1,1704.43994141,2025-04-02,2025-04-05,Wolves
50.0,Wolves,ENG,1,1710.96789551,2025-04-06,2025-04-06,Wolves
51.0,Wolves,ENG,1,1710.96789551,2025-04-07,2025-04-08,Wolves
50.0,Wolves,ENG,1,1713.87866211,2025-04-09,2025-04-09,Wolves
50.0,Wolves,ENG,1,1712.50488281,2025-04-10,2025-04-10,Wolves
50.0,Wolves,ENG,1,1712.5032959,2025-04-11,2025-04-12,Wolves
49.0,Wolves,ENG,1,1712.5032959,2025-04-13,2025-04-13,Wolves
46.0,Wolves,ENG,1,1724.77233887,2025-04-14,2025-04-15,Wolves
46.0,Wolves,ENG,1,1724.53918457,2025-04-16,2025-04-16,Wolves
46.0,Wolves,ENG,1,1726.3359375,2025-04-17,2025-04-17,Wolves
44.0,Wolves,ENG,1,1731.59033203,2025-04-18,2025-04-20,Wolves
41.0,Wolves,ENG,1,1742.67199707,2025-04-21,2025-04-26,Wolves
42.0,Wolves,ENG,1,1748.62097168,2025-04-27,2025-04-29,Wolves
42.0,Wolves,ENG,1,1745.77001953,2025-04-30,2025-05-01,Wolves
41.0,Wolves,ENG,1,1752.0357666,2025-05-02,2025-05-02,Wolves
42.0,Wolves,ENG,1,1749.40625,2025-05-03,2025-05-04,Wolves
41.0,Wolves,ENG,1,1749.40625,2025-05-05,2025-05-07,Wolves
41.0,Wolves,ENG,1,1746.88452148,2025-05-08,2025-05-08,Wolves
41.0,Wolves,ENG,1,1751.55407715,2025-05-09,2025-05-10,Wolves
43.0,Wolves,ENG,1,1739.46862793,2025-05-11,2025-05-11,Wolves
44.0,Wolves,ENG,1,1739.46862793,2025-05-12,2025-05-17,Wolves
45.0,Wolves,ENG,1,1739.46862793,2025-05-18,2025-05-18,Wolves
44.0,Wolves,ENG,1,1739.46862793,2025-05-19,2025-05-20,Wolves
46.0,Wolves,ENG,1,1732.73754883,2025-05-21,2025-05-25,Wolves
46.0,Wolves,ENG,1,1733.40881348,2025-05-26,2025-05-28,Wolves
46.0,Wolves,ENG,1,1735.77661133,2025-05-29,2025-08-01,Wolves
45.0,Wolves,ENG,1,1735.77661133,2025-08-02,2025-08-06,Wolves
46.0,Wolves,ENG,1,1735.77661133,2025-08-07,2025-08-12,Wolves
45.0,Wolves,ENG,1,1735.77661133,2025-08-13,2025-08-16,Wolves
46.0,Wolves,ENG,1,1727.97644043,2025-08-17,2025-08-18,Wolves
47.0,Wolves,ENG,1,1727.97644043,2025-08-19,2025-08-21,Wolves
47.0,Wolves,ENG,1,1727.96582031,2025-08-22,2025-08-22,Wolves
46.0,Wolves,ENG,1,1727.96582031,2025-08-23,2025-08-23,Wolves
48.0,Wolves,ENG,1,1722.96057129,2025-08-24,2025-08-24,Wolves
49.0,Wolves,ENG,1,1722.96057129,2025-08-25,2025-08-27,Wolves
48.0,Wolves,ENG,1,1722.96057129,2025-08-28,2025-08-28,Wolves
48.0,Wolves,ENG,1,1723.14770508,2025-08-29,2025-08-30,Wolves
53.0,Wolves,ENG,1,1715.67651367,2025-08-31,2025-08-31,Wolves
52.0,Wolves,ENG,1,1715.67651367,2025-09-01,2025-09-13,Wolves
53.0,Wolves,ENG,1,1712.14013672,2025-09-14,2025-09-16,Wolves
51.0,Wolves,ENG,1,1716.01538086,2025-09-17,2025-09-17,Wolves
52.0,Wolves,ENG,1,1714.41784668,2025-09-18,2025-09-18,Wolves
52.0,Wolves,ENG,1,1713.62158203,2025-09-19,2025-09-19,Wolves
53.0,Wolves,ENG,1,1713.62158203,2025-09-20,2025-09-20,Wolves
56.0,Wolves,ENG,1,1701.08435059,2025-09-21,2025-09-24,Wolves
55.0,Wolves,ENG,1,1701.40124512,2025-09-25,2025-09-25,Wolves
55.0,Wolves,ENG,1,1702.59191895,2025-09-26,2025-09-27,Wolves
54.0,Wolves,ENG,1,1706.81762695,2025-09-28,2025-09-30,Wolves
55.0,Wolves,ENG,1,1703.28527832,2025-10-01,2025-10-01,Wolves
55.0,Wolves,ENG,1,1707.84936523,2025-10-02,2025-10-02,Wolves
54.0,Wolves,ENG,1,1707.45397949,2025-10-03,2025-10-05,Wolves
54.0,Wolves,ENG,1,1709.85742188,2025-10-06,2025-10-18,Wolves
55.0,Wolves,ENG,1,1696.11474609,2025-10-19,2025-10-21,Wolves
55.0,Wolves,ENG,1,1702.24121094,2025-10-22,2025-10-22,Wolves
55.0,Wolves,ENG,1,1705.85656738,2025-10-23,2025-10-23,Wolves
55.0,Wolves,ENG,1,1698.68481445,2025-10-24,2025-10-26,Wolves
55.0,Wolves,ENG,1,1690.02478027,2025-10-27,2025-10-29,Wolves
56.0,Wolves,ENG,1,1690.02478027,2025-10-30,2025-11-01,Wolves
60.0,Wolves,ENG,1,1681.76403809,2025-11-02,2025-11-04,Wolves
59.0,Wolves,ENG,1,1685.90563965,2025-11-05,2025-11-05,Wolves
58.0,Wolves,ENG,1,1686.93444824,2025-11-06,2025-11-06,Wolves
60.0,Wolves,ENG,1,1686.77124023,2025-11-07,2025-11-08,Wolves
60.0,Wolves,ENG,1,1682.49084473,2025-11-09,2025-11-09,Wolves
61.0,Wolves,ENG,1,1682.49084473,2025-11-10,2025-11-21,Wolves
60.0,Wolves,ENG,1,1682.49084473,2025-11-22,2025-11-22,Wolves
67.0,Wolves,ENG,1,1675.39611816,2025-11-23,2025-11-23,Wolves
64.0,Wolves,ENG,1,1675.39611816,2025-11-24,2025-11-24,Wolves
63.0,Wolves,ENG,1,1675.39611816,2025-11-25,2025-11-25,Wolves
64.0,Wolves,ENG,1,1670.60046387,2025-11-26,2025-11-26,Wolves
69.0,Wolves,ENG,1,1664.6895752,2025-11-27,2025-11-27,Wolves
67.0,Wolves,ENG,1,1662.70849609,2025-11-28,2025-11-30,Wolves
65.0,Wolves,ENG,1,1660.25598145,2025-12-01,2025-12-01,Wolves
66.0,Wolves,ENG,1,1660.25598145,2025-12-02,2025-12-03,Wolves
72.0,Wolves,ENG,1,1653.74487305,2025-12-04,2025-12-07,Wolves
71.0,Wolves,ENG,1,1653.74487305,2025-12-08,2025-12-08,Wolves
77.0,Wolves,ENG,1,1644.73706055,2025-12-09,2025-12-09,Wolves
77.0,Wolves,ENG,1,1647.01013184,2025-12-10,2025-12-10,Wolves
73.0,Wolves,ENG,1,1651.66137695,2025-12-11,2025-12-11,Wolves
71.0,Wolves,ENG,1,1653.78967285,2025-12-12,2025-12-13,Wolves
71.0,Wolves,ENG,1,1652.86877441,2025-12-14,2025-12-18,Wolves
73.0,Wolves,ENG,1,1650.10961914,2025-12-19,2025-12-20,Wolves
78.0,Wolves,ENG,1,1642.43054199,2025-12-21,2025-12-27,Wolves
78.0,Wolves,ENG,1,1640.97412109,2025-12-28,2025-12-30,Wolves
74.0,Wolves,ENG,1,1647.17260742,2025-12-31,2025-12-31,Wolves
74.0,Wolves,ENG,1,1647.17260742,2026-01-01,2026-01-03,Wolves
66.0,Wolves,ENG,1,1661.81030273,2026-01-04,2026-01-04,Wolves
68.0,Wolves,ENG,1,1661.81030273,2026-01-05,2026-01-07,Wolves
65.0,Wolves,ENG,1,1666.98193359,2026-01-08,2026-01-16,Wolves
64.0,Wolves,ENG,1,1666.98193359,2026-01-17,2026-01-18,Wolves
64.0,Wolves,ENG,1,1671.05773926,2026-01-19,2026-01-20,Wolves
65.0,Wolves,ENG,1,1671.60424805,2026-01-21,2026-01-21,Wolves
61.0,Wolves,ENG,1,1677.03125,2026-01-22,2026-01-22,Wolves
64.0,Wolves,ENG,1,1676.03259277,2026-01-23,2026-01-24,Wolves
64.0,Wolves,ENG,1,1673.58581543,2026-01-25,2026-01-25,Wolves
65.0,Wolves,ENG,1,1673.58581543,2026-01-26,2026-01-28,Wolves
60.0,Wolves,ENG,1,1681.31408691,2026-01-29,2026-01-29,Wolves
61.0,Wolves,ENG,1,1682.27380371,2026-01-30,2026-01-31,Wolves
62.0,Wolves,ENG,1,1674.27148438,2026-02-01,2026-02-07,Wolves
63.0,Wolves,ENG,1,1669.31628418,2026-02-08,2026-02-11,Wolves
63.0,Wolves,ENG,1,1673.60400391,2026-02-12,2026-02-18,Wolves
62.0,Wolves,ENG,1,1681.67260742,2026-02-19,2026-02-19,Wolves
60.0,Wolves,ENG,1,1684.5592041,2026-02-20,2026-02-21,Wolves
62.0,Wolves,ENG,1,1684.5592041,2026-02-22,2026-02-22,Wolves
65.0,Wolves,ENG,1,1680.11889648,2026-02-23,2026-02-24,Wolves
65.0,Wolves,ENG,1,1680.35839844,2026-02-25,2026-02-25,Wolves
64.0,Wolves,ENG,1,1680.35839844,2026-02-26,2026-02-26,Wolves
64.0,Wolves,ENG,1,1680.27709961,2026-02-27,2026-02-27,Wolves
55.0,Wolves,ENG,1,1699.14001465,2026-02-28,2026-02-28,Wolves
57.0,Wolves,ENG,1,1699.14001465,2026-03-01,2026-03-01,Wolves
56.0,Wolves,ENG,1,1699.14001465,2026-03-02,2026-03-03,Wolves
51.0,Wolves,ENG,1,1712.7668457,2026-03-04,2026-03-06,Wolves
52.0,Wolves,ENG,1,1712.7668457,2026-03-07,2026-03-08,Wolves
51.0,Wolves,ENG,1,1712.7668457,2026-03-09,2026-03-10,Wolves
53.0,Wolves,ENG,1,1708.50195312,2026-03-11,2026-03-11,Wolves
55.0,Wolves,ENG,1,1700.99157715,2026-03-12,2026-03-12,Wolves
56.0,Wolves,ENG,1,1698.38562012,2026-03-13,2026-03-14,Wolves
54.0,Wolves,ENG,1,1698.38562012,2026-03-15,2026-03-16,Wolves
52.0,Wolves,ENG,1,1703.06530762,2026-03-17,2026-03-17,Wolves
56.0,Wolves,ENG,1,1698.17248535,2026-03-18,2026-03-18,Wolves
57.0,Wolves,ENG,1,1697.10241699,2026-03-19,2026-03-19,Wolves
57.0,Wolves,ENG,1,1701.37670898,2026-03-20,2026-04-04,Wolves
56.0,Wolves,ENG,1,1701.37670898,2026-04-05,2026-04-05,Wolves
57.0,Wolves,ENG,1,1701.37670898,2026-04-06,2026-04-07,Wolves
57.0,Wolves,ENG,1,1702.26306152,2026-04-08,2026-04-08,Wolves
58.0,Wolves,ENG,1,1700.28393555,2026-04-09,2026-04-09,Wolves
59.0,Wolves,ENG,1,1704.16503906,2026-04-10,2026-04-10,Wolves
62.0,Wolves,ENG,1,1691.85021973,2026-04-11,2026-04-11,Wolves
63.0,Wolves,ENG,1,1691.85021973,2026-04-12,2026-04-14,Wolves
63.0,Wolves,ENG,1,1688.89685059,2026-04-15,2026-04-15,Wolves
63.0,Wolves,ENG,1,1689.04675293,2026-04-16,2026-04-18,Wolves
63.0,Wolves,ENG,1,1689.04675293,2026-04-19,2026-04-25,Wolves
63.0,Wolves,ENG,1,1689.04675293,2026-04-26,2026-05-12,Wolves
63.0,Wolves,ENG,1,1689.04675293,2026-05-13,2026-12-31,Wolves
,Sunderland,ENG,2,1518.47827148,2024-01-01,2024-01-01,Sunderland
,Sunderland,ENG,2,1525.6619873,2024-01-02,2024-01-13,Sunderland
,Sunderland,ENG,2,1519.27990723,2024-01-14,2024-01-19,Sunderland
,Sunderland,ENG,2,1508.79455566,2024-01-20,2024-01-27,Sunderland
,Sunderland,ENG,2,1516.49975586,2024-01-28,2024-02-04,Sunderland
,Sunderland,ENG,2,1518.58874512,2024-02-05,2024-02-10,Sunderland
,Sunderland,ENG,2,1526.00512695,2024-02-11,2024-02-13,Sunderland
,Sunderland,ENG,2,1526.17980957,2024-02-14,2024-02-14,Sunderland
,Sunderland,ENG,2,1517.65734863,2024-02-15,2024-02-17,Sunderland
,Sunderland,ENG,2,1508.54504395,2024-02-18,2024-02-21,Sunderland
,Sunderland,ENG,2,1507.25402832,2024-02-22,2024-02-24,Sunderland
,Sunderland,ENG,2,1497.38525391,2024-02-25,2024-03-02,Sunderland
,Sunderland,ENG,2,1491.45812988,2024-03-03,2024-03-05,Sunderland
,Sunderland,ENG,2,1487.2578125,2024-03-06,2024-03-06,Sunderland
,Sunderland,ENG,2,1487.42199707,2024-03-07,2024-03-07,Sunderland
,Sunderland,ENG,2,1482.64086914,2024-03-08,2024-03-09,Sunderland
,Sunderland,ENG,2,1477.31274414,2024-03-10,2024-03-12,Sunderland
,Sunderland,ENG,2,1476.30285645,2024-03-13,2024-03-14,Sunderland
,Sunderland,ENG,2,1483.74829102,2024-03-15,2024-03-16,Sunderland
,Sunderland,ENG,2,1480.99511719,2024-03-17,2024-03-29,Sunderland
,Sunderland,ENG,2,1493.56689453,2024-03-30,2024-04-01,Sunderland
,Sunderland,ENG,2,1472.11218262,2024-04-02,2024-04-06,Sunderland
,Sunderland,ENG,2,1471.31018066,2024-04-07,2024-04-09,Sunderland
,Sunderland,ENG,2,1477.11645508,2024-04-10,2024-04-11,Sunderland
,Sunderland,ENG,2,1469.46069336,2024-04-12,2024-04-13,Sunderland
,Sunderland,ENG,2,1481.59814453,2024-04-14,2024-04-17,Sunderland
,Sunderland,ENG,2,1477.31262207,2024-04-18,2024-04-18,Sunderland
,Sunderland,ENG,2,1475.1361084,2024-04-19,2024-04-20,Sunderland
,Sunderland,ENG,2,1464.85375977,2024-04-21,2024-04-27,Sunderland
,Sunderland,ENG,2,1458.3651123,2024-04-28,2024-05-02,Sunderland
,Sunderland,ENG,2,1453.11315918,2024-05-03,2024-05-04,Sunderland
,Sunderland,ENG,2,1439.02026367,2024-05-05,2024-05-09,Sunderland
,Sunderland,ENG,2,1434.69873047,2024-05-10,2024-08-10,Sunderland
,Sunderland,ENG,2,1447.18444824,2024-08-11,2024-08-18,Sunderland
,Sunderland,ENG,2,1461.19567871,2024-08-19,2024-08-22,Sunderland
,Sunderland,ENG,2,1461.45983887,2024-08-23,2024-08-24,Sunderland
,Sunderland,ENG,2,1472.48303223,2024-08-25,2024-08-29,Sunderland
,Sunderland,ENG,2,1472.53930664,2024-08-30,2024-08-31,Sunderland
,Sunderland,ENG,2,1483.29650879,2024-09-01,2024-09-14,Sunderland
,Sunderland,ENG,2,1474.11437988,2024-09-15,2024-09-17,Sunderland
,Sunderland,ENG,2,1480.27929688,2024-09-18,2024-09-18,Sunderland
,Sunderland,ENG,2,1478.65563965,2024-09-19,2024-09-19,Sunderland
,Sunderland,ENG,2,1478.58447266,2024-09-20,2024-09-21,Sunderland
,Sunderland,ENG,2,1486.7767334,2024-09-22,2024-09-25,Sunderland
,Sunderland,ENG,2,1484.74609375,2024-09-26,2024-09-26,Sunderland
,Sunderland,ENG,2,1485.84350586,2024-09-27,2024-09-28,Sunderland
,Sunderland,ENG,2,1478.88037109,2024-09-29,2024-10-01,Sunderland
,Sunderland,ENG,2,1487.890625,2024-10-02,2024-10-02,Sunderland
,Sunderland,ENG,2,1491.97851562,2024-10-03,2024-10-03,Sunderland
,Sunderland,ENG,2,1494.7689209,2024-10-04,2024-10-04,Sunderland
,Sunderland,ENG,2,1496.859375,2024-10-05,2024-10-20,Sunderland
,Sunderland,ENG,2,1506.75817871,2024-10-21,2024-10-22,Sunderland
,Sunderland,ENG,2,1508.98217773,2024-10-23,2024-10-23,Sunderland
,Sunderland,ENG,2,1522.52038574,2024-10-24,2024-10-24,Sunderland
,Sunderland,ENG,2,1524.68310547,2024-10-25,2024-10-26,Sunderland
,Sunderland,ENG,2,1530.82983398,2024-10-27,2024-11-02,Sunderland
,Sunderland,ENG,2,1529.91882324,2024-11-03,2024-11-05,Sunderland
,Sunderland,ENG,2,1526.95031738,2024-11-06,2024-11-06,Sunderland
,Sunderland,ENG,2,1522.08410645,2024-11-07,2024-11-07,Sunderland
,Sunderland,ENG,2,1520.55993652,2024-11-08,2024-11-09,Sunderland
,Sunderland,ENG,2,1517.84362793,2024-11-10,2024-11-23,Sunderland
,Sunderland,ENG,2,1519.29968262,2024-11-24,2024-11-26,Sunderland
,Sunderland,ENG,2,1521.63574219,2024-11-27,2024-11-27,Sunderland
,Sunderland,ENG,2,1523.75,2024-11-28,2024-11-28,Sunderland
,Sunderland,ENG,2,1524.90686035,2024-11-29,2024-11-29,Sunderland
,Sunderland,ENG,2,1519.76550293,2024-11-30,2024-12-07,Sunderland
,Sunderland,ENG,2,1525.11218262,2024-12-08,2024-12-10,Sunderland
,Sunderland,ENG,2,1526.31738281,2024-12-11,2024-12-11,Sunderland
,Sunderland,ENG,2,1523.40393066,2024-12-12,2024-12-12,Sunderland
,Sunderland,ENG,2,1524.67980957,2024-12-13,2024-12-14,Sunderland
,Sunderland,ENG,2,1533.86743164,2024-12-15,2024-12-19,Sunderland
,Sunderland,ENG,2,1533.97790527,2024-12-20,2024-12-21,Sunderland
,Sunderland,ENG,2,1539.86962891,2024-12-22,2024-12-26,Sunderland
,Sunderland,ENG,2,1540.89990234,2024-12-27,2024-12-29,Sunderland
,Sunderland,ENG,2,1531.59313965,2024-12-30,2024-12-31,Sunderland
,Sunderland,ENG,2,1531.59313965,2025-01-01,2025-01-01,Sunderland
,Sunderland,ENG,2,1540.00683594,2025-01-02,2025-01-05,Sunderland
,Sunderland,ENG,2,1543.9197998,2025-01-06,2025-01-17,Sunderland
,Sunderland,ENG,2,1548.56713867,2025-01-18,2025-01-21,Sunderland
,Sunderland,ENG,2,1552.99780273,2025-01-22,2025-01-22,Sunderland
,Sunderland,ENG,2,1550.39501953,2025-01-23,2025-01-23,Sunderland
,Sunderland,ENG,2,1553.08996582,2025-01-24,2025-01-25,Sunderland
,Sunderland,ENG,2,1547.1270752,2025-01-26,2025-01-29,Sunderland
,Sunderland,ENG,2,1547.25598145,2025-01-30,2025-01-30,Sunderland
,Sunderland,ENG,2,1549.78527832,2025-01-31,2025-02-03,Sunderland
,Sunderland,ENG,2,1559.16516113,2025-02-04,2025-02-08,Sunderland
,Sunderland,ENG,2,1555.39526367,2025-02-09,2025-02-11,Sunderland
,Sunderland,ENG,2,1553.10473633,2025-02-12,2025-02-12,Sunderland
,Sunderland,ENG,2,1559.44067383,2025-02-13,2025-02-17,Sunderland
,Sunderland,ENG,2,1555.45568848,2025-02-18,2025-02-19,Sunderland
,Sunderland,ENG,2,1552.80957031,2025-02-20,2025-02-22,Sunderland
,Sunderland,ENG,2,1540.94970703,2025-02-23,2025-02-28,Sunderland
,Sunderland,ENG,2,1548.55957031,2025-03-01,2025-03-04,Sunderland
,Sunderland,ENG,2,1553.54992676,2025-03-05,2025-03-05,Sunderland
,Sunderland,ENG,2,1555.38012695,2025-03-06,2025-03-06,Sunderland
,Sunderland,ENG,2,1555.53283691,2025-03-07,2025-03-08,Sunderland
,Sunderland,ENG,2,1559.55163574,2025-03-09,2025-03-11,Sunderland
,Sunderland,ENG,2,1553.1340332,2025-03-12,2025-03-12,Sunderland
,Sunderland,ENG,2,1555.62365723,2025-03-13,2025-03-13,Sunderland
,Sunderland,ENG,2,1561.86352539,2025-03-14,2025-03-15,Sunderland
,Sunderland,ENG,2,1549.16137695,2025-03-16,2025-03-29,Sunderland
,Sunderland,ENG,2,1554.68371582,2025-03-30,2025-04-05,Sunderland
,Sunderland,ENG,2,1564.26977539,2025-04-06,2025-04-08,Sunderland
,Sunderland,ENG,2,1567.16418457,2025-04-09,2025-04-09,Sunderland
,Sunderland,ENG,2,1565.79040527,2025-04-10,2025-04-10,Sunderland
,Sunderland,ENG,2,1565.78894043,2025-04-11,2025-04-12,Sunderland
,Sunderland,ENG,2,1553.99804688,2025-04-13,2025-04-15,Sunderland
,Sunderland,ENG,2,1553.76489258,2025-04-16,2025-04-16,Sunderland
,Sunderland,ENG,2,1555.56164551,2025-04-17,2025-04-17,Sunderland
,Sunderland,ENG,2,1560.81604004,2025-04-18,2025-04-18,Sunderland
,Sunderland,ENG,2,1553.86462402,2025-04-19,2025-04-21,Sunderland
,Sunderland,ENG,2,1542.41125488,2025-04-22,2025-04-26,Sunderland
,Sunderland,ENG,2,1528.99047852,2025-04-27,2025-04-29,Sunderland
,Sunderland,ENG,2,1526.13952637,2025-04-30,2025-05-01,Sunderland
,Sunderland,ENG,2,1532.40527344,2025-05-02,2025-05-03,Sunderland
,Sunderland,ENG,2,1521.26623535,2025-05-04,2025-05-07,Sunderland
,Sunderland,ENG,2,1518.74450684,2025-05-08,2025-05-08,Sunderland
,Sunderland,ENG,2,1523.4140625,2025-05-09,2025-05-09,Sunderland
,Sunderland,ENG,2,1533.89074707,2025-05-10,2025-05-13,Sunderland
,Sunderland,ENG,2,1532.65319824,2025-05-14,2025-05-24,Sunderland
,Sunderland,ENG,2,1544.75256348,2025-05-25,2025-05-28,Sunderland
,Sunderland,ENG,2,1547.12036133,2025-05-29,2025-07-05,Sunderland
,Sunderland,ENG,1,1547.12036133,2025-07-06,2025-08-16,Sunderland
,Sunderland,ENG,1,1567.98974609,2025-08-17,2025-08-21,Sunderland
,Sunderland,ENG,1,1567.97912598,2025-08-22,2025-08-23,Sunderland
,Sunderland,ENG,1,1562.86047363,2025-08-24,2025-08-28,Sunderland
,Sunderland,ENG,1,1563.04760742,2025-08-29,2025-08-30,Sunderland
,Sunderland,ENG,1,1576.12097168,2025-08-31,2025-09-13,Sunderland
,Sunderland,ENG,1,1583.44567871,2025-09-14,2025-09-16,Sunderland
,Sunderland,ENG,1,1587.32104492,2025-09-17,2025-09-17,Sunderland
,Sunderland,ENG,1,1585.72351074,2025-09-18,2025-09-18,Sunderland
,Sunderland,ENG,1,1584.92712402,2025-09-19,2025-09-21,Sunderland
,Sunderland,ENG,1,1590.51745605,2025-09-22,2025-09-24,Sunderland
,Sunderland,ENG,1,1590.83435059,2025-09-25,2025-09-25,Sunderland
,Sunderland,ENG,1,1592.02502441,2025-09-26,2025-09-27,Sunderland
100.0,Sunderland,ENG,1,1605.94311523,2025-09-28,2025-09-30,Sunderland
,Sunderland,ENG,1,1602.4107666,2025-10-01,2025-10-01,Sunderland
,Sunderland,ENG,1,1606.97497559,2025-10-02,2025-10-02,Sunderland
100.0,Sunderland,ENG,1,1606.57946777,2025-10-03,2025-10-04,Sunderland
,Sunderland,ENG,1,1602.29650879,2025-10-05,2025-10-18,Sunderland
95.0,Sunderland,ENG,1,1616.03918457,2025-10-19,2025-10-19,Sunderland
92.0,Sunderland,ENG,1,1616.03918457,2025-10-20,2025-10-21,Sunderland
88.0,Sunderland,ENG,1,1622.16577148,2025-10-22,2025-10-22,Sunderland
85.0,Sunderland,ENG,1,1625.78100586,2025-10-23,2025-10-23,Sunderland
89.0,Sunderland,ENG,1,1618.60925293,2025-10-24,2025-10-25,Sunderland
83.0,Sunderland,ENG,1,1634.45739746,2025-10-26,2025-11-02,Sunderland
82.0,Sunderland,ENG,1,1634.45739746,2025-11-03,2025-11-03,Sunderland
82.0,Sunderland,ENG,1,1637.49963379,2025-11-04,2025-11-04,Sunderland
81.0,Sunderland,ENG,1,1641.64111328,2025-11-05,2025-11-05,Sunderland
79.0,Sunderland,ENG,1,1642.66992188,2025-11-06,2025-11-06,Sunderland
80.0,Sunderland,ENG,1,1642.50671387,2025-11-07,2025-11-08,Sunderland
75.0,Sunderland,ENG,1,1650.20581055,2025-11-09,2025-11-09,Sunderland
76.0,Sunderland,ENG,1,1650.20581055,2025-11-10,2025-11-21,Sunderland
75.0,Sunderland,ENG,1,1650.20581055,2025-11-22,2025-11-22,Sunderland
79.0,Sunderland,ENG,1,1646.31298828,2025-11-23,2025-11-24,Sunderland
78.0,Sunderland,ENG,1,1646.31298828,2025-11-25,2025-11-25,Sunderland
78.0,Sunderland,ENG,1,1641.51721191,2025-11-26,2025-11-26,Sunderland
84.0,Sunderland,ENG,1,1635.60632324,2025-11-27,2025-11-27,Sunderland
83.0,Sunderland,ENG,1,1633.62524414,2025-11-28,2025-11-28,Sunderland
84.0,Sunderland,ENG,1,1633.62524414,2025-11-29,2025-11-29,Sunderland
76.0,Sunderland,ENG,1,1645.08032227,2025-11-30,2025-11-30,Sunderland
77.0,Sunderland,ENG,1,1645.08032227,2025-12-01,2025-12-03,Sunderland
73.0,Sunderland,ENG,1,1652.4675293,2025-12-04,2025-12-06,Sunderland
75.0,Sunderland,ENG,1,1649.81494141,2025-12-07,2025-12-09,Sunderland
73.0,Sunderland,ENG,1,1652.0880127,2025-12-10,2025-12-10,Sunderland
70.0,Sunderland,ENG,1,1656.73913574,2025-12-11,2025-12-11,Sunderland
69.0,Sunderland,ENG,1,1658.86755371,2025-12-12,2025-12-13,Sunderland
68.0,Sunderland,ENG,1,1658.86755371,2025-12-14,2025-12-14,Sunderland
64.0,Sunderland,ENG,1,1671.24731445,2025-12-15,2025-12-18,Sunderland
64.0,Sunderland,ENG,1,1668.48803711,2025-12-19,2025-12-20,Sunderland
63.0,Sunderland,ENG,1,1674.19128418,2025-12-21,2025-12-22,Sunderland
64.0,Sunderland,ENG,1,1674.19128418,2025-12-23,2025-12-28,Sunderland
64.0,Sunderland,ENG,1,1674.57055664,2025-12-29,2025-12-31,Sunderland
64.0,Sunderland,ENG,1,1674.57055664,2026-01-01,2026-01-01,Sunderland
61.0,Sunderland,ENG,1,1681.03051758,2026-01-02,2026-01-03,Sunderland
60.0,Sunderland,ENG,1,1681.03051758,2026-01-04,2026-01-04,Sunderland
58.0,Sunderland,ENG,1,1686.13000488,2026-01-05,2026-01-07,Sunderland
60.0,Sunderland,ENG,1,1680.29211426,2026-01-08,2026-01-10,Sunderland
61.0,Sunderland,ENG,1,1680.29211426,2026-01-11,2026-01-17,Sunderland
58.0,Sunderland,ENG,1,1690.06323242,2026-01-18,2026-01-20,Sunderland
59.0,Sunderland,ENG,1,1690.60974121,2026-01-21,2026-01-21,Sunderland
57.0,Sunderland,ENG,1,1696.03674316,2026-01-22,2026-01-22,Sunderland
57.0,Sunderland,ENG,1,1695.03808594,2026-01-23,2026-01-24,Sunderland
58.0,Sunderland,ENG,1,1686.23132324,2026-01-25,2026-01-25,Sunderland
59.0,Sunderland,ENG,1,1686.23132324,2026-01-26,2026-01-28,Sunderland
57.0,Sunderland,ENG,1,1693.95959473,2026-01-29,2026-01-29,Sunderland
55.0,Sunderland,ENG,1,1694.91931152,2026-01-30,2026-02-01,Sunderland
54.0,Sunderland,ENG,1,1694.91931152,2026-02-02,2026-02-02,Sunderland
50.0,Sunderland,ENG,1,1707.78381348,2026-02-03,2026-02-03,Sunderland
49.0,Sunderland,ENG,1,1707.78381348,2026-02-04,2026-02-07,Sunderland
49.0,Sunderland,ENG,1,1705.72753906,2026-02-08,2026-02-11,Sunderland
49.0,Sunderland,ENG,1,1702.13769531,2026-02-12,2026-02-14,Sunderland
48.0,Sunderland,ENG,1,1702.13769531,2026-02-15,2026-02-17,Sunderland
49.0,Sunderland,ENG,1,1702.13769531,2026-02-18,2026-02-18,Sunderland
48.0,Sunderland,ENG,1,1702.6307373,2026-02-19,2026-02-19,Sunderland
48.0,Sunderland,ENG,1,1705.51745605,2026-02-20,2026-02-21,Sunderland
49.0,Sunderland,ENG,1,1705.51745605,2026-02-22,2026-02-22,Sunderland
55.0,Sunderland,ENG,1,1696.25195312,2026-02-23,2026-02-23,Sunderland
56.0,Sunderland,ENG,1,1696.25195312,2026-02-24,2026-02-24,Sunderland
54.0,Sunderland,ENG,1,1696.49145508,2026-02-25,2026-02-25,Sunderland
55.0,Sunderland,ENG,1,1696.49145508,2026-02-26,2026-02-26,Sunderland
57.0,Sunderland,ENG,1,1696.41015625,2026-02-27,2026-02-27,Sunderland
58.0,Sunderland,ENG,1,1696.41015625,2026-02-28,2026-02-28,Sunderland
54.0,Sunderland,ENG,1,1701.40307617,2026-03-01,2026-03-02,Sunderland
55.0,Sunderland,ENG,1,1701.40307617,2026-03-03,2026-03-03,Sunderland
50.0,Sunderland,ENG,1,1712.80151367,2026-03-04,2026-03-06,Sunderland
51.0,Sunderland,ENG,1,1712.80151367,2026-03-07,2026-03-08,Sunderland
50.0,Sunderland,ENG,1,1712.80151367,2026-03-09,2026-03-10,Sunderland
52.0,Sunderland,ENG,1,1708.53662109,2026-03-11,2026-03-11,Sunderland
54.0,Sunderland,ENG,1,1701.02624512,2026-03-12,2026-03-12,Sunderland
55.0,Sunderland,ENG,1,1698.42028809,2026-03-13,2026-03-14,Sunderland
56.0,Sunderland,ENG,1,1692.71972656,2026-03-15,2026-03-15,Sunderland
59.0,Sunderland,ENG,1,1692.71972656,2026-03-16,2026-03-17,Sunderland
60.0,Sunderland,ENG,1,1687.8269043,2026-03-18,2026-03-18,Sunderland
61.0,Sunderland,ENG,1,1686.75683594,2026-03-19,2026-03-19,Sunderland
59.0,Sunderland,ENG,1,1691.03112793,2026-03-20,2026-03-21,Sunderland
60.0,Sunderland,ENG,1,1691.03112793,2026-03-22,2026-03-22,Sunderland
55.0,Sunderland,ENG,1,1704.1505127,2026-03-23,2026-04-07,Sunderland
55.0,Sunderland,ENG,1,1705.03686523,2026-04-08,2026-04-08,Sunderland
56.0,Sunderland,ENG,1,1703.05773926,2026-04-09,2026-04-09,Sunderland
55.0,Sunderland,ENG,1,1706.93884277,2026-04-10,2026-04-11,Sunderland
54.0,Sunderland,ENG,1,1706.93884277,2026-04-12,2026-04-12,Sunderland
49.0,Sunderland,ENG,1,1715.48156738,2026-04-13,2026-04-14,Sunderland
49.0,Sunderland,ENG,1,1712.52819824,2026-04-15,2026-04-15,Sunderland
49.0,Sunderland,ENG,1,1712.67810059,2026-04-16,2026-04-19,Sunderland
49.0,Sunderland,ENG,1,1712.67810059,2026-04-20,2026-04-24,Sunderland
49.0,Sunderland,ENG,1,1712.67810059,2026-04-25,2026-05-12,Sunderland
49.0,Sunderland,ENG,1,1712.67810059,2026-05-13,2026-12-31,Sunderland
90.0,Leeds,ENG,2,1631.18920898,2024-01-01,2024-01-01,Leeds
87.0,Leeds,ENG,2,1635.55212402,2024-01-02,2024-01-03,Leeds
88.0,Leeds,ENG,2,1635.55212402,2024-01-04,2024-01-12,Leeds
89.0,Leeds,ENG,2,1635.55212402,2024-01-13,2024-01-13,Leeds
83.0,Leeds,ENG,2,1644.83007812,2024-01-14,2024-01-19,Leeds
82.0,Leeds,ENG,2,1644.83007812,2024-01-20,2024-01-21,Leeds
79.0,Leeds,ENG,2,1647.58166504,2024-01-22,2024-01-24,Leeds
78.0,Leeds,ENG,2,1651.23120117,2024-01-25,2024-01-27,Leeds
77.0,Leeds,ENG,2,1651.23120117,2024-01-28,2024-02-02,Leeds
73.0,Leeds,ENG,2,1656.5814209,2024-02-03,2024-02-03,Leeds
74.0,Leeds,ENG,2,1656.5814209,2024-02-04,2024-02-06,Leeds
75.0,Leeds,ENG,2,1656.5814209,2024-02-07,2024-02-10,Leeds
72.0,Leeds,ENG,2,1659.67431641,2024-02-11,2024-02-11,Leeds
70.0,Leeds,ENG,2,1659.67431641,2024-02-12,2024-02-13,Leeds
65.0,Leeds,ENG,2,1670.25219727,2024-02-14,2024-02-17,Leeds
63.0,Leeds,ENG,2,1676.18225098,2024-02-18,2024-02-18,Leeds
64.0,Leeds,ENG,2,1676.18225098,2024-02-19,2024-02-21,Leeds
64.0,Leeds,ENG,2,1674.89111328,2024-02-22,2024-02-22,Leeds
65.0,Leeds,ENG,2,1674.89111328,2024-02-23,2024-02-23,Leeds
60.0,Leeds,ENG,2,1686.14599609,2024-02-24,2024-02-24,Leeds
61.0,Leeds,ENG,2,1686.14599609,2024-02-25,2024-03-02,Leeds
63.0,Leeds,ENG,2,1681.38122559,2024-03-03,2024-03-05,Leeds
61.0,Leeds,ENG,2,1683.65600586,2024-03-06,2024-03-06,Leeds
61.0,Leeds,ENG,2,1683.82006836,2024-03-07,2024-03-07,Leeds
62.0,Leeds,ENG,2,1679.03894043,2024-03-08,2024-03-08,Leeds
61.0,Leeds,ENG,2,1683.75012207,2024-03-09,2024-03-09,Leeds
62.0,Leeds,ENG,2,1683.75012207,2024-03-10,2024-03-10,Leeds
61.0,Leeds,ENG,2,1683.75012207,2024-03-11,2024-03-12,Leeds
60.0,Leeds,ENG,2,1682.74035645,2024-03-13,2024-03-14,Leeds
61.0,Leeds,ENG,2,1690.18566895,2024-03-15,2024-03-16,Leeds
62.0,Leeds,ENG,2,1690.18566895,2024-03-17,2024-03-17,Leeds
59.0,Leeds,ENG,2,1693.52453613,2024-03-18,2024-03-29,Leeds
59.0,Leeds,ENG,2,1689.16015625,2024-03-30,2024-03-30,Leeds
60.0,Leeds,ENG,2,1689.16015625,2024-03-31,2024-03-31,Leeds
59.0,Leeds,ENG,2,1689.16015625,2024-04-01,2024-04-01,Leeds
57.0,Leeds,ENG,2,1693.35290527,2024-04-02,2024-04-04,Leeds
58.0,Leeds,ENG,2,1693.35290527,2024-04-05,2024-04-06,Leeds
61.0,Leeds,ENG,2,1683.26257324,2024-04-07,2024-04-09,Leeds
65.0,Leeds,ENG,2,1676.36230469,2024-04-10,2024-04-11,Leeds
67.0,Leeds,ENG,2,1668.7064209,2024-04-12,2024-04-12,Leeds
65.0,Leeds,ENG,2,1668.7064209,2024-04-13,2024-04-13,Leeds
74.0,Leeds,ENG,2,1654.34802246,2024-04-14,2024-04-17,Leeds
78.0,Leeds,ENG,2,1650.06262207,2024-04-18,2024-04-18,Leeds
79.0,Leeds,ENG,2,1647.8861084,2024-04-19,2024-04-20,Leeds
78.0,Leeds,ENG,2,1647.8861084,2024-04-21,2024-04-21,Leeds
79.0,Leeds,ENG,2,1647.8861084,2024-04-22,2024-04-22,Leeds
74.0,Leeds,ENG,2,1654.14111328,2024-04-23,2024-04-23,Leeds
75.0,Leeds,ENG,2,1654.14111328,2024-04-24,2024-04-26,Leeds
91.0,Leeds,ENG,2,1628.76477051,2024-04-27,2024-04-27,Leeds
90.0,Leeds,ENG,2,1628.76477051,2024-04-28,2024-04-28,Leeds
89.0,Leeds,ENG,2,1628.76477051,2024-04-29,2024-05-02,Leeds
93.0,Leeds,ENG,2,1623.51293945,2024-05-03,2024-05-04,Leeds
,Leeds,ENG,2,1612.9074707,2024-05-05,2024-05-09,Leeds
,Leeds,ENG,2,1608.5859375,2024-05-10,2024-05-12,Leeds
,Leeds,ENG,2,1607.7199707,2024-05-13,2024-05-16,Leeds
,Leeds,ENG,2,1616.88720703,2024-05-17,2024-05-26,Leeds
,Leeds,ENG,2,1606.81713867,2024-05-27,2024-08-10,Leeds
,Leeds,ENG,2,1600.17248535,2024-08-11,2024-08-17,Leeds
,Leeds,ENG,2,1599.83105469,2024-08-18,2024-08-22,Leeds
,Leeds,ENG,2,1600.09521484,2024-08-23,2024-08-23,Leeds
,Leeds,ENG,2,1607.97607422,2024-08-24,2024-08-29,Leeds
,Leeds,ENG,2,1608.03234863,2024-08-30,2024-08-31,Leeds
100.0,Leeds,ENG,2,1613.71777344,2024-09-01,2024-09-14,Leeds
,Leeds,ENG,2,1604.31945801,2024-09-15,2024-09-17,Leeds
,Leeds,ENG,2,1610.484375,2024-09-18,2024-09-18,Leeds
,Leeds,ENG,2,1608.86083984,2024-09-19,2024-09-19,Leeds
,Leeds,ENG,2,1608.78955078,2024-09-20,2024-09-21,Leeds
,Leeds,ENG,2,1614.29394531,2024-09-22,2024-09-22,Leeds
100.0,Leeds,ENG,2,1614.29394531,2024-09-23,2024-09-23,Leeds
,Leeds,ENG,2,1614.29394531,2024-09-24,2024-09-25,Leeds
,Leeds,ENG,2,1612.26330566,2024-09-26,2024-09-26,Leeds
,Leeds,ENG,2,1613.3605957,2024-09-27,2024-09-28,Leeds
98.0,Leeds,ENG,2,1619.83935547,2024-09-29,2024-09-29,Leeds
97.0,Leeds,ENG,2,1619.83935547,2024-09-30,2024-10-01,Leeds
98.0,Leeds,ENG,2,1620.93127441,2024-10-02,2024-10-02,Leeds
94.0,Leeds,ENG,2,1625.01916504,2024-10-03,2024-10-03,Leeds
97.0,Leeds,ENG,2,1627.80957031,2024-10-04,2024-10-04,Leeds
97.0,Leeds,ENG,2,1625.71923828,2024-10-05,2024-10-06,Leeds
92.0,Leeds,ENG,2,1625.71923828,2024-10-07,2024-10-18,Leeds
89.0,Leeds,ENG,2,1632.9675293,2024-10-19,2024-10-19,Leeds
90.0,Leeds,ENG,2,1632.9675293,2024-10-20,2024-10-20,Leeds
89.0,Leeds,ENG,2,1632.9675293,2024-10-21,2024-10-21,Leeds
88.0,Leeds,ENG,2,1632.9675293,2024-10-22,2024-10-22,Leeds
87.0,Leeds,ENG,2,1638.35314941,2024-10-23,2024-10-23,Leeds
83.0,Leeds,ENG,2,1641.44555664,2024-10-24,2024-10-24,Leeds
83.0,Leeds,ENG,2,1643.60827637,2024-10-25,2024-10-26,Leeds
83.0,Leeds,ENG,2,1641.06408691,2024-10-27,2024-11-02,Leeds
81.0,Leeds,ENG,2,1644.94616699,2024-11-03,2024-11-03,Leeds
82.0,Leeds,ENG,2,1644.94616699,2024-11-04,2024-11-05,Leeds
81.0,Leeds,ENG,2,1641.97766113,2024-11-06,2024-11-06,Leeds
89.0,Leeds,ENG,2,1627.19091797,2024-11-07,2024-11-07,Leeds
88.0,Leeds,ENG,2,1625.66687012,2024-11-08,2024-11-09,Leeds
86.0,Leeds,ENG,2,1629.05505371,2024-11-10,2024-11-10,Leeds
87.0,Leeds,ENG,2,1629.05505371,2024-11-11,2024-11-24,Leeds
86.0,Leeds,ENG,2,1634.98083496,2024-11-25,2024-11-26,Leeds
84.0,Leeds,ENG,2,1638.14611816,2024-11-27,2024-11-27,Leeds
80.0,Leeds,ENG,2,1646.79504395,2024-11-28,2024-11-28,Leeds
78.0,Leeds,ENG,2,1647.9519043,2024-11-29,2024-11-30,Leeds
85.0,Leeds,ENG,2,1637.01074219,2024-12-01,2024-12-01,Leeds
84.0,Leeds,ENG,2,1637.01074219,2024-12-02,2024-12-07,Leeds
82.0,Leeds,ENG,2,1640.2043457,2024-12-08,2024-12-10,Leeds
74.0,Leeds,ENG,2,1650.41491699,2024-12-11,2024-12-11,Leeds
76.0,Leeds,ENG,2,1647.50134277,2024-12-12,2024-12-12,Leeds
77.0,Leeds,ENG,2,1648.77734375,2024-12-13,2024-12-14,Leeds
79.0,Leeds,ENG,2,1645.28186035,2024-12-15,2024-12-15,Leeds
78.0,Leeds,ENG,2,1645.28186035,2024-12-16,2024-12-19,Leeds
78.0,Leeds,ENG,2,1645.39233398,2024-12-20,2024-12-21,Leeds
78.0,Leeds,ENG,2,1649.15551758,2024-12-22,2024-12-26,Leeds
78.0,Leeds,ENG,2,1655.60522461,2024-12-27,2024-12-27,Leeds
77.0,Leeds,ENG,2,1655.60522461,2024-12-28,2024-12-28,Leeds
76.0,Leeds,ENG,2,1655.60522461,2024-12-29,2024-12-29,Leeds
73.0,Leeds,ENG,2,1659.88317871,2024-12-30,2024-12-31,Leeds
73.0,Leeds,ENG,2,1659.88317871,2025-01-01,2025-01-01,Leeds
76.0,Leeds,ENG,2,1654.35632324,2025-01-02,2025-01-04,Leeds
78.0,Leeds,ENG,2,1650.41723633,2025-01-05,2025-01-10,Leeds
77.0,Leeds,ENG,2,1650.41723633,2025-01-11,2025-01-11,Leeds
75.0,Leeds,ENG,2,1650.41723633,2025-01-12,2025-01-12,Leeds
74.0,Leeds,ENG,2,1650.41723633,2025-01-13,2025-01-14,Leeds
73.0,Leeds,ENG,2,1650.41723633,2025-01-15,2025-01-19,Leeds
70.0,Leeds,ENG,2,1655.74084473,2025-01-20,2025-01-20,Leeds
69.0,Leeds,ENG,2,1655.74084473,2025-01-21,2025-01-21,Leeds
71.0,Leeds,ENG,2,1654.21130371,2025-01-22,2025-01-22,Leeds
68.0,Leeds,ENG,2,1656.57409668,2025-01-23,2025-01-23,Leeds
69.0,Leeds,ENG,2,1659.26904297,2025-01-24,2025-01-26,Leeds
68.0,Leeds,ENG,2,1659.26904297,2025-01-27,2025-01-27,Leeds
65.0,Leeds,ENG,2,1660.7722168,2025-01-28,2025-01-29,Leeds
66.0,Leeds,ENG,2,1660.90112305,2025-01-30,2025-01-30,Leeds
66.0,Leeds,ENG,2,1663.43041992,2025-01-31,2025-02-01,Leeds
64.0,Leeds,ENG,2,1669.61535645,2025-02-02,2025-02-05,Leeds
60.0,Leeds,ENG,2,1677.57800293,2025-02-06,2025-02-08,Leeds
61.0,Leeds,ENG,2,1677.57800293,2025-02-09,2025-02-09,Leeds
62.0,Leeds,ENG,2,1677.57800293,2025-02-10,2025-02-11,Leeds
59.0,Leeds,ENG,2,1684.01306152,2025-02-12,2025-02-14,Leeds
58.0,Leeds,ENG,2,1684.01306152,2025-02-15,2025-02-15,Leeds
59.0,Leeds,ENG,2,1684.01306152,2025-02-16,2025-02-16,Leeds
60.0,Leeds,ENG,2,1684.01306152,2025-02-17,2025-02-17,Leeds
58.0,Leeds,ENG,2,1687.9979248,2025-02-18,2025-02-19,Leeds
60.0,Leeds,ENG,2,1685.35180664,2025-02-20,2025-02-20,Leeds
59.0,Leeds,ENG,2,1685.35180664,2025-02-21,2025-02-22,Leeds
57.0,Leeds,ENG,2,1685.35180664,2025-02-23,2025-02-24,Leeds
55.0,Leeds,ENG,2,1695.6595459,2025-02-25,2025-03-01,Leeds
56.0,Leeds,ENG,2,1690.24645996,2025-03-02,2025-03-04,Leeds
55.0,Leeds,ENG,2,1695.23693848,2025-03-05,2025-03-05,Leeds
55.0,Leeds,ENG,2,1697.06713867,2025-03-06,2025-03-06,Leeds
54.0,Leeds,ENG,2,1697.21984863,2025-03-07,2025-03-09,Leeds
60.0,Leeds,ENG,2,1684.20935059,2025-03-10,2025-03-11,Leeds
63.0,Leeds,ENG,2,1681.36560059,2025-03-12,2025-03-12,Leeds
57.0,Leeds,ENG,2,1687.7800293,2025-03-13,2025-03-13,Leeds
57.0,Leeds,ENG,2,1694.01989746,2025-03-14,2025-03-14,Leeds
56.0,Leeds,ENG,2,1694.01989746,2025-03-15,2025-03-15,Leeds
59.0,Leeds,ENG,2,1689.43261719,2025-03-16,2025-03-16,Leeds
58.0,Leeds,ENG,2,1689.43261719,2025-03-17,2025-03-28,Leeds
59.0,Leeds,ENG,2,1689.43261719,2025-03-29,2025-03-29,Leeds
63.0,Leeds,ENG,2,1682.7130127,2025-03-30,2025-03-30,Leeds
61.0,Leeds,ENG,2,1682.7130127,2025-03-31,2025-03-31,Leeds
60.0,Leeds,ENG,2,1682.7130127,2025-04-01,2025-04-04,Leeds
59.0,Leeds,ENG,2,1682.7130127,2025-04-05,2025-04-05,Leeds
63.0,Leeds,ENG,2,1678.30529785,2025-04-06,2025-04-08,Leeds
59.0,Leeds,ENG,2,1687.1583252,2025-04-09,2025-04-09,Leeds
60.0,Leeds,ENG,2,1685.7845459,2025-04-10,2025-04-10,Leeds
60.0,Leeds,ENG,2,1685.78295898,2025-04-11,2025-04-12,Leeds
58.0,Leeds,ENG,2,1688.38562012,2025-04-13,2025-04-15,Leeds
58.0,Leeds,ENG,2,1688.15246582,2025-04-16,2025-04-16,Leeds
58.0,Leeds,ENG,2,1689.94909668,2025-04-17,2025-04-17,Leeds
56.0,Leeds,ENG,2,1695.20361328,2025-04-18,2025-04-18,Leeds
56.0,Leeds,ENG,2,1698.70068359,2025-04-19,2025-04-20,Leeds
54.0,Leeds,ENG,2,1698.70068359,2025-04-21,2025-04-21,Leeds
51.0,Leeds,ENG,2,1704.75476074,2025-04-22,2025-04-24,Leeds
52.0,Leeds,ENG,2,1704.75476074,2025-04-25,2025-04-25,Leeds
51.0,Leeds,ENG,2,1704.75476074,2025-04-26,2025-04-26,Leeds
52.0,Leeds,ENG,2,1704.75476074,2025-04-27,2025-04-27,Leeds
51.0,Leeds,ENG,2,1704.75476074,2025-04-28,2025-04-28,Leeds
49.0,Leeds,ENG,2,1711.28540039,2025-04-29,2025-04-29,Leeds
51.0,Leeds,ENG,2,1708.43432617,2025-04-30,2025-05-01,Leeds
49.0,Leeds,ENG,2,1714.70007324,2025-05-02,2025-05-03,Leeds
50.0,Leeds,ENG,2,1717.85217285,2025-05-04,2025-05-07,Leeds
50.0,Leeds,ENG,2,1715.33044434,2025-05-08,2025-05-08,Leeds
50.0,Leeds,ENG,2,1720.0,2025-05-09,2025-05-10,Leeds
49.0,Leeds,ENG,2,1720.0,2025-05-11,2025-05-28,Leeds
49.0,Leeds,ENG,2,1722.36779785,2025-05-29,2025-07-05,Leeds
49.0,Leeds,ENG,1,1722.36779785,2025-07-06,2025-07-31,Leeds
48.0,Leeds,ENG,1,1722.36779785,2025-08-01,2025-08-03,Leeds
49.0,Leeds,ENG,1,1722.36779785,2025-08-04,2025-08-12,Leeds
48.0,Leeds,ENG,1,1722.36779785,2025-08-13,2025-08-15,Leeds
49.0,Leeds,ENG,1,1722.36779785,2025-08-16,2025-08-18,Leeds
45.0,Leeds,ENG,1,1731.21374512,2025-08-19,2025-08-21,Leeds
45.0,Leeds,ENG,1,1731.203125,2025-08-22,2025-08-23,Leeds
45.0,Leeds,ENG,1,1726.88476562,2025-08-24,2025-08-28,Leeds
45.0,Leeds,ENG,1,1727.07189941,2025-08-29,2025-08-30,Leeds
44.0,Leeds,ENG,1,1729.59655762,2025-08-31,2025-08-31,Leeds
47.0,Leeds,ENG,1,1729.59655762,2025-09-01,2025-09-13,Leeds
49.0,Leeds,ENG,1,1723.91015625,2025-09-14,2025-09-16,Leeds
47.0,Leeds,ENG,1,1727.78552246,2025-09-17,2025-09-17,Leeds
48.0,Leeds,ENG,1,1726.18798828,2025-09-18,2025-09-18,Leeds
48.0,Leeds,ENG,1,1725.39160156,2025-09-19,2025-09-19,Leeds
49.0,Leeds,ENG,1,1725.39160156,2025-09-20,2025-09-20,Leeds
45.0,Leeds,ENG,1,1737.92871094,2025-09-21,2025-09-21,Leeds
44.0,Leeds,ENG,1,1737.92871094,2025-09-22,2025-09-24,Leeds
43.0,Leeds,ENG,1,1738.2454834,2025-09-25,2025-09-25,Leeds
43.0,Leeds,ENG,1,1739.43615723,2025-09-26,2025-09-27,Leeds
44.0,Leeds,ENG,1,1740.75073242,2025-09-28,2025-09-29,Leeds
45.0,Leeds,ENG,1,1740.75073242,2025-09-30,2025-09-30,Leeds
46.0,Leeds,ENG,1,1737.21838379,2025-10-01,2025-10-01,Leeds
44.0,Leeds,ENG,1,1741.78259277,2025-10-02,2025-10-02,Leeds
45.0,Leeds,ENG,1,1741.38708496,2025-10-03,2025-10-04,Leeds
46.0,Leeds,ENG,1,1734.20288086,2025-10-05,2025-10-17,Leeds
47.0,Leeds,ENG,1,1734.20288086,2025-10-18,2025-10-18,Leeds
51.0,Leeds,ENG,1,1723.4786377,2025-10-19,2025-10-20,Leeds
50.0,Leeds,ENG,1,1723.4786377,2025-10-21,2025-10-21,Leeds
48.0,Leeds,ENG,1,1729.60522461,2025-10-22,2025-10-22,Leeds
47.0,Leeds,ENG,1,1733.22045898,2025-10-23,2025-10-23,Leeds
47.0,Leeds,ENG,1,1726.04870605,2025-10-24,2025-10-24,Leeds
46.0,Leeds,ENG,1,1732.74841309,2025-10-25,2025-10-26,Leeds
47.0,Leeds,ENG,1,1732.74841309,2025-10-27,2025-11-01,Leeds
49.0,Leeds,ENG,1,1725.13305664,2025-11-02,2025-11-04,Leeds
48.0,Leeds,ENG,1,1729.27453613,2025-11-05,2025-11-05,Leeds
47.0,Leeds,ENG,1,1730.3034668,2025-11-06,2025-11-06,Leeds
49.0,Leeds,ENG,1,1730.14013672,2025-11-07,2025-11-08,Leeds
47.0,Leeds,ENG,1,1730.14013672,2025-11-09,2025-11-09,Leeds
50.0,Leeds,ENG,1,1721.38098145,2025-11-10,2025-11-23,Leeds
50.0,Leeds,ENG,1,1716.12475586,2025-11-24,2025-11-25,Leeds
51.0,Leeds,ENG,1,1711.32910156,2025-11-26,2025-11-26,Leeds
53.0,Leeds,ENG,1,1705.41821289,2025-11-27,2025-11-27,Leeds
54.0,Leeds,ENG,1,1703.43713379,2025-11-28,2025-11-29,Leeds
54.0,Leeds,ENG,1,1701.43005371,2025-11-30,2025-12-03,Leeds
50.0,Leeds,ENG,1,1718.70336914,2025-12-04,2025-12-06,Leeds
47.0,Leeds,ENG,1,1722.80786133,2025-12-07,2025-12-09,Leeds
47.0,Leeds,ENG,1,1725.08093262,2025-12-10,2025-12-10,Leeds
44.0,Leeds,ENG,1,1729.73205566,2025-12-11,2025-12-11,Leeds
44.0,Leeds,ENG,1,1731.86035156,2025-12-12,2025-12-14,Leeds
43.0,Leeds,ENG,1,1735.59484863,2025-12-15,2025-12-18,Leeds
43.0,Leeds,ENG,1,1732.83557129,2025-12-19,2025-12-20,Leeds
41.0,Leeds,ENG,1,1748.78808594,2025-12-21,2025-12-27,Leeds
40.0,Leeds,ENG,1,1748.78808594,2025-12-28,2025-12-28,Leeds
41.0,Leeds,ENG,1,1748.40881348,2025-12-29,2025-12-31,Leeds
41.0,Leeds,ENG,1,1748.40881348,2026-01-01,2026-01-01,Leeds
38.0,Leeds,ENG,1,1754.64135742,2026-01-02,2026-01-02,Leeds
39.0,Leeds,ENG,1,1754.64135742,2026-01-03,2026-01-03,Leeds
38.0,Leeds,ENG,1,1754.64135742,2026-01-04,2026-01-04,Leeds
38.0,Leeds,ENG,1,1754.98461914,2026-01-05,2026-01-07,Leeds
39.0,Leeds,ENG,1,1751.14904785,2026-01-08,2026-01-10,Leeds
40.0,Leeds,ENG,1,1751.14904785,2026-01-11,2026-01-17,Leeds
39.0,Leeds,ENG,1,1759.11669922,2026-01-18,2026-01-20,Leeds
35.0,Leeds,ENG,1,1759.66320801,2026-01-21,2026-01-21,Leeds
33.0,Leeds,ENG,1,1765.09020996,2026-01-22,2026-01-22,Leeds
33.0,Leeds,ENG,1,1764.09155273,2026-01-23,2026-01-24,Leeds
34.0,Leeds,ENG,1,1764.09155273,2026-01-25,2026-01-26,Leeds
33.0,Leeds,ENG,1,1767.02124023,2026-01-27,2026-01-28,Leeds
33.0,Leeds,ENG,1,1774.74951172,2026-01-29,2026-01-29,Leeds
33.0,Leeds,ENG,1,1775.70922852,2026-01-30,2026-01-31,Leeds
33.0,Leeds,ENG,1,1769.64257812,2026-02-01,2026-02-06,Leeds
32.0,Leeds,ENG,1,1780.1907959,2026-02-07,2026-02-10,Leeds
31.0,Leeds,ENG,1,1785.33105469,2026-02-11,2026-02-13,Leeds
30.0,Leeds,ENG,1,1785.33105469,2026-02-14,2026-02-18,Leeds
29.0,Leeds,ENG,1,1785.82397461,2026-02-19,2026-02-19,Leeds
30.0,Leeds,ENG,1,1788.71069336,2026-02-20,2026-02-21,Leeds
29.0,Leeds,ENG,1,1793.73425293,2026-02-22,2026-02-22,Leeds
28.0,Leeds,ENG,1,1793.73425293,2026-02-23,2026-02-24,Leeds
27.0,Leeds,ENG,1,1793.97375488,2026-02-25,2026-02-25,Leeds
28.0,Leeds,ENG,1,1793.97375488,2026-02-26,2026-02-26,Leeds
28.0,Leeds,ENG,1,1793.89245605,2026-02-27,2026-02-28,Leeds
28.0,Leeds,ENG,1,1789.59423828,2026-03-01,2026-03-03,Leeds
31.0,Leeds,ENG,1,1778.19580078,2026-03-04,2026-03-07,Leeds
32.0,Leeds,ENG,1,1778.19580078,2026-03-08,2026-03-10,Leeds
33.0,Leeds,ENG,1,1773.93103027,2026-03-11,2026-03-11,Leeds
33.0,Leeds,ENG,1,1766.4206543,2026-03-12,2026-03-12,Leeds
34.0,Leeds,ENG,1,1763.8145752,2026-03-13,2026-03-14,Leeds
32.0,Leeds,ENG,1,1763.8145752,2026-03-15,2026-03-15,Leeds
31.0,Leeds,ENG,1,1765.62109375,2026-03-16,2026-03-17,Leeds
32.0,Leeds,ENG,1,1760.72827148,2026-03-18,2026-03-18,Leeds
32.0,Leeds,ENG,1,1759.65808105,2026-03-19,2026-03-19,Leeds
34.0,Leeds,ENG,1,1763.93237305,2026-03-20,2026-03-20,Leeds
35.0,Leeds,ENG,1,1763.93237305,2026-03-21,2026-03-21,Leeds
33.0,Leeds,ENG,1,1764.87524414,2026-03-22,2026-03-22,Leeds
32.0,Leeds,ENG,1,1764.87524414,2026-03-23,2026-04-05,Leeds
31.0,Leeds,ENG,1,1764.87524414,2026-04-06,2026-04-06,Leeds
30.0,Leeds,ENG,1,1764.87524414,2026-04-07,2026-04-07,Leeds
30.0,Leeds,ENG,1,1765.76171875,2026-04-08,2026-04-08,Leeds
31.0,Leeds,ENG,1,1763.7824707,2026-04-09,2026-04-09,Leeds
31.0,Leeds,ENG,1,1767.66369629,2026-04-10,2026-04-13,Leeds
30.0,Leeds,ENG,1,1779.34472656,2026-04-14,2026-04-14,Leeds
30.0,Leeds,ENG,1,1776.39135742,2026-04-15,2026-04-15,Leeds
31.0,Leeds,ENG,1,1776.54138184,2026-04-16,2026-04-18,Leeds
31.0,Leeds,ENG,1,1776.54138184,2026-04-19,2026-04-22,Leeds
31.0,Leeds,ENG,1,1776.54138184,2026-04-23,2026-05-12,Leeds
31.0,Leeds,ENG,1,1776.54138184,2026-05-13,2026-12-31,Leeds
