Date,HomeTeam,AwayTeam,Target_FTR,Elo_Diff,Home_SquadValue,Away_SquadValue,B365H,B365D,B365A,H2H_Overall_L5,H2H_Venue_L5,H_Points_Avg_Tot,H_xG_Avg_Tot,H_npxG_Avg_Tot,H_Goals_Scored_Avg_Tot,H_Goals_Against_Avg_Tot,H_xPts_Avg_Tot,H_PPDA_Avg_Tot,H_DeepComp_Avg_Tot,H_GD_Avg_Tot,H_Points_L5,H_Goals_Scored_L5,H_Goals_Against_L5,H_Points_Abs_Tot,H_GD_Abs_Tot,A_Points_Avg_Tot,A_xG_Avg_Tot,A_npxG_Avg_Tot,A_Goals_Scored_Avg_Tot,A_Goals_Against_Avg_Tot,A_xPts_Avg_Tot,A_PPDA_Avg_Tot,A_DeepComp_Avg_Tot,A_GD_Avg_Tot,A_Points_L5,A_Goals_Scored_L5,A_Goals_Against_L5,A_Points_Abs_Tot,A_GD_Abs_Tot,H_xG_GD_Avg_Tot
2025-08-15,Liverpool,Bournemouth,H,185.3298339800001,1020,507,1.3,6.0,8.5,9,15,,,,,,,,,,,,,,,,,,,,,,,,,,,,,
2025-08-16,Aston Villa,Newcastle United,D,4.278686520000065,548,708,2.25,3.5,2.9,-3,9,,,,,,,,,,,,,,,,,,,,,,,,,,,,,
2025-08-16,Brighton,Fulham,D,45.40954590000001,494,387,1.91,3.6,4.0,-6,0,,,,,,,,,,,,,,,,,,,,,,,,,,,,,
2025-08-16,Sunderland,West Ham,H,-203.02270508000015,382,363,3.25,3.4,2.25,0,0,,,,,,,,,,,,,,,,,,,,,,,,,,,,,
2025-08-16,Tottenham,Burnley,H,44.4184570299999,803,253,1.38,4.75,8.5,9,15,,,,,,,,,,,,,,,,,,,,,,,,,,,,,
2025-08-16,Wolverhampton Wanderers,Manchester City,A,-224.1791992200001,277,1310,6.25,4.75,1.45,-9,-9,,,,,,,,,,,,,,,,,,,,,,,,,,,,,
2025-08-17,Manchester United,Arsenal,A,-193.85546875,747,1230,3.6,3.6,1.95,-12,0,,,,,,,,,,,,,,,,,,,,,,,,,,,,,
2025-08-17,Nottingham Forest,Brentford,H,-8.445678710000038,568,470,2.2,3.3,3.5,-6,-3,,,,,,,,,,,,,,,,,,,,,,,,,,,,,
2025-08-17,Chelsea,Crystal Palace,D,67.76904296999987,1160,541,1.62,4.33,4.5,9,12,,,,,,,,,,,,,,,,,,,,,,,,,,,,,
2025-08-18,Leeds,Everton,H,-71.63378906000003,346,450,2.38,3.3,3.0,-9,-3,,,,,,,,,,,,,,,,,,,,,,,,,,,,,
2025-08-22,West Ham,Chelsea,A,-170.3137207100001,363,1160,4.75,3.8,1.73,-6,0,0.0,0.558948,0.558948,0.0,3.0,1.129,11.0,8.0,-3.0,0.0,0.0,3.0,0.0,-3.0,1.0,1.36793,1.36793,0.0,0.0,1.6141,5.869565217391305,7.0,0.0,1.0,0.0,0.0,1.0,0.0,-0.8089820000000001
2025-08-23,Manchester City,Tottenham,A,183.80529785,1310,803,1.48,4.5,6.25,0,0,3.0,2.29903,2.29903,4.0,0.0,2.643,11.8,8.0,4.0,3.0,4.0,0.0,3.0,4.0,3.0,1.97858,1.97858,3.0,0.0,2.3089000000000004,6.352941176470588,7.0,3.0,3.0,3.0,0.0,3.0,3.0,0.3204500000000001
2025-08-23,Arsenal,Leeds,H,266.66772461000005,1230,346,1.27,6.25,9.5,15,9,3.0,1.3304,1.3304,1.0,0.0,1.3628,11.26086956521739,3.0,1.0,3.0,1.0,0.0,3.0,1.0,3.0,2.3812,1.62003,1.0,0.0,2.5742000000000003,15.6875,5.0,1.0,3.0,1.0,0.0,3.0,1.0,-1.0508000000000002
2025-08-23,Bournemouth,Wolverhampton Wanderers,H,76.04162597999994,507,277,1.8,3.8,4.2,3,-9,0.0,1.57303,1.57303,2.0,4.0,0.8954,11.583333333333334,8.0,-2.0,0.0,2.0,4.0,0.0,-2.0,0.0,0.519436,0.519436,0.0,4.0,0.2391,12.10344827586207,4.0,-4.0,0.0,0.0,4.0,0.0,-4.0,1.053594
2025-08-23,Brentford,Aston Villa,H,-69.8029785199999,470,548,3.1,3.6,2.2,-9,-3,0.0,1.32516,0.563994,1.0,3.0,1.0148,9.823529411764708,3.0,-2.0,0.0,1.0,3.0,0.0,-2.0,1.0,0.318601,0.318601,0.0,0.0,0.4257999999999999,18.916666666666668,2.0,0.0,1.0,0.0,0.0,1.0,0.0,1.0065589999999998
2025-08-23,Burnley,Sunderland,H,151.68994139999995,253,382,2.2,3.2,3.5,0,0,0.0,0.734138,0.734138,0.0,3.0,0.4918,17.352941176470587,6.0,-3.0,0.0,0.0,3.0,0.0,-3.0,3.0,0.724368,0.724368,3.0,0.0,1.48,20.785714285714285,2.0,3.0,3.0,3.0,0.0,3.0,3.0,0.009769999999999945
2025-08-24,Everton,Brighton,H,-39.282226560000026,450,494,3.1,3.3,2.3,3,-6,0.0,0.674338,0.674338,0.0,1.0,0.2864,27.5,2.0,-1.0,0.0,0.0,1.0,0.0,-1.0,1.0,1.44008,0.678909,1.0,1.0,1.8562,8.928571428571429,5.0,0.0,1.0,1.0,1.0,1.0,0.0,-0.765742
2025-08-24,Fulham,Manchester United,D,-10.554077150000012,387,747,3.25,3.5,2.15,-9,-15,1.0,0.902883,0.902883,1.0,1.0,0.835,16.22222222222222,6.0,0.0,1.0,1.0,1.0,1.0,0.0,0.0,1.37653,1.37653,0.0,1.0,1.3298,7.904761904761905,7.0,-1.0,0.0,0.0,1.0,0.0,-1.0,-0.47364700000000004
2025-08-24,Crystal Palace,Nottingham Forest,D,25.568725589999985,541,568,2.35,3.3,3.1,-3,0,1.0,1.03414,1.03414,0.0,0.0,1.093,17.63157894736842,2.0,0.0,1.0,0.0,0.0,1.0,0.0,3.0,1.7555,1.7555,3.0,1.0,1.6997,11.142857142857142,6.0,2.0,3.0,3.0,1.0,3.0,2.0,-0.72136
2025-08-25,Newcastle United,Liverpool,A,-127.37524413999995,708,1020,3.25,3.8,2.05,-12,-9,1.0,1.40098,1.40098,0.0,0.0,2.3370999999999995,6.083333333333333,6.0,0.0,1.0,0.0,0.0,1.0,0.0,3.0,2.33007,2.33007,4.0,2.0,1.877,8.764705882352942,9.0,2.0,3.0,4.0,2.0,3.0,2.0,-0.9290900000000002
2025-08-30,Chelsea,Fulham,H,126.16821289000018,1160,387,1.55,4.33,5.25,6,6,2.0,2.65895,2.65895,2.5,0.5,2.2356000000000003,8.908466819221967,6.0,2.0,4.0,5.0,1.0,4.0,4.0,1.0,1.2781065,1.2781065,1.0,1.0,1.1402999999999999,13.065656565656564,8.5,0.0,2.0,2.0,2.0,2.0,0.0,1.3808435
2025-08-30,Leeds,Newcastle United,D,-137.4039306699999,346,708,3.5,3.4,2.1,0,0,1.5,1.2689805,0.8883955,0.5,2.5,1.31275,21.777083333333334,3.0,-2.0,3.0,1.0,5.0,3.0,-4.0,0.5,1.6822,1.6822,1.0,1.5,2.3821499999999998,9.064393939393938,4.5,-0.5,1.0,2.0,3.0,1.0,-1.0,-0.41321949999999985
2025-08-30,Manchester United,Burnley,H,71.23242187000005,747,253,1.33,5.25,8.0,9,3,0.5,1.46128,1.080694,0.5,1.0,1.2995,9.396825396825397,9.0,-0.5,1.0,1.0,2.0,1.0,-1.0,1.5,0.868974,0.868974,1.0,1.5,0.85725,16.39075630252101,5.0,-0.5,3.0,2.0,3.0,3.0,-1.0,0.5923059999999999
2025-08-30,Sunderland,Brentford,H,-247.18542480999986,382,470,3.0,3.3,2.4,0,0,1.5,0.9228190000000001,0.9228190000000001,1.5,1.0,1.464,20.684523809523807,3.0,0.5,3.0,3.0,2.0,3.0,1.0,1.5,1.2273999999999998,0.8468169999999999,1.0,1.5,1.27665,10.304621848739497,2.5,-0.5,3.0,2.0,3.0,3.0,-1.0,-0.30458099999999977
2025-08-30,Tottenham,Bournemouth,A,-6.290039060000026,803,507,1.73,4.2,4.2,0,6,3.0,1.629365,1.629365,2.5,0.0,1.8366500000000001,9.81283422459893,5.5,2.5,6.0,5.0,0.0,6.0,5.0,1.5,1.678825,1.678825,1.5,2.0,1.713,8.731666666666667,7.0,-0.5,3.0,3.0,4.0,3.0,-1.0,-0.04946000000000006
2025-08-30,Wolverhampton Wanderers,Everton,A,-73.4296875,277,450,2.7,3.2,2.75,3,3,0.0,0.4464015,0.4464015,0.0,2.5,0.27215,11.266009852216749,3.5,-2.5,0.0,0.0,5.0,0.0,-5.0,1.5,1.237749,1.237749,1.0,0.5,0.6967000000000001,22.602941176470587,3.5,0.5,3.0,2.0,1.0,3.0,1.0,-0.7913475
2025-08-31,Brighton,Manchester City,H,-135.78039550000017,494,1310,3.8,3.9,1.9,-3,0,0.5,1.762475,1.0013045,0.5,1.5,1.7358500000000001,8.806390977443609,6.5,-1.0,1.0,1.0,3.0,1.0,-2.0,1.5,1.773265,1.773265,2.0,1.0,1.99485,11.122222222222224,8.0,1.0,3.0,4.0,2.0,3.0,2.0,-0.010790000000000077
2025-08-31,Aston Villa,Crystal Palace,A,25.91369629000019,548,541,1.85,3.7,4.0,0,9,0.5,0.6477265000000001,0.6477265000000001,0.0,0.5,0.7772499999999999,12.16421568627451,8.0,-0.5,1.0,0.0,1.0,1.0,-1.0,1.0,1.0680100000000001,1.0680100000000001,0.5,0.5,1.1233499999999998,15.207093821510298,4.0,0.0,2.0,1.0,1.0,2.0,0.0,-0.42028350000000003
2025-08-31,Liverpool,Arsenal,H,1.1541748099998586,1020,1230,2.2,3.5,3.2,-3,6,3.0,1.4883145,1.4883145,3.5,2.0,1.1352499999999999,8.168067226890756,7.5,1.5,6.0,7.0,4.0,6.0,3.0,3.0,2.034005,1.6534200000000001,3.0,0.0,2.13625,9.607707509881422,4.0,3.0,6.0,6.0,0.0,6.0,6.0,-0.5456905000000001
2025-08-31,Nottingham Forest,West Ham,A,95.42163086000005,568,363,1.67,3.75,5.25,3,9,2.0,1.542685,1.542685,2.0,1.0,1.61945,10.75563909774436,5.0,1.0,4.0,4.0,2.0,4.0,2.0,0.0,0.76876,0.76876,0.5,4.0,0.6117,18.653846153846153,7.0,-3.5,0.0,1.0,8.0,0.0,-7.0,0.7739250000000001
2025-09-13,Fulham,Leeds,H,48.38439940999979,387,346,1.91,3.5,4.0,0,0,0.6666666666666666,1.0974803333333334,1.0974803333333334,0.6666666666666666,1.3333333333333333,0.8599999999999999,12.327721661054994,8.666666666666666,-0.6666666666666666,2.0,2.0,4.0,2.0,-2.0,1.3333333333333333,1.0717536666666667,0.8180303333333333,0.3333333333333333,1.6666666666666667,1.4337666666666669,19.472601010101013,3.6666666666666665,-1.3333333333333335,4.0,1.0,5.0,4.0,-4.0,0.025726666666666675
2025-09-13,Everton,Aston Villa,D,-41.65686035999988,450,548,2.45,3.3,2.9,-12,-12,2.0,1.5044693333333334,1.5044693333333334,1.6666666666666667,1.0,1.2050333333333334,19.05580693815988,6.0,0.6666666666666667,6.0,5.0,3.0,6.0,2.0,0.3333333333333333,0.833771,0.833771,0.0,1.3333333333333333,0.6452333333333332,11.633286647992529,7.333333333333333,-1.3333333333333333,1.0,0.0,4.0,1.0,-4.0,0.6706983333333334
2025-09-13,Crystal Palace,Sunderland,D,278.00769043000014,541,382,1.65,3.75,5.75,0,0,1.6666666666666667,1.5777166666666667,1.3239933333333334,1.3333333333333333,0.3333333333333333,1.5681666666666667,16.53806254767353,4.333333333333333,1.0,5.0,4.0,1.0,5.0,3.0,2.0,1.1389693333333335,0.8852456666666667,1.6666666666666667,1.0,1.4478666666666669,15.517752715121134,2.6666666666666665,0.6666666666666667,6.0,5.0,3.0,6.0,2.0,0.43874733333333316
2025-09-13,Newcastle United,Wolverhampton Wanderers,H,146.27465820999987,708,277,1.42,4.75,7.0,12,12,0.6666666666666666,1.2226783333333333,1.2226783333333333,0.6666666666666666,1.0,1.8788999999999998,9.788961038961036,4.666666666666667,-0.33333333333333337,2.0,2.0,3.0,2.0,-1.0,0.0,0.61202,0.61202,0.6666666666666666,2.6666666666666665,0.37139999999999995,9.461290518761784,4.0,-2.0,0.0,2.0,8.0,0.0,-6.0,0.6106583333333333
2025-09-13,Bournemouth,Brighton,H,-5.326904300000024,507,494,2.35,3.5,2.9,-9,3,2.0,1.8259166666666669,1.8259166666666669,1.3333333333333333,1.3333333333333333,2.0534000000000003,8.203224932249322,8.333333333333334,0.0,6.0,4.0,4.0,6.0,0.0,1.3333333333333333,1.9111966666666664,1.1500263333333334,1.0,1.3333333333333333,1.6308999999999998,9.809198923234012,5.666666666666667,-0.33333333333333326,4.0,3.0,4.0,4.0,-1.0,-0.08527999999999958
2025-09-13,Arsenal,Nottingham Forest,H,200.6795654299999,1230,568,1.38,5.0,8.0,6,9,2.0,1.5178963333333335,1.264173,2.0,0.3333333333333333,1.8478,10.694993412384717,4.333333333333333,1.6666666666666667,6.0,6.0,1.0,6.0,5.0,1.3333333333333333,1.2671293333333333,1.2671293333333333,1.3333333333333333,1.6666666666666667,1.1907666666666665,10.45247734721419,5.333333333333333,-0.3333333333333335,4.0,4.0,5.0,4.0,-1.0,0.2507670000000002
2025-09-13,Brentford,Chelsea,D,-118.12573241999985,470,1160,4.5,3.9,1.73,3,-3,1.0,1.3002799999999999,0.792836,1.0,1.6666666666666667,1.2727666666666666,14.051566080977848,3.0,-0.6666666666666667,3.0,3.0,5.0,3.0,-2.0,2.3333333333333335,2.5834333333333332,2.32971,2.3333333333333335,0.3333333333333333,2.346,9.045644546147978,5.333333333333333,2.0,7.0,7.0,1.0,7.0,6.0,-1.2831533333333334
2025-09-13,West Ham,Tottenham,A,-54.39428710999982,363,803,3.4,3.6,2.1,-3,6,1.0,1.25784,1.0041166666666668,1.3333333333333333,2.6666666666666665,1.2449333333333332,19.589743589743588,6.333333333333333,-1.3333333333333333,3.0,4.0,8.0,3.0,-4.0,2.0,1.1431333333333333,1.1431333333333333,1.6666666666666667,0.3333333333333333,1.2767333333333333,8.275222816399287,5.0,1.3333333333333335,6.0,5.0,1.0,6.0,4.0,0.11470666666666673
2025-09-14,Manchester City,Manchester United,H,137.51000977000012,1310,747,1.75,4.0,4.2,0,3,1.0,1.8935700000000002,1.8935700000000002,1.6666666666666667,1.3333333333333333,1.7653666666666668,11.392592592592592,8.333333333333334,0.3333333333333335,3.0,5.0,4.0,3.0,1.0,1.3333333333333333,2.3149766666666665,1.8075293333333333,1.3333333333333333,1.3333333333333333,1.799166666666667,11.325156325156327,8.666666666666666,0.0,4.0,4.0,4.0,4.0,0.0,-0.42140666666666626
2025-09-14,Burnley,Liverpool,A,-290.59545899,253,1020,8.0,5.5,1.33,-15,-15,1.0,1.021376,1.021376,1.3333333333333333,2.0,0.6168333333333332,16.26050420168067,4.333333333333333,-0.6666666666666667,3.0,4.0,6.0,3.0,-2.0,3.0,1.1526776666666667,1.1526776666666667,2.6666666666666665,1.3333333333333333,1.1790666666666667,10.467600373482727,6.333333333333333,1.3333333333333333,9.0,8.0,4.0,9.0,4.0,-0.13130166666666665
2025-09-20,Brighton,Tottenham,D,4.221801759999835,494,803,2.25,3.7,3.0,3,3,1.0,1.58962825,1.0187505000000001,1.0,1.5,1.3767,9.53081223590377,5.0,-0.5,4.0,4.0,6.0,4.0,-2.0,2.25,1.235855,1.235855,2.0,0.25,1.44,8.92070282658518,5.75,1.75,9.0,8.0,1.0,9.0,7.0,0.35377325000000015
2025-09-20,Burnley,Nottingham Forest,D,-73.18896483999993,253,568,3.4,3.3,2.2,-3,-3,0.75,0.80804225,0.80804225,1.0,1.75,0.47507499999999997,14.968105423987776,3.25,-0.75,3.0,4.0,7.0,3.0,-3.0,1.0,1.0237672500000001,1.0237672500000001,1.0,2.0,0.91265,11.476858010410643,4.25,-1.0,4.0,4.0,8.0,4.0,-4.0,-0.21572500000000017
2025-09-20,Fulham,Brentford,H,-15.524902340000153,387,470,2.0,3.4,3.8,0,3,1.25,1.10805775,1.10805775,0.75,1.0,1.0574,11.61535646318255,7.5,-0.25,5.0,3.0,4.0,5.0,-1.0,1.0,1.2690424999999999,0.8884595,1.25,1.75,1.400675,15.585549560733385,4.25,-0.5,4.0,5.0,7.0,4.0,-2.0,-0.1609847499999999
2025-09-20,Liverpool,Everton,H,211.65979003999996,1020,450,1.45,4.75,6.5,6,9,3.0,1.56323825,1.37294575,2.25,1.0,1.6121750000000001,8.88641456582633,9.0,1.25,12.0,9.0,4.0,12.0,5.0,1.75,1.601527,1.601527,1.25,0.75,1.53375,16.06037372213843,7.0,0.5,7.0,5.0,3.0,7.0,2.0,-0.03828874999999998
2025-09-20,Manchester United,Chelsea,H,-110.67407226,747,1160,2.6,3.8,2.45,0,6,1.0,2.11602,1.7354345,1.0,1.75,1.6108000000000002,10.801559551559551,8.5,-0.75,4.0,4.0,7.0,4.0,-3.0,2.0,2.12657475,1.93628225,2.25,0.75,1.9885500000000003,8.08595754754202,7.0,1.5,8.0,9.0,3.0,8.0,6.0,-0.01055475000000028
2025-09-20,West Ham,Crystal Palace,A,-120.62646484000015,363,541,2.88,3.5,2.38,-6,-6,0.75,1.141692,0.9513995,1.0,2.75,1.131075,19.08119658119658,5.25,-1.75,3.0,4.0,11.0,3.0,-7.0,1.5,1.6228,1.4325075,1.0,0.25,1.8050000000000002,15.792435799644037,5.25,0.75,6.0,4.0,1.0,6.0,3.0,-0.4811080000000001
2025-09-20,Wolverhampton Wanderers,Leeds,A,-11.770019530000127,277,346,2.7,3.2,2.75,-6,-3,0.0,0.5530005,0.5530005,0.5,2.25,0.41845,9.356384555738003,3.75,-1.75,0.0,2.0,9.0,0.0,-7.0,1.0,1.0114147500000001,0.82112225,0.25,1.5,1.32835,17.96556186868687,4.0,-1.25,4.0,1.0,6.0,4.0,-5.0,-0.45841425000000013
2025-09-21,Sunderland,Aston Villa,D,-262.3994140699999,382,548,3.4,3.5,2.1,0,0,1.75,0.94275925,0.7524665,1.25,0.75,1.1648749999999999,16.082758980785293,3.0,0.5,7.0,5.0,3.0,7.0,2.0,0.5,0.71391,0.71391,0.0,1.0,0.5625,10.817070249152293,6.25,-1.0,2.0,0.0,4.0,2.0,-4.0,0.22884925
2025-09-21,Bournemouth,Newcastle United,D,-32.255004880000115,507,708,2.5,3.5,2.7,6,0,2.25,1.729905,1.539614,1.5,1.25,2.069925,8.860752032520326,7.5,0.25,9.0,6.0,5.0,9.0,1.0,1.25,1.21497375,1.21497375,0.75,0.75,1.948,9.982345779220777,6.5,0.0,5.0,3.0,3.0,5.0,0.0,0.5149312500000001
2025-09-21,Arsenal,Manchester City,D,56.71325684000021,1230,1310,1.85,3.9,3.8,3,-3,2.25,1.8588472500000002,1.66855475,2.25,0.25,2.104275,10.758745059288536,5.75,2.0,9.0,9.0,1.0,9.0,8.0,1.5,1.9194900000000001,1.9194900000000001,2.0,1.0,1.748275,13.348015873015873,8.25,1.0,6.0,8.0,4.0,6.0,4.0,-0.06064274999999997
2025-09-27,Brentford,Manchester United,H,-15.584350589999985,470,747,3.4,3.8,2.0,-6,3,0.8,1.1805451999999999,0.8760787999999999,1.2,2.0,1.2784399999999998,15.163677743824802,4.0,-0.8,4.0,6.0,10.0,4.0,-4.0,1.4,1.961732,1.6572635999999998,1.2,1.6,1.7212400000000003,11.233555333555334,7.6,-0.40000000000000013,7.0,6.0,8.0,7.0,-2.0,-0.7811868000000002
2025-09-27,Chelsea,Brighton,A,80.8503417899999,1160,494,1.85,3.8,3.8,3,3,1.6,1.7952283999999998,1.6429943999999999,2.0,1.0,1.7032800000000001,9.097337466605044,6.6,1.0,8.0,10.0,5.0,8.0,5.0,1.0,1.5526346,1.0959324000000001,1.2,1.6,1.40882,9.920649788723015,4.8,-0.40000000000000013,5.0,6.0,8.0,5.0,-2.0,0.24259379999999986
2025-09-27,Crystal Palace,Liverpool,H,-165.36499022999988,541,1020,3.8,3.8,1.9,-3,-12,1.8,1.76537,1.6131360000000001,1.2,0.4,1.9765599999999999,17.397585003351594,5.6,0.7999999999999999,9.0,6.0,2.0,9.0,4.0,3.0,1.4629226,1.3106886,2.2,1.0,1.62304,8.28605472958414,9.6,1.2000000000000002,15.0,11.0,5.0,15.0,6.0,0.30244740000000014
2025-09-27,Leeds,Bournemouth,D,-88.39904784999999,346,507,3.1,3.25,2.38,0,3,1.4,0.9005294000000001,0.7482954,0.8,1.4,1.15936,17.010544733044732,4.6,-0.5999999999999999,7.0,4.0,7.0,7.0,-3.0,2.0,1.494056,1.3418231999999999,1.2,1.0,1.99678,8.761328898743534,6.8,0.19999999999999996,10.0,6.0,5.0,10.0,1.0,-0.5935265999999999
2025-09-27,Manchester City,Burnley,H,236.02307128999996,1310,253,1.17,7.5,15.0,15,15,1.4,1.760132,1.760132,1.8,1.0,1.7481000000000002,14.0784126984127,7.2,0.8,7.0,9.0,5.0,7.0,4.0,0.8,0.8747518,0.8747518,1.0,1.6,0.70724,15.752262116968001,3.4,-0.6000000000000001,4.0,5.0,8.0,4.0,-3.0,0.8853802000000001
2025-09-27,Nottingham Forest,Sunderland,A,201.27148437999995,568,382,1.75,3.75,4.5,0,0,1.0,0.9851696000000001,0.9851696000000001,1.0,1.8,0.93958,11.000534027376133,5.4,-0.8,5.0,5.0,9.0,5.0,-4.0,1.6,0.9418698000000001,0.7896356000000001,1.2,0.8,1.19664,14.840120228106496,3.2,0.3999999999999999,8.0,6.0,4.0,8.0,2.0,0.0432998
2025-09-27,Tottenham,Wolverhampton Wanderers,D,114.16772459999993,803,277,1.5,4.5,6.0,-12,0,2.0,1.227046,1.227046,2.0,0.6,1.37876,8.105312261268143,7.4,1.4,10.0,10.0,3.0,10.0,7.0,0.0,0.7556204,0.7556204,0.6,2.4,0.79276,9.677107644590404,5.0,-1.7999999999999998,0.0,3.0,12.0,0.0,-9.0,0.4714256000000001
2025-09-28,Newcastle United,Arsenal,A,-147.17480468000008,708,1230,3.6,3.4,2.1,-3,3,1.2,1.0027047999999998,1.0027047999999998,0.6,0.6,1.7132399999999997,11.268229564553092,6.4,0.0,6.0,3.0,3.0,6.0,0.0,2.0,1.6307928,1.4785588,2.0,0.4,1.86952,9.970632411067193,6.6,1.6,10.0,10.0,2.0,10.0,8.0,-0.6280880000000002
2025-09-28,Aston Villa,Fulham,H,50.209350579999864,548,387,2.3,3.1,3.4,15,12,0.6,0.7589988,0.7589988,0.2,1.0,0.716,10.053656199321834,8.2,-0.8,3.0,1.0,5.0,3.0,-4.0,1.6,1.1913082000000002,1.1913082000000002,1.2,1.0,1.23626,13.261515939776809,7.0,0.19999999999999996,8.0,6.0,5.0,8.0,1.0,-0.4323094000000002
2025-09-29,Everton,West Ham,D,81.13122558000009,450,363,1.7,3.75,5.0,-3,-6,1.4,1.4254958,1.4254958,1.2,1.0,1.4277,15.109168542928135,7.4,0.19999999999999996,7.0,6.0,5.0,7.0,1.0,0.6,1.0066266000000001,0.8543926000000001,1.0,2.6,0.94908,16.978000743218136,5.2,-1.6,3.0,5.0,13.0,3.0,-8.0,0.41886919999999983
2025-10-03,Bournemouth,Fulham,H,37.719970699999976,507,387,1.95,3.5,3.9,6,6,1.8333333333333333,1.4217683333333333,1.2949076666666668,1.3333333333333333,1.1666666666666667,1.7780833333333332,8.701107415619612,7.166666666666667,0.16666666666666652,11.0,6.0,3.0,11.0,1.0,1.3333333333333333,1.1515255,1.1515255,1.1666666666666667,1.3333333333333333,1.19295,13.356818838702898,6.5,-0.16666666666666652,7.0,6.0,7.0,8.0,-1.0,0.2702428333333333
2025-10-04,Arsenal,West Ham,H,288.4106445299999,1230,363,1.18,6.5,17.0,0,3,2.1666666666666665,1.704074,1.5772123333333334,2.0,0.5,1.947733333333333,9.517193675889327,7.666666666666667,1.5,10.0,11.0,3.0,13.0,9.0,0.6666666666666666,0.9681498333333334,0.8412881666666667,1.0,2.3333333333333335,0.9930166666666667,16.398333952681778,5.5,-1.3333333333333335,4.0,6.0,11.0,4.0,-8.0,0.7359241666666667
2025-10-04,Chelsea,Liverpool,H,-109.53381347999994,1160,1020,2.8,3.75,2.3,-3,0,1.3333333333333333,1.8337786666666667,1.706917,1.8333333333333333,1.3333333333333333,1.5909166666666668,9.00216718708315,6.166666666666667,0.5,7.0,11.0,8.0,8.0,3.0,2.5,1.7360621666666667,1.6092005,2.0,1.1666666666666667,1.5433333333333332,8.333617036558215,8.833333333333334,0.8333333333333333,12.0,8.0,5.0,15.0,5.0,0.09771649999999998
2025-10-04,Leeds,Tottenham,A,-69.82299805000002,346,803,2.7,3.5,2.5,-9,-3,1.3333333333333333,1.0916545,0.9647928333333334,1.0,1.5,1.3155333333333334,15.854941123691125,4.333333333333333,-0.5,5.0,5.0,9.0,8.0,-3.0,1.8333333333333333,1.1589901666666667,1.1589901666666667,1.8333333333333333,0.6666666666666666,1.3142833333333332,9.57585545581869,7.0,1.1666666666666665,8.0,8.0,4.0,11.0,7.0,-0.06733566666666668
2025-10-04,Manchester United,Sunderland,H,191.3218994199999,747,382,1.5,4.75,5.75,0,0,1.1666666666666667,2.0074583333333336,1.626873,1.1666666666666667,1.8333333333333333,1.5954333333333333,11.382129444629443,6.5,-0.6666666666666665,7.0,7.0,10.0,7.0,-4.0,1.8333333333333333,1.1084815000000001,0.9816196666666667,1.1666666666666667,0.6666666666666666,1.2926499999999999,17.28343352342208,3.1666666666666665,0.5000000000000001,8.0,4.0,4.0,11.0,3.0,0.8989768333333334
2025-10-05,Wolverhampton Wanderers,Brighton,D,-127.11303711000005,277,494,3.6,3.7,2.0,-9,-9,0.16666666666666666,0.8229353333333332,0.8229353333333332,0.6666666666666666,2.1666666666666665,0.9390499999999999,9.647589703825338,4.833333333333333,-1.5,1.0,4.0,9.0,1.0,-9.0,1.3333333333333333,1.7063788333333332,1.3257936666666668,1.5,1.5,1.4611333333333334,9.795943789453089,5.333333333333333,0.0,7.0,8.0,8.0,8.0,0.0,-0.8834434999999999
2025-10-05,Newcastle United,Nottingham Forest,H,106.1901855399999,708,568,1.57,4.2,5.5,9,3,1.0,0.9588958333333334,0.9588958333333334,0.6666666666666666,0.8333333333333334,1.5066999999999997,12.134635748238688,6.0,-0.16666666666666674,5.0,4.0,5.0,6.0,-1.0,0.8333333333333334,1.0576913333333333,1.0576913333333333,0.8333333333333334,1.6666666666666667,0.9484333333333334,10.717111689480111,5.5,-0.8333333333333334,2.0,2.0,9.0,5.0,-5.0,-0.09879549999999993
2025-10-05,Everton,Crystal Palace,H,-69.0971679700001,450,541,2.45,3.25,3.0,9,9,1.3333333333333333,1.3395303333333333,1.3395303333333333,1.1666666666666667,1.0,1.4296666666666666,14.718424766165603,8.166666666666666,0.16666666666666674,8.0,7.0,5.0,8.0,1.0,2.0,2.0600133333333335,1.9331516666666666,1.3333333333333333,0.5,1.9235333333333333,18.560487502792995,6.666666666666667,0.8333333333333333,11.0,8.0,3.0,12.0,5.0,-0.7204830000000002
2025-10-05,Brentford,Manchester City,A,-155.91040039000018,470,1310,4.75,4.5,1.62,-6,-3,1.1666666666666667,1.4483309999999998,1.194609,1.5,1.8333333333333333,1.3627833333333335,14.589731453187335,4.333333333333333,-0.33333333333333326,7.0,8.0,8.0,7.0,-2.0,1.6666666666666667,2.0036650000000003,2.0036650000000003,2.3333333333333335,1.0,1.9307333333333334,14.39867724867725,8.5,1.3333333333333335,7.0,10.0,6.0,10.0,8.0,-0.5553340000000004
2025-10-05,Aston Villa,Burnley,H,148.5747070299999,548,253,1.6,4.0,5.75,6,3,1.0,0.860124,0.860124,0.6666666666666666,1.0,0.8851,11.270903975625338,7.833333333333333,-0.33333333333333337,5.0,4.0,6.0,6.0,-2.0,0.6666666666666666,0.813875,0.813875,1.0,2.1666666666666665,0.6053499999999999,15.991468430806668,3.5,-1.1666666666666665,4.0,6.0,10.0,4.0,-7.0,0.046248999999999985
2025-10-18,Brighton,Newcastle United,H,-46.74987792999991,494,708,2.63,3.4,2.6,3,6,1.2857142857142858,1.6614075714285714,1.3351917142857144,1.4285714285714286,1.4285714285714286,1.5761285714285713,9.799120650700049,4.857142857142857,0.0,8.0,9.0,7.0,9.0,0.0,1.2857142857142858,1.3671421428571426,1.2584035714285713,0.8571428571428571,0.7142857142857143,1.713542857142857,11.543973498490304,7.0,0.1428571428571428,8.0,4.0,2.0,9.0,1.0,0.2942654285714288
2025-10-18,Burnley,Leeds,H,-21.358764650000012,253,346,3.25,3.25,2.25,-9,-3,0.5714285714285714,0.7693631428571429,0.7693631428571429,1.0,2.142857142857143,0.5842571428571428,14.822619199194829,3.142857142857143,-1.1428571428571428,1.0,5.0,12.0,4.0,-8.0,1.1428571428571428,1.1472052857142858,1.0384667142857142,1.0,1.5714285714285714,1.4223571428571429,15.13756858221144,4.571428571428571,-0.5714285714285714,5.0,6.0,6.0,8.0,-4.0,-0.3778421428571429
2025-10-18,Crystal Palace,Bournemouth,D,25.673583980000103,541,507,2.2,3.4,3.25,-3,6,1.7142857142857142,2.0768528571428573,1.9681142857142857,1.2857142857142858,0.7142857142857143,1.8464428571428573,16.881211510330502,6.571428571428571,0.5714285714285715,10.0,8.0,4.0,12.0,4.0,2.0,1.4093128571428573,1.3005751428571428,1.5714285714285714,1.1428571428571428,1.7823857142857145,9.432881986497481,8.0,0.4285714285714286,11.0,8.0,4.0,14.0,3.0,0.66754
2025-10-18,Fulham,Arsenal,A,-237.3112792899999,387,1230,5.75,4.1,1.55,-3,-6,1.1428571428571428,1.1075004285714287,1.1075004285714287,1.1428571428571428,1.5714285714285714,1.150342857142857,14.18339573929636,7.0,-0.4285714285714286,6.0,6.0,9.0,8.0,-3.0,2.2857142857142856,1.8975634285714287,1.6800862857142858,2.0,0.42857142857142855,2.0626142857142855,8.75932618106531,9.0,1.5714285714285714,10.0,8.0,3.0,16.0,11.0,-0.790063
2025-10-18,Manchester City,Everton,H,153.36059569999998,1310,450,1.4,5.0,7.0,12,9,1.8571428571428572,1.8740657142857144,1.8740657142857144,2.142857142857143,0.8571428571428571,1.8929857142857143,14.2702947845805,8.571428571428571,1.2857142857142856,10.0,11.0,4.0,13.0,9.0,1.5714285714285714,1.453706,1.3449674285714284,1.2857142857142858,1.0,1.4184999999999999,13.940915809422734,7.714285714285714,0.2857142857142858,8.0,7.0,6.0,11.0,2.0,0.4203597142857145
2025-10-18,Nottingham Forest,Chelsea,A,-137.2528076200001,568,1160,3.7,3.8,1.95,-3,-6,0.7142857142857143,0.9548338571428572,0.9548338571428572,0.7142857142857143,1.7142857142857142,0.8168285714285713,10.764327026357103,5.285714285714286,-0.9999999999999999,1.0,1.0,10.0,5.0,-7.0,1.5714285714285714,1.7485545714285713,1.639816,1.8571428571428572,1.2857142857142858,1.4688285714285716,9.616143303214129,6.142857142857143,0.5714285714285714,7.0,8.0,8.0,11.0,4.0,-0.7937207142857141
2025-10-18,Sunderland,Wolverhampton Wanderers,H,-107.56091308999999,382,277,2.5,3.0,3.1,0,0,1.5714285714285714,1.0654297142857143,0.9566910000000001,1.0,0.8571428571428571,1.1849571428571426,16.208657305790357,3.142857142857143,0.1428571428571429,8.0,4.0,4.0,11.0,1.0,0.2857142857142857,0.7581451428571429,0.7581451428571429,0.7142857142857143,2.0,0.8744,10.208138113482942,4.428571428571429,-1.2857142857142856,2.0,5.0,9.0,2.0,-9.0,0.30728457142857146
2025-10-19,Liverpool,Manchester United,A,185.48925781000003,1020,747,1.6,4.5,5.0,6,6,2.142857142857143,1.7823118571428573,1.6735732857142858,1.8571428571428572,1.2857142857142858,1.6097571428571429,9.589528888478469,8.857142857142858,0.5714285714285714,9.0,6.0,5.0,15.0,4.0,1.4285714285714286,1.9963642857142856,1.6701482857142858,1.2857142857142858,1.5714285714285714,1.6895857142857145,11.209527101607847,6.571428571428571,-0.2857142857142856,9.0,8.0,9.0,10.0,-2.0,-0.21405242857142825
2025-10-19,Tottenham,Aston Villa,A,-50.53234862999989,803,548,2.05,3.5,3.5,-3,-3,2.0,1.0917341428571428,1.0917341428571428,1.8571428571428572,0.7142857142857143,1.2227285714285716,10.350733247844591,6.571428571428571,1.1428571428571428,8.0,8.0,5.0,14.0,8.0,1.2857142857142858,0.9852091428571429,0.9852091428571429,0.8571428571428571,1.0,1.0908714285714285,11.478235153710608,7.857142857142857,-0.1428571428571429,8.0,6.0,6.0,9.0,-1.0,0.10652499999999987
2025-10-20,West Ham,Brentford,A,-73.11499022999988,363,470,2.5,3.25,2.88,-6,-6,0.5714285714285714,0.9533497142857142,0.8446111428571428,0.8571428571428571,2.2857142857142856,0.8738714285714285,17.638132399001965,5.142857142857143,-1.4285714285714284,4.0,5.0,8.0,4.0,-10.0,1.0,1.3405348571428573,1.123058857142857,1.2857142857142858,1.7142857142857142,1.3089285714285714,14.405484102732004,4.0,-0.4285714285714284,4.0,7.0,9.0,7.0,-3.0,-0.387185142857143
2025-10-24,Leeds,West Ham,H,8.962768549999964,346,363,1.8,3.5,4.75,-6,-6,1.0,1.295244625,1.200098375,0.875,1.625,1.5757125,14.221562985625486,5.0,-0.75,4.0,6.0,8.0,8.0,-6.0,0.5,0.866712375,0.771566125,0.75,2.25,0.7703125,17.28058807134894,5.0,-1.5,1.0,2.0,10.0,4.0,-12.0,0.42853225000000006
2025-10-25,Brentford,Liverpool,H,-175.0792236299999,470,1020,4.1,4.2,1.75,-15,-3,1.25,1.6062617499999998,1.41597025,1.375,1.5,1.5110625,14.163131923223837,4.875,-0.125,7.0,8.0,7.0,10.0,-1.0,1.875,1.885737875,1.790591625,1.75,1.375,1.5890250000000001,9.34396277741866,9.0,0.375,6.0,6.0,7.0,15.0,3.0,-0.2794761250000002
2025-10-25,Chelsea,Sunderland,A,293.85632324000017,1160,382,1.36,4.75,9.0,0,0,1.75,1.84977275,1.7546265,2.0,1.125,1.4985625,9.47447021789857,6.125,0.875,7.0,9.0,8.0,14.0,7.0,1.75,1.06035225,0.9652058750000001,1.125,0.75,1.2479,18.73614657113799,3.5,0.375,8.0,4.0,3.0,14.0,3.0,0.7894205000000001
2025-10-25,Manchester United,Brighton,H,-24.696777339999926,747,494,1.95,3.8,3.5,-9,-3,1.625,2.063215,1.777776,1.375,1.5,1.6435375,11.986907642478295,6.5,-0.125,9.0,7.0,8.0,13.0,-1.0,1.5,1.560869625,1.27543075,1.5,1.375,1.50365,10.250366932998906,5.25,0.125,8.0,9.0,7.0,12.0,1.0,0.502345375
2025-10-25,Newcastle United,Fulham,H,100.75158690999979,708,387,1.62,3.9,5.5,3,3,1.125,1.356640625,1.261494375,0.875,0.875,1.713025,11.305976811179017,7.25,0.0,7.0,5.0,4.0,9.0,0.0,1.0,1.031854375,1.031854375,1.0,1.5,1.0434249999999998,14.683908771884315,6.5,-0.5,6.0,6.0,8.0,8.0,-4.0,0.32478625000000005
2025-10-26,Everton,Tottenham,A,-5.863891599999988,450,803,2.35,3.4,3.0,-3,3,1.375,1.3713205,1.27617425,1.125,1.125,1.2817749999999999,14.284839794783352,7.25,0.0,5.0,4.0,6.0,11.0,0.0,1.75,1.144593625,1.144593625,1.75,0.875,1.36785,10.005965665938092,6.375,0.875,8.0,9.0,6.0,14.0,7.0,0.226726875
2025-10-26,Bournemouth,Nottingham Forest,H,79.27429198999994,507,568,1.8,3.8,4.33,6,3,1.875,1.4890362499999998,1.39389075,1.75,1.375,1.582,9.267660627074186,7.75,0.375,9.0,10.0,7.0,15.0,3.0,0.625,1.0924171249999999,1.0924171249999999,0.625,1.875,0.847325,11.274049305957202,5.75,-1.25,1.0,1.0,10.0,5.0,-10.0,0.39661912499999996
2025-10-26,Wolverhampton Wanderers,Burnley,A,-27.453735349999988,277,253,1.95,3.3,4.2,-3,3,0.25,0.747917375,0.747917375,0.625,2.0,0.8875125,9.58628751596424,5.25,-1.375,2.0,3.0,8.0,2.0,-11.0,0.875,0.736898625,0.736898625,1.125,1.875,0.5391125,14.945982275485953,3.0,-0.75,4.0,5.0,9.0,7.0,-6.0,0.011018749999999966
2025-10-26,Arsenal,Crystal Palace,H,184.51098632000003,1230,541,1.4,4.75,7.5,12,6,2.375,1.92014675,1.72985425,1.875,0.375,2.1251249999999997,11.414410408432147,9.625,1.5,13.0,9.0,2.0,19.0,12.0,1.625,2.38760125,2.19730875,1.5,1.0,1.958675,15.75106007153919,7.5,0.5,8.0,8.0,7.0,13.0,4.0,-0.4674544999999999
2025-10-26,Aston Villa,Manchester City,H,-114.97009277000006,548,1310,4.33,3.8,1.8,-3,0,1.5,0.9060868750000001,0.9060868750000001,1.0,1.0,1.0053125,11.654566870607892,7.125,0.0,11.0,8.0,4.0,12.0,0.0,2.0,1.9497950000000002,1.9497950000000002,2.125,0.75,1.97115,13.576785714285714,9.375,1.375,13.0,12.0,2.0,16.0,11.0,-1.0437081250000002
2025-11-01,Brighton,Leeds,H,99.51635742000008,494,346,1.85,3.75,4.0,6,6,1.3333333333333333,1.4926789999999999,1.2389555555555556,1.5555555555555556,1.6666666666666667,1.4096444444444445,9.81514097748051,5.222222222222222,-0.11111111111111116,8.0,10.0,9.0,12.0,-1.0,1.2222222222222223,1.3981507777777777,1.3135763333333332,1.0,1.5555555555555556,1.6925444444444446,13.843035411090966,4.555555555555555,-0.5555555555555556,7.0,8.0,8.0,11.0,-5.0,0.09452822222222212
2025-11-01,Burnley,Arsenal,A,-298.03527831999986,253,1230,10.0,6.0,1.27,-9,-9,1.1111111111111112,0.8267365555555555,0.8267365555555555,1.3333333333333333,1.8888888888888888,0.5509666666666666,14.902601528827018,3.2222222222222223,-0.5555555555555556,7.0,8.0,10.0,10.0,-5.0,2.4444444444444446,1.8019276666666666,1.6327787777777778,1.7777777777777777,0.3333333333333333,2.0923,11.52522755259328,9.11111111111111,1.4444444444444444,13.0,7.0,2.0,22.0,13.0,-0.9751911111111111
2025-11-01,Crystal Palace,Brentford,H,20.63696288999995,541,470,1.91,3.6,3.9,-3,0,1.4444444444444444,2.1612604444444443,1.9921115555555555,1.3333333333333333,1.0,1.8283777777777779,17.142356427226755,6.777777777777778,0.33333333333333326,7.0,8.0,8.0,13.0,3.0,1.4444444444444444,1.7912615555555556,1.537540222222222,1.5555555555555556,1.5555555555555556,1.5794444444444444,14.145006153976745,4.888888888888889,0.0,9.0,9.0,7.0,13.0,0.0,0.36999888888888877
2025-11-01,Fulham,Wolverhampton Wanderers,H,85.23168945999987,387,277,1.83,3.5,4.5,0,-3,0.8888888888888888,1.086093888888889,1.086093888888889,1.0,1.5555555555555556,0.9868222222222222,14.113666034778396,6.111111111111111,-0.5555555555555556,3.0,6.0,10.0,8.0,-5.0,0.2222222222222222,0.9516287777777777,0.8670543333333334,0.7777777777777778,2.111111111111111,1.0267888888888888,9.507255569745992,5.777777777777778,-1.3333333333333335,2.0,5.0,10.0,2.0,-12.0,0.13446511111111126
2025-11-01,Liverpool,Aston Villa,H,100.59399413999995,1020,548,1.65,4.33,4.5,6,12,1.6666666666666667,1.911587,1.8270125555555556,1.7777777777777777,1.5555555555555556,1.488777777777778,8.994633579927699,9.11111111111111,0.2222222222222221,3.0,7.0,10.0,15.0,2.0,1.6666666666666667,0.8991778888888889,0.8991778888888889,1.0,0.8888888888888888,0.9987555555555555,12.84446348094439,7.222222222222222,0.11111111111111116,13.0,9.0,4.0,15.0,1.0,1.0124091111111109
2025-11-01,Nottingham Forest,Manchester United,D,-74.63366699000017,568,747,3.3,3.75,2.05,3,3,0.5555555555555556,1.004981111111111,1.004981111111111,0.5555555555555556,1.8888888888888888,0.8514777777777778,11.326932716406402,5.555555555555555,-1.3333333333333333,1.0,1.0,9.0,5.0,-12.0,1.7777777777777777,2.0520033333333334,1.798279777777778,1.6666666666666667,1.5555555555555556,1.697188888888889,12.206616317123563,6.777777777777778,0.11111111111111116,12.0,11.0,7.0,16.0,1.0,-1.0470222222222223
2025-11-01,Tottenham,Chelsea,A,-66.90771483999993,803,1160,2.7,3.5,2.5,-9,-9,1.8888888888888888,1.250002111111111,1.250002111111111,1.8888888888888888,0.7777777777777778,1.4289666666666667,10.783080591944971,6.0,1.1111111111111112,8.0,9.0,6.0,17.0,10.0,1.5555555555555556,1.7790557777777778,1.6944813333333333,1.8888888888888888,1.2222222222222223,1.448311111111111,9.458788341835765,6.666666666666667,0.6666666666666665,6.0,8.0,8.0,14.0,6.0,-0.5290536666666668
2025-11-02,Manchester City,Bournemouth,H,122.02697753999996,1310,507,1.5,4.75,5.75,9,15,1.7777777777777777,1.8852777777777778,1.8852777777777778,1.8888888888888888,0.7777777777777778,1.9482111111111111,13.207142857142857,9.555555555555555,1.1111111111111112,10.0,9.0,3.0,16.0,10.0,2.0,1.3965434444444442,1.3119696666666667,1.7777777777777777,1.2222222222222223,1.5905555555555555,9.131253890732609,7.666666666666667,0.5555555555555554,9.0,10.0,6.0,18.0,5.0,0.4887343333333336
2025-11-02,West Ham,Newcastle United,H,-174.55334472999994,363,708,5.25,4.0,1.62,-6,-9,0.4444444444444444,0.8258168888888888,0.7412424444444444,0.7777777777777778,2.2222222222222223,0.7123,16.424625294190513,4.888888888888889,-1.4444444444444446,1.0,3.0,9.0,4.0,-13.0,1.3333333333333333,1.513465,1.4288905555555556,1.0,0.8888888888888888,1.7760888888888888,11.053725419460712,7.222222222222222,0.11111111111111116,7.0,6.0,5.0,12.0,1.0,-0.6876481111111112
2025-11-03,Sunderland,Everton,D,-157.56372069999998,382,450,2.7,3.2,2.7,0,0,1.8888888888888888,1.1148242222222224,1.0302496666666667,1.2222222222222223,0.7777777777777778,1.2943666666666667,19.05958126584815,3.7777777777777777,0.44444444444444453,10.0,6.0,4.0,17.0,4.0,1.2222222222222223,1.3748626666666666,1.2902882222222223,1.0,1.3333333333333333,1.2316888888888888,14.188863443316198,7.111111111111111,-0.33333333333333326,4.0,4.0,9.0,11.0,-3.0,-0.26003844444444413
2025-11-08,Chelsea,Wolverhampton Wanderers,H,215.88391114,1160,277,1.36,4.75,8.5,-3,3,1.7,1.9354012,1.8592842,1.8,1.1,1.59898,9.212909507652189,7.3,0.7,9.0,8.0,6.0,17.0,7.0,0.2,0.8774592999999999,0.8013423,0.7,2.2,0.9427200000000001,10.687780012771393,5.6,-1.5000000000000002,2.0,4.0,10.0,2.0,-15.0,1.0579419
2025-11-08,Everton,Fulham,H,5.461791990000165,450,387,2.2,3.3,3.4,-3,-6,1.2,1.3381174,1.2620004,1.0,1.3,1.23292,15.085361714369194,6.9,-0.30000000000000004,5.0,4.0,8.0,12.0,-3.0,1.1,1.1686915,1.1686915,1.2,1.4,1.15719,13.985632764633888,6.6,-0.19999999999999996,3.0,6.0,9.0,11.0,-2.0,0.16942590000000002
2025-11-08,Sunderland,Arsenal,D,-403.5998535099998,382,1230,7.5,5.0,1.38,0,0,1.8,1.1214098,1.0452927,1.2,0.8,1.3085,17.977432663072854,4.1,0.3999999999999999,10.0,6.0,4.0,18.0,4.0,2.5,1.8733838999999999,1.7211499,1.8,0.3,2.1470700000000003,11.588494271018163,9.1,1.5,15.0,8.0,1.0,25.0,15.0,-0.7519741
2025-11-08,Tottenham,Manchester United,D,-1.1972656200000529,803,747,2.63,3.6,2.5,9,0,1.7,1.1396973,1.1396973,1.7,0.8,1.28856,10.560772532750473,5.8,0.8999999999999999,7.0,7.0,5.0,17.0,9.0,1.7,1.9384249999999998,1.7100738,1.7,1.6,1.6089200000000001,11.933013508940618,6.6,0.09999999999999987,10.0,11.0,8.0,17.0,1.0,-0.7987276999999999
2025-11-08,West Ham,Burnley,H,-4.7335204999999405,363,253,1.91,3.5,4.0,6,3,0.7,0.8846181999999999,0.8085011999999999,1.0,2.1,0.8571799999999999,17.140496098104794,4.7,-1.1,4.0,5.0,8.0,7.0,-11.0,1.0,0.8119806,0.8119806,1.2,1.9,0.51906,14.967341375944319,3.2,-0.7,6.0,7.0,11.0,10.0,-7.0,0.07263759999999986
2025-11-09,Manchester City,Liverpool,H,-5.316772460000038,1310,1020,1.9,3.9,3.7,-3,0,1.9,1.945749,1.945749,2.0,0.8,2.00016,13.90517857142857,9.4,1.2,12.0,11.0,3.0,19.0,12.0,1.8,1.8674493,1.7913323,1.8,1.4,1.5602399999999998,9.190170221934927,9.4,0.40000000000000013,3.0,7.0,9.0,18.0,4.0,0.07829969999999986
2025-11-09,Crystal Palace,Brighton,D,13.959716800000024,541,494,2.25,3.5,3.1,0,3,1.6,2.0185902,1.8663561999999998,1.4,0.9,1.7674500000000002,17.36562078450408,6.6,0.4999999999999999,7.0,8.0,7.0,16.0,5.0,1.5,1.6075381,1.379187,1.7,1.5,1.5504,10.314579260684841,5.4,0.19999999999999996,10.0,11.0,7.0,15.0,2.0,0.4110520999999998
2025-11-09,Nottingham Forest,Leeds,H,25.236938479999935,568,346,2.25,3.25,3.3,0,3,0.6,1.059549,1.059549,0.7,1.9,0.9589000000000001,11.563804662157064,5.7,-1.2,1.0,2.0,10.0,6.0,-12.0,1.1,1.2942547000000002,1.2181377000000002,0.9,1.7,1.53438,14.718731869981871,4.3,-0.7999999999999999,4.0,5.0,10.0,11.0,-8.0,-0.23470570000000013
2025-11-09,Aston Villa,Bournemouth,H,27.08435058000009,548,507,2.2,3.4,3.25,9,3,1.5,0.8527621,0.8527621,0.9,1.0,0.9530200000000001,13.16626713284995,7.1,-0.09999999999999998,12.0,8.0,5.0,15.0,-1.0,1.8,1.3468737,1.2707573,1.7,1.4,1.46875,9.33986763209413,7.3,0.30000000000000004,8.0,11.0,9.0,18.0,3.0,-0.4941116
2025-11-09,Brentford,Newcastle United,H,-60.90405274,470,708,2.8,3.5,2.45,-9,-6,1.3,1.6941852000000002,1.465836,1.4,1.6,1.56288,13.31232372039725,5.2,-0.20000000000000018,9.0,8.0,6.0,13.0,-2.0,1.2,1.41448,1.338363,1.0,1.1,1.6569099999999999,10.83658817163229,7.2,-0.10000000000000009,6.0,7.0,8.0,12.0,-1.0,0.2797052000000002
2025-11-22,Bournemouth,West Ham,D,96.33068847999994,507,363,1.62,4.2,4.75,-3,0,1.6363636363636365,1.4071506363636364,1.2687566363636362,1.5454545454545454,1.6363636363636365,1.4687909090909093,9.11031737597783,7.181818181818182,-0.09090909090909105,7.0,9.0,11.0,18.0,-1.0,0.9090909090909091,1.0739510909090908,1.004753818181818,1.1818181818181819,2.090909090909091,0.9830545454545454,16.98681463464072,4.636363636363637,-0.909090909090909,6.0,7.0,9.0,10.0,-10.0,0.33319954545454555
2025-11-22,Brighton,Brentford,H,17.359985349999988,494,470,1.91,3.6,4.0,0,6,1.4545454545454546,1.5193107272727273,1.3117188181818182,1.5454545454545454,1.3636363636363635,1.5143727272727274,10.285981146077127,5.545454545454546,0.18181818181818188,8.0,8.0,6.0,16.0,2.0,1.4545454545454546,1.789012909090909,1.5122254545454545,1.5454545454545454,1.5454545454545454,1.6774818181818183,13.193021563997501,5.363636363636363,0.0,9.0,8.0,6.0,16.0,0.0,-0.26970218181818173
2025-11-22,Burnley,Chelsea,A,-178.08850097999994,253,1160,6.25,4.5,1.48,-9,-15,0.9090909090909091,0.9085987272727273,0.9085987272727273,1.2727272727272727,2.0,0.5219636363636364,14.563611777174259,3.5454545454545454,-0.7272727272727273,6.0,8.0,9.0,10.0,-8.0,1.8181818181818181,2.1215847272727273,2.0523874545454546,1.9090909090909092,1.0,1.7249454545454546,9.32274070073644,7.818181818181818,0.9090909090909092,12.0,10.0,3.0,20.0,10.0,-1.212986
2025-11-22,Fulham,Sunderland,H,128.72180174999994,387,382,2.1,3.25,3.75,0,0,1.0,1.1010357272727271,1.1010357272727271,1.0909090909090908,1.4545454545454546,1.0714454545454546,13.614211604212626,6.636363636363637,-0.36363636363636376,3.0,5.0,8.0,11.0,-4.0,1.7272727272727273,1.1290043636363636,1.0598070000000002,1.2727272727272727,0.9090909090909091,1.2446454545454546,17.567363027035928,4.363636363636363,0.36363636363636365,8.0,7.0,6.0,19.0,4.0,-0.027968636363636445
2025-11-22,Liverpool,Nottingham Forest,A,214.92114258000015,1020,568,1.44,5.0,6.25,6,3,1.6363636363636365,1.7911448181818181,1.7219475454545454,1.6363636363636365,1.5454545454545454,1.4966636363636363,9.354700201759025,9.181818181818182,0.09090909090909105,3.0,6.0,10.0,18.0,1.0,0.8181818181818182,1.1896781818181816,1.1204818181818181,0.9090909090909091,1.8181818181818181,1.1231727272727274,11.89133757165794,5.545454545454546,-0.9090909090909091,4.0,5.0,10.0,9.0,-10.0,0.6014666363636365
2025-11-22,Newcastle United,Manchester City,H,-130.61096191000001,708,1310,3.6,3.8,1.95,-12,-9,1.0909090909090908,1.325188818181818,1.2559915454545454,1.0,1.2727272727272727,1.516390909090909,10.861013170383421,6.7272727272727275,-0.2727272727272727,6.0,7.0,9.0,12.0,-3.0,2.0,1.9139009090909092,1.8447033636363637,2.090909090909091,0.7272727272727273,1.9873545454545456,13.715451593860685,9.181818181818182,1.3636363636363635,12.0,9.0,2.0,22.0,15.0,-0.588712090909091
2025-11-22,Wolverhampton Wanderers,Crystal Palace,A,-174.52319336000005,277,541,3.8,3.6,1.95,-6,0,0.18181818181818182,0.8078231818181817,0.7386259090909092,0.6363636363636364,2.272727272727273,0.8577454545454546,11.570709102519446,5.181818181818182,-1.6363636363636367,1.0,3.0,12.0,2.0,-18.0,1.5454545454545454,1.9114044545454545,1.773009909090909,1.2727272727272727,0.8181818181818182,1.7399727272727274,16.85685805584287,6.909090909090909,0.4545454545454545,5.0,6.0,6.0,17.0,5.0,-1.103581272727273
2025-11-23,Arsenal,Tottenham,H,208.12866211000005,1230,803,1.42,4.75,7.5,12,12,2.3636363636363638,1.9148426363636362,1.7764480909090907,1.8181818181818181,0.45454545454545453,2.150054545454545,11.39294933728924,9.272727272727273,1.3636363636363635,13.0,8.0,2.0,26.0,15.0,1.6363636363636365,1.1592993636363635,1.1592993636363635,1.7272727272727273,0.9090909090909091,1.3362363636363634,10.302896659867201,5.7272727272727275,0.8181818181818182,7.0,8.0,6.0,18.0,9.0,0.7555432727272726
2025-11-23,Leeds,Aston Villa,A,-164.77514647999988,346,548,3.0,3.3,2.4,-9,-6,1.0,1.214728,1.1455307272727273,0.9090909090909091,1.8181818181818181,1.4081363636363635,14.230665336347156,4.181818181818182,-0.9090909090909091,3.0,4.0,11.0,11.0,-10.0,1.6363636363636365,0.9464037272727274,0.9464037272727274,1.1818181818181819,0.9090909090909091,0.9814272727272727,12.495979525161397,7.363636363636363,0.2727272727272728,12.0,9.0,4.0,18.0,3.0,0.26832427272727266
2025-11-24,Manchester United,Everton,A,30.637817379999888,747,450,1.75,4.0,4.33,12,9,1.6363636363636365,1.8367732727272725,1.6291812727272728,1.7272727272727273,1.6363636363636365,1.5449181818181819,12.0587204148264,6.2727272727272725,0.09090909090909083,11.0,12.0,7.0,18.0,1.0,1.3636363636363635,1.4261130909090909,1.3569158181818182,1.0909090909090908,1.1818181818181819,1.3640636363636363,15.09364433926611,6.7272727272727275,-0.09090909090909105,7.0,5.0,7.0,15.0,-1.0,0.41066018181818165
2025-11-29,Brentford,Burnley,H,101.38354492000008,470,253,1.45,4.5,7.0,0,6,1.3333333333333333,1.8232443333333332,1.4426606666666666,1.5,1.5833333333333333,1.736625,13.543603100331042,5.5,-0.08333333333333326,9.0,9.0,7.0,16.0,-1.0,0.8333333333333334,0.88796075,0.88796075,1.1666666666666667,2.0,0.52445,14.52625951369179,3.75,-0.8333333333333333,6.0,7.0,9.0,10.0,-10.0,0.9352835833333333
2025-11-29,Everton,Newcastle United,A,-54.57458496000004,450,708,2.8,3.25,2.63,3,0,1.5,1.32019225,1.2567614166666667,1.0833333333333333,1.0833333333333333,1.26155,16.22472953321616,6.333333333333333,0.0,7.0,4.0,6.0,18.0,0.0,1.25,1.4152189166666667,1.3517880833333333,1.0833333333333333,1.25,1.50495,10.929413588002985,6.5,-0.16666666666666674,6.0,7.0,10.0,15.0,-2.0,-0.09502666666666659
2025-11-29,Manchester City,Leeds,H,252.8454589800001,1310,346,1.22,6.5,12.0,9,3,1.8333333333333333,1.9591158333333334,1.89568475,2.0,0.8333333333333334,1.9364666666666668,13.216015812890811,9.75,1.1666666666666665,9.0,9.0,4.0,22.0,14.0,0.9166666666666666,1.2673906666666668,1.2039598333333335,0.9166666666666666,1.8333333333333333,1.4384416666666666,13.655887669429335,4.25,-0.9166666666666666,3.0,4.0,11.0,11.0,-11.0,0.6917251666666666
2025-11-29,Sunderland,Bournemouth,H,-184.07116698999994,382,507,3.2,3.3,2.3,0,0,1.5833333333333333,1.0534846666666666,0.99005375,1.1666666666666667,0.9166666666666666,1.1477833333333334,17.19468594938611,4.166666666666667,0.2500000000000001,8.0,7.0,5.0,19.0,3.0,1.5833333333333333,1.58013725,1.3898452499999998,1.5833333333333333,1.6666666666666667,1.5893499999999998,8.543043453232203,7.333333333333333,-0.08333333333333348,5.0,8.0,12.0,19.0,-1.0,-0.5266525833333333
2025-11-29,Tottenham,Fulham,A,39.08129882999992,803,387,2.2,3.3,3.3,0,9,1.5,1.0651966833333333,1.0651966833333333,1.6666666666666667,1.1666666666666667,1.2313333333333334,10.564692308581973,5.416666666666667,0.5,4.0,7.0,9.0,18.0,6.0,1.1666666666666667,1.2457235833333333,1.2457235833333333,1.0833333333333333,1.3333333333333333,1.2207416666666666,13.657471748306017,7.5,-0.25,6.0,5.0,5.0,14.0,-3.0,-0.18052690000000005
2025-11-30,Nottingham Forest,Brighton,A,-62.20361328000013,568,494,2.75,3.3,2.63,0,3,1.0,1.1900875,1.1266575,1.0833333333333333,1.6666666666666667,1.1077333333333332,12.829879953506955,5.583333333333333,-0.5833333333333335,7.0,8.0,8.0,12.0,-7.0,1.5833333333333333,1.4741588333333333,1.28386625,1.5833333333333333,1.3333333333333333,1.4246083333333333,10.052149383904032,5.916666666666667,0.25,10.0,9.0,6.0,19.0,3.0,-0.28407133333333334
2025-11-30,Crystal Palace,Manchester United,A,30.58190917999991,541,747,2.3,3.4,3.1,6,6,1.6666666666666667,1.8728982499999998,1.7460365833333331,1.3333333333333333,0.75,1.690475,16.288786551189297,7.25,0.5833333333333333,8.0,7.0,4.0,20.0,7.0,1.5,1.8731838333333333,1.6828911666666666,1.5833333333333333,1.5833333333333333,1.6468083333333334,11.451554319651473,7.0,0.0,8.0,10.0,8.0,18.0,0.0,-0.0002855833333335056
2025-11-30,West Ham,Liverpool,A,-189.02380371000004,363,1020,4.33,4.33,1.67,-12,-6,0.9166666666666666,1.0170203333333332,0.9535895,1.25,2.0833333333333335,0.9052666666666666,17.38185280902672,4.5,-0.8333333333333335,7.0,9.0,9.0,11.0,-10.0,1.5,1.7912769166666667,1.7278460833333333,1.5,1.6666666666666667,1.522975,8.965293366763955,9.333333333333334,-0.16666666666666674,3.0,5.0,11.0,18.0,-2.0,-0.7742565833333335
2025-11-30,Aston Villa,Wolverhampton Wanderers,H,216.84741211000005,548,277,1.5,4.33,6.5,0,3,1.75,0.9808517499999999,0.9808517499999999,1.25,0.9166666666666666,0.9803166666666666,12.450018268434983,7.166666666666667,0.33333333333333337,12.0,9.0,4.0,21.0,4.0,0.16666666666666666,0.87917875,0.8157479166666667,0.5833333333333334,2.25,0.9170166666666667,11.497787691802246,5.583333333333333,-1.6666666666666665,0.0,2.0,13.0,2.0,-20.0,0.1016729999999999
2025-11-30,Chelsea,Arsenal,D,-125.29333496000004,1160,1230,3.4,3.3,2.2,-9,-9,1.9166666666666667,2.0881968333333334,2.024766,1.9166666666666667,0.9166666666666666,1.7664833333333334,9.642336870411912,8.083333333333334,1.0,12.0,10.0,2.0,23.0,12.0,2.4166666666666665,1.94512825,1.8182665833333334,2.0,0.5,2.2082333333333333,10.968046696436703,9.583333333333334,1.5,13.0,10.0,3.0,29.0,18.0,0.1430685833333334
2025-12-02,Bournemouth,Everton,A,19.043823240000165,507,450,2.2,3.25,3.3,3,12,1.4615384615384615,1.5964913076923077,1.420837153846154,1.6153846153846154,1.7692307692307692,1.611346153846154,8.479903358539127,7.461538461538462,-0.15384615384615374,4.0,7.0,12.0,19.0,-2.0,1.3846153846153846,1.2964274615384614,1.237875923076923,1.0769230769230769,1.3076923076923077,1.1999153846153847,16.123830605911905,6.846153846153846,-0.23076923076923084,7.0,5.0,8.0,18.0,-3.0,0.3000638461538463
2025-12-02,Fulham,Manchester City,A,-177.65454101,387,1310,4.33,4.1,1.73,-15,-15,1.3076923076923077,1.1879553076923077,1.1879553076923077,1.1538461538461537,1.3076923076923077,1.185523076923077,13.573452182382812,7.3076923076923075,-0.15384615384615397,9.0,7.0,5.0,17.0,-2.0,1.9230769230769231,2.02787,1.969318230769231,2.076923076923077,0.9230769230769231,1.9547,13.145100569365276,9.923076923076923,1.153846153846154,9.0,10.0,6.0,25.0,15.0,-0.8399146923076923
2025-12-02,Newcastle United,Tottenham,D,70.93518066999991,708,803,1.83,3.8,4.1,9,6,1.3846153846153846,1.4954959230769231,1.4369443846153847,1.3076923076923077,1.2307692307692308,1.5711307692307694,11.755356132515574,6.615384615384615,0.07692307692307687,9.0,10.0,9.0,18.0,1.0,1.3846153846153846,1.0635630923076922,1.0635630923076922,1.6153846153846154,1.2307692307692308,1.2837769230769231,10.266612528876728,5.230769230769231,0.3846153846153846,4.0,7.0,9.0,18.0,5.0,0.43193283076923095
2025-12-03,Liverpool,Sunderland,D,279.92053222000004,1020,382,1.36,5.25,7.0,0,0,1.6153846153846154,1.7740963846153845,1.715544846153846,1.5384615384615385,1.5384615384615385,1.5923,8.927829328517898,9.307692307692308,0.0,6.0,6.0,9.0,21.0,0.0,1.6923076923076923,1.0624127692307692,0.9453126923076923,1.3076923076923077,1.0,1.1220999999999999,16.633556260971794,4.538461538461538,0.3076923076923077,8.0,8.0,7.0,22.0,4.0,0.7116836153846153
2025-12-03,Arsenal,Brentford,H,218.6059570299999,1230,470,1.36,5.0,8.5,9,6,2.3076923076923075,1.8899860769230767,1.772883,1.9230769230769231,0.5384615384615384,2.173576923076923,10.72050464286465,9.384615384615385,1.3846153846153846,11.0,10.0,4.0,30.0,18.0,1.4615384615384615,1.9692301538461539,1.5593713846153845,1.6153846153846154,1.5384615384615385,1.825676923076923,13.628161103602281,5.461538461538462,0.07692307692307687,9.0,10.0,8.0,19.0,1.0,-0.07924407692307711
2025-12-03,Brighton,Aston Villa,A,-31.005981439999914,494,548,2.15,3.5,3.4,-6,-6,1.6923076923076923,1.5190081538461537,1.3433534615384617,1.6153846153846154,1.2307692307692308,1.481153846153846,10.038907123603723,6.076923076923077,0.3846153846153846,10.0,9.0,5.0,22.0,5.0,1.8461538461538463,0.994237,0.994237,1.2307692307692308,0.8461538461538461,1.0401076923076924,12.242324555478445,7.0,0.3846153846153847,12.0,8.0,3.0,24.0,5.0,0.5247711538461537
2025-12-03,Burnley,Crystal Palace,A,-128.7125244099998,253,541,4.5,3.8,1.75,-3,-6,0.7692307692307693,0.8868887692307692,0.8283373076923077,1.1538461538461537,2.076923076923077,0.4890153846153846,14.323834692800517,3.5384615384615383,-0.9230769230769234,3.0,6.0,12.0,10.0,-12.0,1.5384615384615385,1.893106846153846,1.7174522307692308,1.3076923076923077,0.8461538461538461,1.7070384615384617,16.011511472352872,7.0,0.46153846153846156,7.0,5.0,3.0,20.0,6.0,-1.0062180769230769
2025-12-03,Leeds,Chelsea,H,-212.7153320299999,346,1160,4.1,4.1,1.8,-6,0,0.8461538461538461,1.3046236923076924,1.1759834615384617,1.0,1.9230769230769231,1.3753076923076923,13.24902451537067,4.230769230769231,-0.9230769230769231,3.0,6.0,12.0,11.0,-12.0,1.8461538461538463,1.9884827692307694,1.929931230769231,1.8461538461538463,0.9230769230769231,1.7025538461538463,9.789080188072534,7.615384615384615,0.9230769230769231,10.0,8.0,3.0,24.0,12.0,-0.683859076923077
2025-12-03,Wolverhampton Wanderers,Nottingham Forest,A,-106.92395018999991,277,568,3.25,3.4,2.25,-3,0,0.15384615384615385,0.8648256153846153,0.8062740769230768,0.5384615384615384,2.1538461538461537,0.9178230769230769,11.400888272286323,5.384615384615385,-1.6153846153846154,0.0,2.0,12.0,2.0,-21.0,0.9230769230769231,1.1724134615384616,1.1138626923076922,1.0,1.6923076923076923,1.0713076923076923,12.856344037350905,6.0,-0.6923076923076923,7.0,8.0,7.0,12.0,-9.0,-0.30758784615384627
2025-12-04,Manchester United,West Ham,D,98.52331542999991,747,363,1.45,5.0,6.0,-9,9,1.6153846153846154,1.8427604615384614,1.6671056923076923,1.6153846153846154,1.5384615384615385,1.5825923076923079,11.25892463514387,6.538461538461538,0.07692307692307687,8.0,10.0,8.0,21.0,1.0,0.8461538461538461,0.9667996923076922,0.9082481538461539,1.1538461538461537,2.076923076923077,0.8645615384615385,17.10833235883403,4.461538461538462,-0.9230769230769234,7.0,9.0,9.0,11.0,-12.0,0.8759607692307692
2025-12-06,Aston Villa,Arsenal,H,-148.19592285,548,1230,4.2,3.5,1.9,0,-3,1.9285714285714286,1.1487522142857143,1.1487522142857143,1.4285714285714286,1.0,1.1226357142857142,12.397947989485626,7.285714285714286,0.4285714285714286,12.0,11.0,6.0,27.0,6.0,2.357142857142857,1.9429342142857142,1.8341956428571429,1.9285714285714286,0.5,2.21075,10.449463305940457,9.0,1.4285714285714286,11.0,11.0,4.0,33.0,20.0,-0.7941819999999999
2025-12-06,Bournemouth,Chelsea,D,-100.49426268999991,507,1160,3.1,3.75,2.15,-9,-3,1.3571428571428572,1.527843,1.3647355714285714,1.5,1.7142857142857142,1.5562500000000001,8.680318424765924,7.428571428571429,-0.2142857142857142,1.0,5.0,13.0,19.0,-3.0,1.7142857142857142,1.9153067142857143,1.8609374285714286,1.7857142857142858,1.0714285714285714,1.6149928571428571,9.498023439944904,7.642857142857143,0.7142857142857144,10.0,8.0,4.0,24.0,10.0,-0.38746371428571424
2025-12-06,Everton,Nottingham Forest,H,23.369995120000112,450,568,2.2,3.2,3.5,6,0,1.5,1.2892347857142856,1.2348655,1.0714285714285714,1.2142857142857142,1.2457142857142856,15.808437943584863,6.714285714285714,-0.1428571428571428,10.0,6.0,5.0,21.0,-2.0,1.0714285714285714,1.1689475,1.1145789285714287,1.0,1.5714285714285714,1.0919714285714286,12.896680365510049,6.071428571428571,-0.5714285714285714,10.0,9.0,5.0,15.0,-8.0,0.1202872857142856
2025-12-06,Leeds,Liverpool,D,-198.91040038999995,346,1020,3.8,4.0,1.85,-6,-6,1.0,1.368914857142857,1.2494632142857145,1.1428571428571428,1.8571428571428572,1.4439785714285716,14.009014827764828,4.142857142857143,-0.7142857142857144,3.0,7.0,12.0,14.0,-10.0,1.5714285714285714,1.7456844999999999,1.6913152142857142,1.5,1.5,1.61505,8.966597821859057,9.0,0.0,7.0,5.0,7.0,22.0,0.0,-0.37676964285714276
2025-12-06,Manchester City,Sunderland,H,310.6667480399999,1310,382,1.25,6.5,10.0,0,0,2.0,2.0231828571428574,1.9688133571428572,2.2857142857142856,1.1428571428571428,1.967307142857143,13.465905074150871,9.571428571428571,1.1428571428571428,12.0,15.0,9.0,28.0,16.0,1.6428571428571428,1.0374305714285714,0.9286947857142858,1.2857142857142858,1.0,1.0986571428571428,16.826397480426188,4.428571428571429,0.2857142857142858,6.0,7.0,7.0,23.0,4.0,0.985752285714286
2025-12-06,Newcastle United,Burnley,H,169.43774413999995,708,253,1.27,6.0,9.5,15,12,1.3571428571428572,1.5233590714285714,1.4146204999999998,1.3571428571428572,1.2857142857142858,1.6014285714285712,11.469973551621605,6.5,0.0714285714285714,7.0,10.0,10.0,19.0,1.0,0.7142857142857143,0.9070052857142857,0.8526360714285713,1.0714285714285714,2.0,0.5593642857142856,13.997846500457625,3.9285714285714284,-0.9285714285714286,0.0,3.0,11.0,10.0,-13.0,0.6163537857142857
2025-12-06,Tottenham,Brentford,H,-11.124023439999974,803,470,2.3,3.5,3.0,6,6,1.3571428571428572,1.0627407285714285,1.0627407285714285,1.6428571428571428,1.2857142857142858,1.2459714285714285,10.458283062528391,5.142857142857143,0.357142857142857,2.0,6.0,11.0,19.0,5.0,1.3571428571428572,1.8706219999999998,1.490038857142857,1.5,1.5714285714285714,1.7093714285714285,13.769800389852913,5.285714285714286,-0.0714285714285714,6.0,7.0,8.0,19.0,-1.0,-0.8078812714285712
2025-12-07,Brighton,West Ham,D,115.52233887000011,494,363,1.55,4.33,5.75,3,6,1.5714285714285714,1.5507204285714287,1.3876125,1.7142857142857142,1.4285714285714286,1.4201714285714286,9.750413757632028,6.0,0.2857142857142856,10.0,10.0,5.0,22.0,4.0,0.8571428571428571,0.9953025714285715,0.9409332857142857,1.1428571428571428,2.0,0.8535642857142857,16.624403857012553,4.714285714285714,-0.8571428571428572,8.0,9.0,8.0,12.0,-12.0,0.5554178571428572
2025-12-07,Fulham,Crystal Palace,A,-62.03442382999992,387,541,2.55,3.3,2.8,0,-9,1.2142857142857142,1.1725752857142857,1.1725752857142857,1.3571428571428572,1.5714285714285714,1.146957142857143,13.32095285067415,7.214285714285714,-0.2142857142857142,9.0,10.0,8.0,17.0,-3.0,1.6428571428571428,1.8284418571428571,1.6653339999999999,1.2857142857142858,0.7857142857142857,1.6706285714285714,16.638240244735833,6.785714285714286,0.5000000000000001,10.0,6.0,2.0,23.0,7.0,-0.6558665714285714
2025-12-08,Wolverhampton Wanderers,Manchester United,A,-163.72875976,277,747,4.2,4.0,1.75,-3,-9,0.14285714285714285,0.8762387857142857,0.8218695,0.5,2.0714285714285716,0.9439857142857143,11.241818613085746,5.142857142857143,-1.5714285714285716,0.0,0.0,10.0,2.0,-22.0,1.5714285714285714,1.873759,1.7106510000000001,1.5714285714285714,1.5,1.6172714285714285,10.840430018347877,6.571428571428571,0.0714285714285714,6.0,7.0,7.0,22.0,1.0,-0.9975202142857142
2025-12-13,Arsenal,Wolverhampton Wanderers,H,388.47863770000004,1230,277,1.13,8.5,21.0,15,9,2.2,1.9373819333333333,1.8358926,1.8666666666666667,0.6,2.1189666666666667,10.395256661302001,9.0,1.2666666666666666,8.0,10.0,6.0,33.0,19.0,0.13333333333333333,0.8352993333333333,0.7845546666666667,0.5333333333333333,2.2,0.88206,11.029300975816968,5.2,-1.666666666666667,0.0,1.0,11.0,2.0,-25.0,1.1020826000000001
2025-12-13,Burnley,Fulham,A,-74.3627929700001,253,387,4.0,3.5,1.91,9,3,0.6666666666666666,0.9521216,0.8506327333333333,1.0666666666666667,2.0,0.6012333333333333,14.587733656837372,3.8,-0.9333333333333333,0.0,4.0,11.0,10.0,-14.0,1.1333333333333333,1.1455216666666668,1.1455216666666668,1.3333333333333333,1.6,1.11474,13.243415643085347,7.066666666666666,-0.26666666666666683,6.0,8.0,10.0,17.0,-4.0,-0.19340006666666676
2025-12-13,Chelsea,Everton,H,78.50695801000006,1160,450,1.67,3.8,5.25,3,9,1.6666666666666667,1.8324597333333335,1.7817150666666668,1.6666666666666667,1.0,1.5488733333333333,9.408155210615243,7.4,0.6666666666666667,8.0,7.0,4.0,25.0,10.0,1.6,1.2868511333333332,1.2361064666666666,1.2,1.1333333333333333,1.31186,15.317760471483805,6.866666666666666,0.06666666666666665,12.0,8.0,4.0,24.0,1.0,0.5456086000000002
2025-12-13,Liverpool,Brighton,H,86.26550293000014,1020,494,1.67,4.0,4.75,0,3,1.5333333333333334,1.7658422,1.7150975333333334,1.6,1.6,1.6094933333333334,9.044582209492695,8.733333333333333,0.0,5.0,6.0,10.0,23.0,0.0,1.5333333333333334,1.5873904,1.4351563333333333,1.6666666666666667,1.4,1.4348866666666666,9.503416476820197,6.133333333333334,0.26666666666666683,8.0,8.0,6.0,23.0,4.0,0.17845179999999994
2025-12-14,Brentford,Leeds,D,80.47082520000004,470,346,1.91,3.6,4.0,0,0,1.2666666666666666,1.7772847333333333,1.4220738,1.4,1.6,1.6070266666666666,13.596258141640496,5.466666666666667,-0.20000000000000018,6.0,7.0,8.0,19.0,-3.0,1.0,1.3972092,1.2349763333333332,1.2666666666666666,1.9333333333333333,1.4286466666666666,14.079247172580505,4.133333333333334,-0.6666666666666667,4.0,10.0,12.0,15.0,-10.0,0.3800755333333332
2025-12-14,Crystal Palace,Manchester City,A,-128.23522948999994,541,1310,3.9,3.9,1.85,-9,-9,1.7333333333333334,1.8206184,1.6683844,1.3333333333333333,0.8,1.69872,16.93955054420958,6.533333333333333,0.5333333333333332,10.0,6.0,3.0,26.0,8.0,2.066666666666667,2.049374,1.9986291333333335,2.3333333333333335,1.0666666666666667,2.0071333333333334,13.687225688255099,9.4,1.2666666666666668,12.0,15.0,8.0,31.0,19.0,-0.22875559999999973
2025-12-14,Nottingham Forest,Tottenham,H,-50.584960939999974,568,803,2.55,3.3,2.8,-3,-3,1.0,1.1118403333333333,1.0610963333333332,0.9333333333333333,1.6666666666666667,1.0524466666666668,12.424081161655533,5.733333333333333,-0.7333333333333334,9.0,7.0,6.0,15.0,-11.0,1.4666666666666666,1.1534833466666667,1.1534833466666667,1.6666666666666667,1.2,1.3445,10.324953080582052,5.333333333333333,0.4666666666666668,5.0,8.0,10.0,22.0,7.0,-0.04164301333333342
2025-12-14,Sunderland,Newcastle United,H,-221.50976562999995,382,708,3.3,3.3,2.25,0,0,1.5333333333333334,1.0100342666666668,0.9085475333333334,1.2,1.1333333333333333,1.0453333333333332,16.584002727762858,4.2,0.06666666666666665,5.0,6.0,9.0,23.0,1.0,1.4666666666666666,1.5422738,1.3900398,1.4,1.2666666666666666,1.5958666666666665,11.183086425957944,6.933333333333334,0.1333333333333333,10.0,11.0,8.0,22.0,2.0,-0.5322395333333332
2025-12-14,West Ham,Aston Villa,A,-171.64672851,363,548,3.75,3.5,2.0,-6,3,0.8666666666666667,1.0427090666666667,0.9919644000000001,1.1333333333333333,1.9333333333333333,0.8710533333333333,16.69833248876727,4.6,-0.8,6.0,7.0,8.0,13.0,-12.0,2.0,1.2534927333333334,1.2534927333333334,1.4666666666666666,1.0,1.1786533333333333,12.469457339206192,7.533333333333333,0.46666666666666656,15.0,13.0,5.0,30.0,7.0,-0.2107836666666667
2025-12-15,Manchester United,Bournemouth,D,28.586669920000077,747,507,1.83,4.0,3.8,-3,3,1.6666666666666667,2.018647066666667,1.8156682666666666,1.7333333333333334,1.4666666666666666,1.7077,10.423290239346908,6.8,0.26666666666666683,8.0,9.0,6.0,25.0,4.0,1.3333333333333333,1.5206074666666667,1.3683738666666665,1.4,1.6,1.5928866666666666,8.840092068243068,7.333333333333333,-0.20000000000000018,2.0,4.0,10.0,20.0,-3.0,0.49803960000000025
2025-12-20,Bournemouth,Burnley,D,114.15515136999988,507,253,1.48,4.33,6.5,-3,-3,1.3125,1.572567,1.429848,1.5625,1.75,1.5474,9.133740160131723,7.625,-0.1875,3.0,8.0,10.0,21.0,-3.0,0.625,1.0210427499999999,0.9258969375,1.125,2.0625,0.6672,14.523826390241558,4.0625,-0.9375,0.0,4.0,11.0,10.0,-15.0,0.5515242500000002
2025-12-20,Brighton,Sunderland,D,169.4256591799999,494,382,1.67,4.0,5.25,0,0,1.4375,1.593806,1.4510865625,1.5625,1.4375,1.4017374999999999,9.526119613685601,6.25,0.125,7.0,8.0,8.0,23.0,2.0,1.625,0.9862849375,0.891141125,1.1875,1.0625,1.0937625,16.275763426842897,4.25,0.125,7.0,5.0,7.0,26.0,2.0,0.6075210625
2025-12-20,Everton,Arsenal,A,-232.86462402000006,450,1230,5.75,4.1,1.57,-9,6,1.5,1.2901729375,1.2425998125,1.125,1.1875,1.2662499999999999,15.310400442016066,6.6875,-0.0625,9.0,6.0,6.0,24.0,-1.0,2.25,1.9174180625,1.8222718125,1.875,0.625,2.12135,10.334094786637293,9.1875,1.25,10.0,10.0,5.0,36.0,20.0,-0.627245125
2025-12-20,Leeds,Crystal Palace,H,-99.77722168000014,346,541,2.6,3.3,2.75,0,3,1.0,1.41201425,1.2599209375,1.25,1.875,1.4725000000000001,14.343825474294224,4.4375,-0.625,5.0,10.0,10.0,16.0,-10.0,1.625,1.78813725,1.645417875,1.25,0.9375,1.6712125,16.716476783344632,6.625,0.3125,9.0,6.0,6.0,26.0,5.0,-0.376123
2025-12-20,Manchester City,West Ham,H,259.0913085899999,1310,363,1.22,8.0,10.0,15,15,2.125,2.00586125,1.9107145625,2.375,1.0,1.9724062500000001,13.644274082739155,9.0,1.375,12.0,15.0,8.0,34.0,22.0,0.8125,1.057352875,1.00977975,1.1875,2.0,0.9420124999999999,16.43147242250503,4.3125,-0.8125,3.0,6.0,9.0,13.0,-13.0,0.9485083750000001
2025-12-20,Newcastle United,Chelsea,D,-34.66442870999981,708,1160,2.75,3.6,2.45,0,3,1.375,1.4564647499999999,1.3137453749999999,1.3125,1.25,1.54064375,11.136487274335572,6.75,0.0625,10.0,10.0,6.0,22.0,1.0,1.75,1.883216625,1.8356435,1.6875,0.9375,1.5918750000000002,9.331015075169182,7.3125,0.75,8.0,6.0,4.0,28.0,12.0,-0.4267518750000001
2025-12-20,Tottenham,Liverpool,A,-126.56579589999978,803,1020,3.5,3.75,2.0,-9,-6,1.375,1.1051560125,1.1051560125,1.5625,1.3125,1.27080625,10.172431974584136,5.25,0.25,4.0,6.0,11.0,22.0,4.0,1.625,1.8062708125,1.7586976875,1.625,1.5,1.626125,9.623827071399402,8.9375,0.125,8.0,8.0,7.0,26.0,2.0,-0.7011148
2025-12-20,Wolverhampton Wanderers,Brentford,A,-155.72790527000006,277,470,3.5,3.6,2.05,0,-3,0.125,0.82184125,0.774268125,0.5625,2.1875,0.8630875,11.289969664828407,5.0625,-1.625,0.0,2.0,10.0,2.0,-26.0,1.25,1.7097673125,1.3767570625,1.375,1.5625,1.54474375,13.287117007787964,5.5,-0.1875,4.0,5.0,8.0,20.0,-3.0,-0.8879260625
2025-12-21,Aston Villa,Manchester United,H,84.14270018999991,548,747,2.1,3.6,3.3,-12,-3,2.0625,1.21234275,1.21234275,1.5625,1.0625,1.1476437499999999,12.368687684077234,7.25,0.5,15.0,12.0,7.0,33.0,8.0,1.625,2.093234125,1.9029415,1.875,1.625,1.7220312500000001,10.15030682160995,7.5,0.25,8.0,11.0,8.0,26.0,4.0,-0.880891375
2025-12-22,Fulham,Nottingham Forest,H,-5.287475580000091,387,568,2.4,3.25,3.0,9,9,1.25,1.1770846875,1.1770846875,1.4375,1.625,1.1133625,13.905285498725846,7.0625,-0.1875,9.0,11.0,10.0,20.0,-3.0,1.125,1.1877615625,1.1401890625,1.0625,1.5625,1.1577875,12.170076089052062,5.4375,-0.5,9.0,7.0,5.0,18.0,-8.0,-0.010676874999999919
2025-12-26,Manchester United,Newcastle United,H,-38.70275878999996,747,708,2.55,3.6,2.6,-9,6,1.5294117647058822,2.0468409411764705,1.867742,1.8235294117647058,1.6470588235294117,1.671329411764706,9.893787225292337,7.529411764705882,0.17647058823529416,8.0,12.0,9.0,26.0,3.0,1.3529411764705883,1.5401215294117647,1.4057974117647059,1.3529411764705883,1.2941176470588236,1.6037764705882351,10.969417216803848,6.764705882352941,0.05882352941176472,8.0,10.0,7.0,23.0,1.0,0.5067194117647058
2025-12-27,Nottingham Forest,Manchester City,A,-214.4971923799999,568,1310,5.0,4.33,1.6,-6,0,1.0588235294117647,1.1464988823529412,1.1017247647058823,1.0,1.5294117647058822,1.1123176470588234,12.39536573087253,5.529411764705882,-0.5294117647058822,6.0,4.0,6.0,18.0,-9.0,2.176470588235294,2.0985682352941177,2.0090184117647056,2.411764705882353,0.9411764705882353,2.0198058823529412,13.297997710670721,9.294117647058824,1.4705882352941175,15.0,17.0,6.0,37.0,25.0,-0.9520693529411766
2025-12-27,Liverpool,Wolverhampton Wanderers,H,300.50549317000014,1020,277,1.25,6.5,10.0,15,15,1.7058823529411764,1.772469,1.7276942941176472,1.6470588235294117,1.4705882352941178,1.603964705882353,9.777176610185862,9.0,0.17647058823529393,11.0,10.0,5.0,29.0,3.0,0.11764705882352941,0.8480994117647059,0.7585502352941177,0.5294117647058824,2.176470588235294,0.8787882352941176,11.409276262084491,5.117647058823529,-1.6470588235294117,0.0,2.0,10.0,2.0,-28.0,0.9243695882352941
2025-12-27,Chelsea,Aston Villa,A,-18.45910644999981,1160,548,1.83,3.9,4.0,-6,0,1.7058823529411764,1.832798,1.788023294117647,1.7058823529411764,1.0,1.5140647058823529,9.320367129570995,7.294117647058823,0.7058823529411764,6.0,6.0,6.0,29.0,12.0,2.1176470588235294,1.2509796470588235,1.2509796470588235,1.588235294117647,1.0588235294117647,1.1901294117647059,12.318867180921796,6.882352941176471,0.5294117647058822,15.0,12.0,7.0,36.0,9.0,0.5818183529411765
2025-12-27,West Ham,Fulham,A,-58.99829101,363,387,2.63,3.4,2.6,0,9,0.7647058823529411,1.0552397647058824,1.0104650588235293,1.1176470588235294,2.0588235294117645,0.8956117647058823,16.58790987358762,4.176470588235294,-0.9411764705882351,2.0,4.0,10.0,13.0,-16.0,1.3529411764705883,1.2081785294117648,1.163403705882353,1.411764705882353,1.5294117647058822,1.1903470588235294,14.474582430173346,6.9411764705882355,-0.11764705882352922,9.0,11.0,10.0,23.0,-2.0,-0.1529387647058824
2025-12-27,Brentford,Bournemouth,H,11.46459961000005,470,507,2.25,3.6,3.0,12,6,1.3529411764705883,1.7011392352941175,1.3877178235294119,1.411764705882353,1.4705882352941178,1.5466764705882354,12.872188556349457,5.705882352941177,-0.05882352941176472,7.0,6.0,6.0,23.0,-1.0,1.2941176470588236,1.587031882352941,1.4527081176470589,1.5294117647058822,1.7058823529411764,1.6014705882352942,8.919990738947504,7.882352941176471,-0.17647058823529416,3.0,7.0,9.0,22.0,-3.0,0.11410735294117647
2025-12-27,Arsenal,Brighton,H,212.23168944999998,1230,494,1.42,4.75,7.0,3,0,2.2941176470588234,1.9132893529411765,1.7789652352941179,1.8235294117647058,0.5882352941176471,2.156158823529412,10.541332908431738,9.411764705882353,1.2352941176470589,10.0,7.0,4.0,39.0,21.0,1.411764705882353,1.5541275294117647,1.4198033529411764,1.4705882352941178,1.3529411764705883,1.3794529411764704,9.547074515302711,6.470588235294118,0.11764705882352944,5.0,6.0,7.0,24.0,2.0,0.35916182352941184
2025-12-27,Burnley,Everton,D,-106.58886718999997,253,450,4.1,3.4,1.95,-3,0,0.6470588235294118,0.9892477647058824,0.8996987647058824,1.1176470588235294,2.0,0.6480176470588235,14.292478313810236,4.0,-0.8823529411764706,1.0,5.0,10.0,11.0,-15.0,1.411764705882353,1.2268258823529412,1.1820511764705883,1.0588235294117647,1.1764705882352942,1.2017647058823528,15.828473772416503,6.294117647058823,-0.11764705882352944,6.0,5.0,7.0,24.0,-2.0,-0.23757811764705883
2025-12-28,Crystal Palace,Tottenham,A,12.43334961000005,541,803,2.25,3.25,3.2,-3,0,1.5294117647058822,1.7729868235294117,1.5938878235294118,1.2352941176470589,1.1176470588235294,1.6005411764705881,16.2483676013629,6.529411764705882,0.11764705882352944,6.0,5.0,10.0,26.0,2.0,1.2941176470588236,1.1195027176470589,1.1195027176470589,1.5294117647058822,1.3529411764705883,1.2808411764705883,10.62184774078507,5.0588235294117645,0.17647058823529393,4.0,6.0,9.0,22.0,3.0,0.6534841058823528
2025-12-28,Sunderland,Leeds,D,-74.59680176000006,382,346,2.5,3.1,2.88,0,0,1.588235294117647,1.0053528823529412,0.9158057647058824,1.1176470588235294,1.0,1.1287352941176472,15.819542048793313,4.470588235294118,0.11764705882352944,8.0,5.0,6.0,27.0,2.0,1.1176470588235294,1.5000051764705884,1.3568585294117648,1.411764705882353,1.8235294117647058,1.5238470588235293,14.11617010583729,4.588235294117647,-0.4117647058823528,8.0,13.0,9.0,19.0,-7.0,-0.4946522941176472
2025-12-30,Nottingham Forest,Everton,A,-26.13024902999996,568,450,2.1,3.25,3.7,-9,-6,1.0,1.1161456666666667,1.073859,1.0,1.5555555555555556,1.0869111111111112,12.744928745824057,5.444444444444445,-0.5555555555555556,6.0,5.0,6.0,18.0,-10.0,1.3888888888888888,1.2282266666666668,1.1859394444444444,1.0,1.1111111111111112,1.2126888888888887,15.594616763896012,6.277777777777778,-0.11111111111111116,7.0,4.0,3.0,25.0,-2.0,-0.1120810000000001
2025-12-30,Manchester United,Wolverhampton Wanderers,D,192.32238770000004,747,277,1.36,5.25,8.0,3,3,1.6111111111111112,1.9853948333333333,1.8162458333333333,1.7777777777777777,1.5555555555555556,1.645588888888889,10.26079904610943,7.166666666666667,0.2222222222222221,8.0,11.0,8.0,29.0,4.0,0.1111111111111111,0.844353,0.7597787777777778,0.5555555555555556,2.1666666666666665,0.8686666666666666,11.520377075807069,4.944444444444445,-1.611111111111111,0.0,3.0,11.0,2.0,-29.0,1.1410418333333334
2025-12-30,West Ham,Brighton,D,-108.44213866999985,363,494,3.4,3.75,2.0,0,-3,0.7222222222222222,1.0597925555555556,1.0175053333333333,1.0555555555555556,2.0,0.9216222222222221,16.352470436166087,4.555555555555555,-0.9444444444444444,2.0,4.0,9.0,13.0,-17.0,1.3333333333333333,1.507235111111111,1.3803733888888887,1.4444444444444444,1.3888888888888888,1.3181944444444444,9.6181307620371,6.444444444444445,0.05555555555555558,2.0,5.0,9.0,24.0,1.0,-0.44744255555555545
2025-12-30,Burnley,Newcastle United,A,-159.02294920999998,253,708,5.25,4.2,1.6,-15,-9,0.6666666666666666,1.003705111111111,0.9191310555555555,1.0555555555555556,1.8888888888888888,0.6846722222222222,13.966705709074748,4.0,-0.8333333333333333,2.0,4.0,7.0,12.0,-15.0,1.2777777777777777,1.5173358888888888,1.3904742222222222,1.2777777777777777,1.2777777777777777,1.5968722222222222,10.788245889944376,6.888888888888889,0.0,5.0,6.0,7.0,23.0,0.0,-0.5136307777777778
2025-12-30,Arsenal,Aston Villa,H,118.66198729999996,1230,548,1.42,4.75,7.0,-6,0,2.3333333333333335,1.9482832777777779,1.8214216111111112,1.8333333333333333,0.6111111111111112,2.1805166666666667,10.726945132473112,9.333333333333334,1.222222222222222,12.0,8.0,4.0,42.0,22.0,2.1666666666666665,1.2958796666666668,1.2958796666666668,1.6111111111111112,1.0555555555555556,1.2042333333333333,13.888453924838839,6.833333333333333,0.5555555555555556,15.0,13.0,8.0,39.0,10.0,0.6524036111111111
2025-12-30,Chelsea,Bournemouth,D,99.85400390999985,1160,507,1.5,4.75,5.75,6,6,1.6111111111111112,1.8405064444444446,1.7982192222222224,1.6666666666666667,1.0555555555555556,1.5011222222222225,9.068950722087706,7.5,0.6111111111111112,5.0,6.0,7.0,29.0,11.0,1.2222222222222223,1.6411873333333333,1.514326,1.5,1.8333333333333333,1.5787888888888888,8.805917179376344,7.722222222222222,-0.33333333333333326,3.0,6.0,10.0,22.0,-6.0,0.19931911111111122
2026-01-01,Brentford,Tottenham,D,10.049804689999974,470,803,2.1,3.6,3.2,-12,-3,1.4444444444444444,1.7650370555555555,1.4690279444444445,1.5555555555555556,1.4444444444444444,1.5479888888888889,12.618178080996708,5.888888888888889,0.11111111111111116,7.0,7.0,6.0,26.0,2.0,1.3888888888888888,1.1056841222222222,1.1056841222222222,1.5,1.2777777777777777,1.2837555555555555,11.871251261358738,5.111111111111111,0.22222222222222232,7.0,6.0,7.0,25.0,4.0,0.6593529333333332
2026-01-01,Crystal Palace,Fulham,D,10.373291020000124,541,387,2.15,3.3,3.4,3,-3,1.4444444444444444,1.7261365,1.5569874444444443,1.1666666666666667,1.1111111111111112,1.5849777777777776,15.74906215491037,7.055555555555555,0.05555555555555558,6.0,4.0,9.0,26.0,1.0,1.4444444444444444,1.2029663888888888,1.1606790555555557,1.3888888888888888,1.4444444444444444,1.1978333333333333,14.225994517385939,6.833333333333333,-0.05555555555555558,9.0,10.0,9.0,26.0,-1.0,0.5231701111111111
2026-01-01,Liverpool,Leeds,D,195.98364257000003,1020,346,1.55,4.5,5.5,6,3,1.7777777777777777,1.7609440555555556,1.7186568333333332,1.6666666666666667,1.4444444444444444,1.6268055555555554,9.647043610103074,9.166666666666666,0.22222222222222232,11.0,10.0,6.0,32.0,4.0,1.1111111111111112,1.5614787777777779,1.4262847222222221,1.3888888888888888,1.7777777777777777,1.5817555555555556,13.87991823127057,5.222222222222222,-0.38888888888888884,9.0,12.0,7.0,20.0,-7.0,0.19946527777777767
2026-01-01,Sunderland,Manchester City,D,-324.72631836000005,382,1310,7.5,4.75,1.38,-3,0,1.5555555555555556,0.9942753333333333,0.9097030555555556,1.1111111111111112,1.0,1.0829777777777778,16.07030823126776,4.5,0.11111111111111116,6.0,3.0,5.0,28.0,2.0,2.2222222222222223,2.0633522222222225,1.9787773888888889,2.388888888888889,0.9444444444444444,2.0230333333333332,12.919008419866264,9.38888888888889,1.4444444444444444,15.0,16.0,5.0,40.0,26.0,-1.069076888888889
2026-01-03,Aston Villa,Nottingham Forest,H,158.1217041,548,568,1.75,3.9,4.5,3,9,2.0526315789473686,1.382514947368421,1.382514947368421,1.5789473684210527,1.2105263157894737,1.1713526315789473,14.282482665636795,6.684210526315789,0.368421052631579,12.0,10.0,9.0,39.0,7.0,0.9473684210526315,1.1497406315789473,1.1096795789473686,0.9473684210526315,1.5789473684210527,1.103215789473684,12.366540683178345,6.0,-0.6315789473684211,3.0,4.0,8.0,18.0,-12.0,0.23277431578947372
2026-01-03,Bournemouth,Arsenal,A,-257.87939454,507,1230,6.5,4.75,1.44,-3,-6,1.2105263157894737,1.7385680000000001,1.6183835789473684,1.5263157894736843,1.8421052631578947,1.609821052631579,9.174684696251276,7.7368421052631575,-0.3157894736842104,4.0,8.0,11.0,23.0,-6.0,2.3684210526315788,2.0780236315789473,1.9578388947368424,1.9473684210526316,0.631578947368421,2.1842473684210524,10.607190804617991,9.263157894736842,1.3157894736842106,12.0,10.0,5.0,45.0,25.0,-0.3394556315789472
2026-01-03,Brighton,Burnley,H,138.03100586000005,494,253,1.48,4.33,7.0,0,-6,1.3157894736842106,1.5904932631578947,1.390185842105263,1.4736842105263157,1.4210526315789473,1.353136842105263,9.472237240148509,6.368421052631579,0.05263157894736836,3.0,4.0,7.0,25.0,1.0,0.631578947368421,1.0206422105263158,0.9405194210526316,1.0526315789473684,1.9473684210526316,0.6793210526315789,13.876924859398045,4.368421052631579,-0.8947368421052633,2.0,5.0,9.0,12.0,-17.0,0.569851052631579
2026-01-03,Wolverhampton Wanderers,West Ham,H,-75.60925292999991,277,363,2.5,3.3,2.88,-3,3,0.15789473684210525,0.8640102105263159,0.7838872631578947,0.5789473684210527,2.1052631578947367,0.8987947368421053,11.830450108968927,5.052631578947368,-1.526315789473684,1.0,4.0,11.0,3.0,-29.0,0.7368421052631579,1.1238266315789474,1.0437034736842103,1.105263157894737,2.0,0.9156526315789474,16.256225124989427,4.578947368421052,-0.894736842105263,2.0,5.0,10.0,14.0,-17.0,-0.2598164210526315
2026-01-04,Newcastle United,Crystal Palace,H,60.231933589999926,708,541,1.7,3.9,4.75,3,6,1.368421052631579,1.5686592631578946,1.4484745263157894,1.368421052631579,1.263157894736842,1.629721052631579,10.825706632578882,6.894736842105263,0.10526315789473695,7.0,7.0,6.0,26.0,2.0,1.4210526315789473,1.7591535263157896,1.598907052631579,1.1578947368421053,1.105263157894737,1.598715789473684,16.276439450400918,7.2105263157894735,0.05263157894736836,4.0,4.0,10.0,27.0,1.0,-0.19049426315789497
2026-01-04,Manchester City,Chelsea,D,105.81787108999993,1310,1160,1.6,4.75,4.5,9,6,2.1578947368421053,2.0833057894736844,2.003182263157895,2.263157894736842,0.8947368421052632,2.042089473684211,12.53865574999476,9.789473684210526,1.3684210526315788,13.0,11.0,1.0,41.0,26.0,1.5789473684210527,1.8664240000000003,1.786300842105263,1.6842105263157894,1.105263157894737,1.4558578947368421,8.852602438469056,7.631578947368421,0.5789473684210524,6.0,7.0,6.0,30.0,11.0,0.21688178947368408
2026-01-04,Tottenham,Sunderland,D,134.96081543000014,803,382,1.8,3.6,4.5,0,0,1.368421052631579,1.0795064842105264,1.0795064842105264,1.4210526315789473,1.2105263157894737,1.2868263157894737,12.243159089708278,5.2105263157894735,0.21052631578947367,7.0,4.0,5.0,26.0,4.0,1.5263157894736843,0.992584052631579,0.912462947368421,1.0526315789473684,0.9473684210526315,1.049936842105263,15.674004668597906,4.526315789473684,0.10526315789473684,6.0,2.0,4.0,29.0,2.0,0.08692243157894741
2026-01-04,Fulham,Liverpool,D,-139.77404785,387,1020,3.8,3.75,1.91,-6,-3,1.4210526315789473,1.2319860526315791,1.1919243684210528,1.368421052631579,1.4210526315789473,1.1833947368421054,13.90462638489194,6.947368421052632,-0.05263157894736836,10.0,7.0,5.0,27.0,-1.0,1.736842105263158,1.7565959473684212,1.7165343684210528,1.5789473684210527,1.368421052631579,1.6810315789473684,9.482553900646847,9.210526315789474,0.21052631578947367,11.0,9.0,5.0,33.0,4.0,-0.524609894736842
2026-01-04,Leeds,Manchester United,D,-72.45666503999996,346,747,2.7,3.3,2.63,-9,-6,1.105263157894737,1.487683052631579,1.3596044736842106,1.3157894736842106,1.6842105263157894,1.5090052631578947,14.070448850677382,5.0,-0.36842105263157876,7.0,9.0,6.0,21.0,-7.0,1.5789473684210527,1.940535105263158,1.7802886842105263,1.736842105263158,1.5263157894736843,1.6246894736842108,10.124265762980862,7.105263157894737,0.21052631578947367,8.0,11.0,8.0,30.0,4.0,-0.4528520526315791
2026-01-04,Everton,Brentford,A,-7.022583010000062,450,470,2.35,3.25,3.1,9,3,1.4736842105263157,1.2528068421052632,1.2127452631578948,1.0526315789473684,1.0526315789473684,1.2193578947368422,15.48094128204336,6.157894736842105,0.0,7.0,5.0,3.0,28.0,0.0,1.4210526315789473,1.7014195263157894,1.4209898421052631,1.4736842105263157,1.368421052631579,1.5309473684210526,12.354439385004401,5.7368421052631575,0.10526315789473673,8.0,7.0,4.0,27.0,2.0,-0.44861268421052625
2026-01-06,West Ham,Nottingham Forest,A,-50.588500979999935,363,568,2.88,3.25,2.2,-3,3,0.7,1.0794191999999998,1.0033021999999998,1.05,2.05,0.8754249999999999,15.704351368739955,4.65,-0.9999999999999998,1.0,4.0,12.0,14.0,-20.0,0.9,1.1371636,1.0991056000000001,0.95,1.65,1.093585,12.478648431628123,5.85,-0.7,3.0,5.0,8.0,18.0,-14.0,-0.05774440000000025
2026-01-07,Newcastle United,Leeds,H,117.38488770000004,708,346,1.67,3.8,5.0,3,-3,1.45,1.6266082999999998,1.5124327999999998,1.4,1.2,1.668835,10.743796300949938,7.05,0.19999999999999996,7.0,7.0,5.0,29.0,4.0,1.1,1.4618058,1.34013115,1.3,1.65,1.466235,13.808354979572083,5.3,-0.34999999999999987,7.0,7.0,4.0,22.0,-7.0,0.16480249999999974
2026-01-07,Fulham,Chelsea,H,-90.84350586000005,387,1160,3.4,3.6,2.05,-9,-9,1.4,1.2008458499999999,1.16278725,1.4,1.45,1.149465,14.142728398980676,6.8,-0.050000000000000044,11.0,8.0,5.0,28.0,-1.0,1.55,1.8749658,1.7988488,1.65,1.1,1.4956800000000001,9.067972316545603,7.35,0.5499999999999998,6.0,8.0,7.0,31.0,11.0,-0.6741199500000001
2026-01-07,Everton,Wolverhampton Wanderers,D,139.84436035999988,450,277,1.75,3.5,5.0,0,-3,1.4,1.2404495,1.202391,1.1,1.2,1.172855,15.256894217941191,6.1,-0.09999999999999987,4.0,4.0,7.0,28.0,-2.0,0.3,0.9327721999999999,0.8185969,0.7,2.0,0.9943950000000001,12.63892760352048,4.9,-1.3,4.0,6.0,7.0,6.0,-26.0,0.30767730000000004
2026-01-07,Manchester City,Brighton,D,154.9490966799999,1310,494,1.4,5.25,6.5,0,12,2.1,2.030665,1.9545476499999999,2.2,0.9,1.9673100000000001,12.322329023101082,9.65,1.3000000000000003,11.0,9.0,2.0,42.0,26.0,1.4,1.5845536,1.39426155,1.5,1.35,1.405365,9.611783272877926,6.35,0.1499999999999999,5.0,5.0,6.0,28.0,3.0,0.44611139999999994
2026-01-07,Burnley,Manchester United,D,-141.37268066000001,253,747,4.75,4.0,1.7,-9,-12,0.6,0.9823376500000001,0.906221,1.0,1.95,0.66429,13.89342344401435,4.2,-0.95,2.0,4.0,9.0,12.0,-19.0,1.55,1.94089885,1.78866475,1.7,1.5,1.6490200000000002,10.14305247483182,7.15,0.19999999999999996,6.0,8.0,8.0,31.0,4.0,-0.9585611999999999
2026-01-07,Brentford,Sunderland,H,149.56640625,470,382,1.85,3.5,4.33,-3,0,1.5,1.7689380499999998,1.50252985,1.6,1.4,1.58426,12.196717415754181,5.7,0.20000000000000018,11.0,11.0,4.0,30.0,4.0,1.5,0.9663289,0.89021385,1.05,0.95,1.020475,15.30280443516801,4.75,0.10000000000000009,7.0,3.0,2.0,30.0,2.0,0.8026091499999998
2026-01-07,Bournemouth,Tottenham,H,-18.67578125,507,803,2.1,3.6,3.3,0,0,1.15,1.6990319,1.5848567,1.55,1.9,1.582535,9.497200461438712,7.55,-0.34999999999999987,3.0,10.0,14.0,23.0,-7.0,1.35,1.09640616,1.09640616,1.4,1.2,1.3378450000000002,12.001371505593236,5.4,0.19999999999999996,5.0,3.0,6.0,27.0,4.0,0.6026257400000001
2026-01-07,Crystal Palace,Aston Villa,D,-128.25292968999997,541,548,3.1,3.3,2.3,6,9,1.35,1.7351083500000002,1.5828742,1.1,1.15,1.5399150000000001,15.925950811214207,7.3,-0.04999999999999982,1.0,2.0,11.0,27.0,-1.0,2.1,1.3848832,1.3848832,1.65,1.2,1.202985,13.769873683870106,7.35,0.44999999999999996,12.0,11.0,9.0,42.0,9.0,0.3502251500000002
2026-01-08,Arsenal,Liverpool,D,121.23327636999988,1230,1020,1.6,4.1,5.0,0,0,2.4,2.0381224500000004,1.9239469500000002,2.0,0.7,2.1568899999999998,10.474558537114364,9.25,1.3,15.0,12.0,5.0,48.0,26.0,1.7,1.75470615,1.71664765,1.6,1.4,1.710855,10.02271191990022,9.15,0.20000000000000018,11.0,8.0,4.0,34.0,4.0,0.2834163000000003
2026-01-17,Tottenham,West Ham,A,104.08862305000002,803,363,1.73,4.0,4.5,3,6,1.2857142857142858,1.121629676190476,1.121629676190476,1.4285714285714286,1.2857142857142858,1.3553714285714287,11.869031063527949,5.523809523809524,0.1428571428571428,5.0,5.0,6.0,27.0,3.0,0.6666666666666666,1.110731142857143,1.038238761904762,1.0476190476190477,2.0476190476190474,0.9160333333333333,15.430209323611988,4.761904761904762,-0.9999999999999998,1.0,3.0,11.0,14.0,-21.0,0.010898533333333127
2026-01-17,Chelsea,Brentford,H,41.07250976,1160,470,1.73,4.0,4.75,0,-6,1.4761904761904763,1.9023993333333333,1.8299069523809526,1.619047619047619,1.1428571428571428,1.536895238095238,9.23657818967076,7.238095238095238,0.4761904761904763,3.0,7.0,9.0,31.0,10.0,1.5714285714285714,1.868558142857143,1.6148360476190478,1.6666666666666667,1.3333333333333333,1.6382142857142858,12.291516586432554,6.0476190476190474,0.3333333333333335,13.0,13.0,3.0,33.0,7.0,0.033841190476190386
2026-01-17,Leeds,Fulham,H,-58.34362792999991,346,387,2.15,3.3,3.5,-3,0,1.0476190476190477,1.5042521904761905,1.352125380952381,1.380952380952381,1.7619047619047619,1.4579,13.671449186894048,5.285714285714286,-0.38095238095238093,6.0,9.0,7.0,22.0,-8.0,1.4761904761904763,1.1941450952380952,1.1578988095238096,1.4285714285714286,1.4285714285714286,1.1173095238095239,13.973674312962197,7.190476190476191,0.0,11.0,7.0,4.0,31.0,0.0,0.3101070952380953
2026-01-17,Liverpool,Burnley,D,253.0096435600001,1020,253,1.22,6.5,11.0,15,6,1.6666666666666667,1.6863221428571429,1.6500759523809525,1.5238095238095237,1.3333333333333333,1.6710238095238097,10.458859837134408,8.714285714285714,0.19047619047619047,9.0,6.0,4.0,35.0,4.0,0.6190476190476191,0.9507839523809525,0.8782919047619048,1.0476190476190477,1.9523809523809523,0.6408809523809523,13.7941029137133,4.0476190476190474,-0.9047619047619047,3.0,4.0,8.0,13.0,-19.0,0.7355381904761904
2026-01-17,Manchester United,Manchester City,H,-158.47277831999986,747,1310,3.7,3.8,1.91,-6,-3,1.5238095238095237,1.9687074761904764,1.823722619047619,1.7142857142857142,1.5238095238095237,1.7002476190476192,10.056875372855702,7.428571428571429,0.19047619047619047,6.0,6.0,6.0,32.0,4.0,2.0476190476190474,2.074873333333333,1.9661344285714286,2.142857142857143,0.9047619047619048,1.9893095238095237,12.19234157402925,9.80952380952381,1.2380952380952381,9.0,7.0,3.0,43.0,26.0,-0.10616585714285676
2026-01-17,Nottingham Forest,Arsenal,D,-285.31799317000014,568,1230,6.0,4.33,1.53,-12,0,1.0,1.1433381904761906,1.0708465714285713,1.0,1.619047619047619,1.0884761904761906,12.455855649169642,5.9523809523809526,-0.6190476190476191,3.0,4.0,9.0,21.0,-13.0,2.3333333333333335,1.9744895714285715,1.865751,1.9047619047619047,0.6666666666666666,2.134390476190476,10.612958243963792,9.285714285714286,1.2380952380952381,13.0,10.0,4.0,49.0,26.0,-0.831151380952381
2026-01-17,Sunderland,Crystal Palace,H,-119.31005858999993,382,541,2.75,3.1,2.75,0,0,1.4285714285714286,0.9920484761904762,0.8833119047619048,1.0,1.0476190476190477,0.9812190476190475,15.080365126225171,4.761904761904762,-0.04761904761904767,4.0,2.0,5.0,30.0,-1.0,1.3333333333333333,1.715581761904762,1.5705968571428572,1.0476190476190477,1.0952380952380953,1.5052380952380953,16.088207121791307,7.333333333333333,-0.04761904761904767,2.0,2.0,8.0,28.0,-1.0,-0.7235332857142858
2026-01-18,Wolverhampton Wanderers,Newcastle United,D,-209.22314453000013,277,708,4.75,4.0,1.7,-12,0,0.3333333333333333,0.9223206666666667,0.8135822857142857,0.7142857142857143,1.9523809523809523,0.9758190476190476,12.538327040946823,4.904761904761905,-1.2380952380952381,5.0,6.0,6.0,7.0,-26.0,1.5238095238095237,1.6651007619047618,1.5201159999999998,1.5238095238095237,1.2857142857142858,1.658695238095238,10.620282191380895,7.095238095238095,0.23809523809523792,10.0,11.0,7.0,32.0,5.0,-0.7427800952380951
2026-01-18,Aston Villa,Everton,A,127.44006347000004,548,450,1.67,3.9,5.25,9,12,2.0476190476190474,1.4175149523809525,1.4175149523809525,1.5714285714285714,1.1428571428571428,1.2388238095238095,13.755435254479467,7.476190476190476,0.4285714285714286,10.0,8.0,7.0,43.0,9.0,1.380952380952381,1.259152380952381,1.2229061904761904,1.0952380952380953,1.1904761904761905,1.2200238095238096,15.01648655676939,5.904761904761905,-0.09523809523809512,5.0,5.0,6.0,29.0,-2.0,0.15836257142857146
2026-01-19,Brighton,Bournemouth,D,39.74255371000004,494,507,1.85,3.9,3.8,3,9,1.380952380952381,1.5725091428571427,1.391278619047619,1.4761904761904763,1.3333333333333333,1.3579666666666665,9.744555497978975,6.095238095238095,0.14285714285714302,6.0,6.0,5.0,29.0,3.0,1.2380952380952381,1.6747989523809523,1.5660606666666665,1.619047619047619,1.9047619047619047,1.555138095238095,9.476925609533467,7.380952380952381,-0.2857142857142856,5.0,9.0,12.0,26.0,-6.0,-0.10228980952380962
2026-01-24,Bournemouth,Liverpool,H,-141.97888182999986,507,1020,3.75,3.8,1.9,-15,-9,1.2272727272727273,1.675824909090909,1.5374308181818181,1.5909090909090908,1.8636363636363635,1.574190909090909,10.063638781128098,7.363636363636363,-0.2727272727272727,5.0,9.0,12.0,27.0,-6.0,1.6363636363636365,1.7683279545454547,1.699130681818182,1.5,1.3181818181818181,1.726081818181818,10.298965138655037,9.545454545454545,0.18181818181818188,7.0,5.0,4.0,36.0,4.0,-0.09250304545454568
2026-01-24,Burnley,Tottenham,D,-107.765625,253,803,3.7,3.5,2.05,-9,0,0.6363636363636364,0.9324288181818182,0.8632318636363636,1.0454545454545454,1.9090909090909092,0.6152363636363636,13.921108931004404,4.090909090909091,-0.8636363636363638,3.0,4.0,8.0,14.0,-19.0,1.2272727272727273,1.1457792363636363,1.1457792363636363,1.4090909090909092,1.3181818181818181,1.322377272727273,11.592852535561944,5.7727272727272725,0.09090909090909105,5.0,5.0,6.0,27.0,2.0,-0.2133504181818181
2026-01-24,Fulham,Brighton,H,-34.645751949999976,387,494,2.6,3.4,2.7,3,12,1.4090909090909092,1.1516292272727273,1.1170305,1.3636363636363635,1.4090909090909092,1.0744954545454546,13.87487093510028,7.045454545454546,-0.045454545454545636,8.0,6.0,5.0,31.0,-1.0,1.3636363636363635,1.5462940454545455,1.3733012727272726,1.4545454545454546,1.3181818181818181,1.3316954545454545,9.603893884434477,6.181818181818182,0.13636363636363646,6.0,7.0,6.0,30.0,3.0,-0.3946648181818182
2026-01-24,Manchester City,Wolverhampton Wanderers,H,277.89880371000004,1310,277,1.2,7.0,11.0,9,15,1.9545454545454546,1.9981525,1.8943562727272727,2.0454545454545454,0.9545454545454546,1.9027318181818182,11.936845528456491,9.863636363636363,1.0909090909090908,6.0,4.0,5.0,43.0,24.0,0.36363636363636365,0.8981340909090908,0.7943383636363636,0.6818181818181818,1.8636363636363635,0.9717318181818182,13.104766720903786,4.909090909090909,-1.1818181818181817,6.0,6.0,4.0,8.0,-26.0,1.100018409090909
2026-01-24,West Ham,Sunderland,H,21.74108885999999,363,382,2.5,3.2,2.88,-3,0,0.7727272727272727,1.186043818181818,1.1168465454545453,1.0909090909090908,2.0,0.9729636363636364,15.276563445265987,4.681818181818182,-0.9090909090909092,4.0,5.0,9.0,17.0,-20.0,1.5,1.030864909090909,0.9270709090909091,1.0454545454545454,1.0454545454545454,1.0243363636363636,14.765707381253215,4.636363636363637,0.0,6.0,4.0,6.0,33.0,0.0,0.15517890909090903
2026-01-25,Crystal Palace,Chelsea,A,-101.54125977000012,541,1160,3.5,3.8,2.0,-6,-12,1.2727272727272727,1.6899503181818183,1.5515556363636365,1.0454545454545454,1.1363636363636365,1.4736454545454547,15.909197707164429,7.090909090909091,-0.09090909090909105,2.0,2.0,6.0,28.0,-2.0,1.5454545454545454,1.8896825454545456,1.7858866818181818,1.6363636363636365,1.0909090909090908,1.536927272727273,9.632241747894282,6.954545454545454,0.5454545454545456,5.0,7.0,7.0,34.0,12.0,-0.19973222727272733
2026-01-25,Newcastle United,Aston Villa,A,-36.58300781999992,708,548,1.95,3.7,3.7,6,12,1.5,1.6263831363636363,1.4879885909090909,1.4545454545454546,1.2272727272727273,1.6616136363636365,10.482996637227217,7.090909090909091,0.2272727272727273,10.0,9.0,5.0,33.0,5.0,1.9545454545454546,1.3942366818181817,1.3942366818181817,1.5,1.1363636363636365,1.2473636363636365,13.489039872098822,7.590909090909091,0.36363636363636354,7.0,6.0,7.0,43.0,8.0,0.23214645454545457
2026-01-25,Arsenal,Manchester United,A,217.80493164000018,1230,747,1.55,4.2,6.0,12,12,2.272727272727273,2.0148868636363635,1.9110909545454546,1.8181818181818181,0.6363636363636364,2.168254545454545,10.416914687419984,9.409090909090908,1.1818181818181817,11.0,9.0,4.0,50.0,26.0,1.5909090909090908,2.0188925909090907,1.8804979545454545,1.7272727272727273,1.4545454545454546,1.7532590909090908,10.320199219544078,7.2727272727272725,0.2727272727272727,9.0,7.0,4.0,35.0,6.0,-0.004005727272727189
2026-01-25,Brentford,Nottingham Forest,A,69.45764159999999,470,568,1.91,3.5,4.1,0,3,1.5,1.8506786818181817,1.608489409090909,1.5909090909090908,1.3636363636363635,1.6174545454545457,12.211832266070234,6.181818181818182,0.2272727272727273,10.0,11.0,5.0,33.0,5.0,1.0,1.1058446818181817,1.0366481363636364,0.9545454545454546,1.5454545454545454,1.0423272727272728,13.324023826732638,5.909090909090909,-0.5909090909090908,4.0,4.0,8.0,22.0,-13.0,0.744834
2026-01-26,Everton,Leeds,D,50.26989746999993,450,346,2.5,3.25,2.9,3,3,1.4545454545454546,1.2358208636363637,1.2012222272727273,1.0909090909090908,1.1363636363636365,1.2198454545454547,14.845282622370782,5.7727272727272725,-0.045454545454545636,8.0,6.0,5.0,32.0,-1.0,1.1363636363636365,1.534467090909091,1.3892551363636363,1.3636363636363635,1.6818181818181819,1.5147363636363635,13.829923984618961,5.2727272727272725,-0.31818181818181834,6.0,6.0,6.0,25.0,-7.0,-0.29864622727272727
2026-01-31,Brighton,Everton,D,22.224365229999876,494,450,1.85,3.6,4.1,-3,-9,1.3043478260869565,1.5636951739130436,1.3982238260869566,1.434782608695652,1.3478260869565217,1.3615217391304346,9.77990605959139,6.173913043478261,0.08695652173913038,6.0,7.0,6.0,30.0,2.0,1.434782608695652,1.2207815217391305,1.1876871739130435,1.0869565217391304,1.1304347826086956,1.1982347826086956,14.755391107388478,5.782608695652174,-0.04347826086956519,8.0,7.0,6.0,33.0,-1.0,0.3429136521739131
2026-01-31,Chelsea,West Ham,H,188.43664551000006,1160,363,1.5,4.5,6.0,9,15,1.608695652173913,1.941790695652174,1.809413347826087,1.6956521739130435,1.0869565217391304,1.5498826086956523,9.61813090266811,6.826086956521739,0.6086956521739131,8.0,9.0,6.0,37.0,14.0,0.8695652173913043,1.2295527826086956,1.1302697391304348,1.173913043478261,1.9565217391304348,1.039073913043478,15.218645227838964,4.695652173913044,-0.7826086956521738,7.0,8.0,9.0,20.0,-18.0,0.7122379130434784
2026-01-31,Leeds,Arsenal,A,-280.7409667899999,346,1230,5.75,4.2,1.55,-15,-6,1.1304347826086956,1.5406467826086958,1.4017483913043478,1.3478260869565217,1.6521739130434783,1.5366260869565216,13.675263258014974,5.3478260869565215,-0.30434782608695654,6.0,6.0,6.0,26.0,-7.0,2.1739130434782608,1.9892009130434782,1.8899178695652175,1.826086956521739,0.7391304347826086,2.1643130434782605,10.338296468496242,9.521739130434783,1.0869565217391304,8.0,9.0,6.0,50.0,25.0,-0.4485541304347824
2026-01-31,Liverpool,Newcastle United,H,63.6496582100001,1020,708,1.8,3.9,4.1,12,12,1.565217391304348,1.7321978260869566,1.6660091304347826,1.5217391304347827,1.391304347826087,1.6580478260869567,10.280531871756992,9.91304347826087,0.1304347826086958,4.0,5.0,6.0,36.0,3.0,1.434782608695652,1.6406638695652176,1.5082864782608694,1.391304347826087,1.2608695652173914,1.6711260869565219,10.31179915497623,6.956521739130435,0.13043478260869557,10.0,9.0,6.0,33.0,3.0,0.09153395652173901
2026-01-31,Wolverhampton Wanderers,Bournemouth,A,-143.484375,277,507,2.9,3.5,2.3,-3,-3,0.34782608695652173,0.8826796956521739,0.7833968260869565,0.6521739130434783,1.8695652173913044,0.9663260869565218,13.431129520478017,4.782608695652174,-1.2173913043478262,6.0,5.0,4.0,8.0,-28.0,1.3043478260869565,1.7470820869565216,1.6147051304347826,1.6521739130434783,1.8695652173913044,1.6260173913043479,11.104350138470355,7.3478260869565215,-0.21739130434782616,8.0,11.0,10.0,30.0,-5.0,-0.8644023913043477
2026-02-01,Nottingham Forest,Crystal Palace,D,3.1700439400001414,568,541,1.95,3.5,3.9,3,6,1.0869565217391304,1.118181,1.051993,1.0,1.4782608695652173,1.032178260869565,13.483848877744263,5.782608695652174,-0.4782608695652173,7.0,5.0,6.0,25.0,-11.0,1.2173913043478262,1.7216016086956523,1.5892240869565217,1.0434782608695652,1.2173913043478262,1.450991304347826,15.97473983583844,7.0,-0.17391304347826098,2.0,3.0,8.0,28.0,-4.0,-0.6034206086956522
2026-02-01,Aston Villa,Brentford,A,111.03063963999989,548,470,2.1,3.5,3.4,6,6,2.0,1.3910711739130435,1.3910711739130435,1.5217391304347827,1.0869565217391304,1.2313347826086956,13.393501906645247,7.521739130434782,0.43478260869565233,7.0,6.0,6.0,46.0,10.0,1.434782608695652,1.8573504782608694,1.6256911739130435,1.5217391304347827,1.391304347826087,1.6298173913043477,11.911652267879889,6.478260869565218,0.1304347826086958,7.0,7.0,6.0,33.0,3.0,-0.46627930434782594
2026-02-01,Manchester United,Fulham,H,44.487304689999974,747,387,1.57,4.5,5.0,6,6,1.6521739130434783,1.9589799565217392,1.8266024782608696,1.7826086956521738,1.4782608695652173,1.7053652173913043,10.395791580842673,7.0,0.30434782608695654,9.0,9.0,6.0,38.0,7.0,1.4782608695652173,1.1507944782608697,1.117700043478261,1.391304347826087,1.391304347826087,1.0601347826086955,14.033764014648348,7.043478260869565,0.0,8.0,7.0,6.0,34.0,0.0,0.8081854782608695
2026-02-01,Tottenham,Manchester City,D,-142.58666991999985,803,1310,4.5,4.1,1.73,0,3,1.2173913043478262,1.2086118782608697,1.2086118782608697,1.434782608695652,1.3478260869565217,1.3568739130434784,11.415707578299186,5.695652173913044,0.08695652173913038,3.0,6.0,8.0,28.0,2.0,2.0,1.9575980434782607,1.858314695652174,2.0434782608695654,0.9130434782608695,1.8991739130434782,11.675377328222597,9.869565217391305,1.1304347826086958,6.0,4.0,4.0,46.0,26.0,-0.748986165217391
2026-02-02,Sunderland,Burnley,H,-15.12622070999987,382,253,1.8,3.5,4.75,-3,0,1.434782608695652,1.0170811304347827,0.9177999130434782,1.0434782608695652,1.1304347826086956,0.9947565217391304,14.497237890368687,4.478260869565218,-0.08695652173913038,5.0,4.0,8.0,33.0,-2.0,0.6521739130434783,0.959229304347826,0.8930409130434782,1.0869565217391304,1.9130434782608696,0.6176869565217391,13.825588452744846,4.130434782608695,-0.8260869565217392,3.0,6.0,10.0,15.0,-19.0,0.057851826086956604
2026-02-06,Leeds,Nottingham Forest,H,-25.608276369999885,346,568,2.2,3.3,3.4,-3,3,1.0833333333333333,1.4838994166666666,1.3507884583333334,1.2916666666666667,1.75,1.4737125000000002,13.505081834385564,5.166666666666667,-0.45833333333333326,5.0,6.0,10.0,26.0,-11.0,1.0833333333333333,1.1127257083333333,1.0492955416666667,1.0,1.4583333333333333,1.0228083333333333,14.36993850783825,5.666666666666667,-0.45833333333333326,8.0,6.0,5.0,26.0,-11.0,0.3711737083333333
2026-02-07,Arsenal,Sunderland,H,354.73303222000004,1230,382,1.22,6.25,12.0,0,0,2.2083333333333335,2.053995458333333,1.9588492083333335,1.9166666666666667,0.7083333333333334,2.1971833333333333,10.416306045466794,9.375,1.2083333333333335,8.0,9.0,5.0,53.0,29.0,1.5,1.0533069166666666,0.9581624166666667,1.125,1.0833333333333333,1.0676333333333334,14.712630756047771,4.583333333333333,0.04166666666666674,7.0,7.0,8.0,36.0,1.0,1.0006885416666664
2026-02-07,Bournemouth,Aston Villa,D,-96.75329590000001,507,548,2.7,3.5,2.5,-9,3,1.375,1.7405853333333334,1.6137240833333333,1.6666666666666667,1.7916666666666667,1.6003,11.150349438256313,7.208333333333333,-0.125,10.0,11.0,8.0,33.0,-3.0,1.9166666666666667,1.4228248749999999,1.4228248749999999,1.4583333333333333,1.0833333333333333,1.2894833333333333,13.194814327201696,8.041666666666666,0.375,7.0,5.0,3.0,46.0,9.0,0.31776045833333355
2026-02-07,Burnley,West Ham,A,-34.314819339999985,253,363,3.3,3.5,2.15,-6,0,0.625,0.9245268750000001,0.8610963333333334,1.0416666666666667,1.9583333333333333,0.5979625,13.695174441126852,4.041666666666667,-0.9166666666666665,3.0,5.0,10.0,15.0,-22.0,0.8333333333333334,1.2502318333333333,1.1550855833333333,1.2083333333333333,2.0,1.0258166666666666,15.931757232234565,4.75,-0.7916666666666667,6.0,8.0,10.0,20.0,-19.0,-0.32570495833333324
2026-02-07,Fulham,Everton,A,-5.23413086000005,387,450,2.1,3.25,3.75,-3,-3,1.4166666666666667,1.1745105416666666,1.1110796250000001,1.4166666666666667,1.4583333333333333,1.0694125,13.942444900002913,7.041666666666667,-0.04166666666666652,7.0,8.0,8.0,34.0,-1.0,1.4166666666666667,1.2233014583333333,1.1915860416666666,1.0833333333333333,1.125,1.199725,14.83039795939544,5.833333333333333,-0.04166666666666674,6.0,6.0,7.0,34.0,-1.0,-0.048790916666666684
2026-02-07,Manchester United,Tottenham,H,45.31555176000006,747,803,1.57,4.5,5.0,-9,0,1.7083333333333333,1.9541732916666668,1.8273115416666668,1.8333333333333333,1.5,1.6947583333333334,10.76900614732717,7.0,0.33333333333333326,11.0,11.0,7.0,41.0,8.0,1.2083333333333333,1.2206438833333333,1.2206438833333333,1.4583333333333333,1.375,1.3416708333333334,11.424775318092275,5.875,0.08333333333333326,3.0,8.0,10.0,29.0,2.0,0.7335294083333335
2026-02-07,Newcastle United,Brentford,A,33.346191410000074,708,470,2.1,3.5,3.5,3,9,1.375,1.5841494999999999,1.4572878333333332,1.375,1.375,1.6045166666666668,10.593946412407776,6.916666666666667,0.0,7.0,7.0,9.0,33.0,0.0,1.5,1.793082375,1.5710755416666666,1.5,1.3333333333333333,1.571775,12.174948808000279,6.291666666666667,0.16666666666666674,9.0,8.0,6.0,36.0,4.0,-0.20893287500000013
2026-02-07,Wolverhampton Wanderers,Chelsea,A,-251.2171630800001,277,1160,5.0,4.0,1.67,-3,6,0.3333333333333333,0.9335484583333334,0.8384023749999999,0.625,1.875,0.9981958333333334,13.436975314267622,4.791666666666667,-1.25,5.0,4.0,5.0,8.0,-30.0,1.6666666666666667,1.9717715,1.844909875,1.75,1.125,1.5710541666666666,9.427311345826169,6.791666666666667,0.625,10.0,10.0,6.0,40.0,15.0,-1.0382230416666665
2026-02-08,Brighton,Crystal Palace,A,45.11791992000008,494,541,1.95,3.5,3.9,-3,0,1.2916666666666667,1.558051625,1.3994749166666667,1.4166666666666667,1.3333333333333333,1.3658833333333333,9.677965529330638,6.291666666666667,0.08333333333333348,6.0,6.0,5.0,31.0,2.0,1.2083333333333333,1.7185348749999998,1.5599575,1.0416666666666667,1.2083333333333333,1.4703458333333332,15.502674063108612,7.125,-0.16666666666666652,2.0,3.0,8.0,29.0,-4.0,-0.16048324999999974
2026-02-08,Liverpool,Manchester City,A,-6.707763670000077,1020,1310,2.38,3.7,2.75,3,3,1.625,1.7891783333333333,1.7257475,1.625,1.375,1.7090958333333335,10.271036026223257,9.958333333333334,0.25,6.0,9.0,7.0,39.0,6.0,1.9583333333333333,1.960870625,1.8657240833333333,2.0416666666666665,0.9583333333333334,1.8937625,11.588903272879989,9.75,1.083333333333333,6.0,6.0,6.0,47.0,26.0,-0.17169229166666677
2026-02-10,Chelsea,Leeds,D,150.25305176000006,1160,346,1.55,4.33,5.5,3,9,1.72,2.04341184,1.8607310799999999,1.8,1.12,1.620328,9.429418891993121,6.92,0.6799999999999999,12.0,12.0,6.0,43.0,17.0,1.16,1.55981504,1.43202852,1.36,1.72,1.513648,13.33087856101014,5.36,-0.3599999999999999,7.0,8.0,10.0,29.0,-9.0,0.48359680000000016
2026-02-10,Everton,Bournemouth,A,-3.4494628899999498,450,507,2.38,3.4,3.0,-3,3,1.48,1.2498806,1.2194338,1.12,1.12,1.19866,14.74627295011053,5.84,0.0,9.0,6.0,4.0,37.0,0.0,1.36,1.74402032,1.62223352,1.64,1.76,1.62744,11.18198251954959,7.16,-0.1200000000000001,11.0,10.0,6.0,34.0,-3.0,-0.49413971999999995
2026-02-10,Tottenham,Newcastle United,A,-46.962280270000065,803,708,3.2,3.6,2.2,-6,0,1.16,1.195554288,1.195554288,1.4,1.4,1.302208,11.775784305368585,5.96,0.0,2.0,7.0,11.0,29.0,0.0,1.32,1.65364352,1.50140952,1.4,1.44,1.639136,10.8635218892448,6.96,-0.040000000000000036,4.0,7.0,12.0,33.0,-1.0,-0.45808923199999985
2026-02-10,West Ham,Manchester United,D,-137.05957031000003,363,747,4.5,4.2,1.7,6,3,0.92,1.24511456,1.15377416,1.24,1.92,1.017148,15.873153609611848,4.72,-0.6799999999999999,9.0,10.0,7.0,23.0,-17.0,1.76,1.96263676,1.84084948,1.84,1.44,1.72642,10.696427719615901,7.44,0.40000000000000013,13.0,12.0,6.0,44.0,10.0,-0.7175222000000001
2026-02-11,Nottingham Forest,Wolverhampton Wanderers,D,115.38635254000019,568,277,1.7,3.8,5.0,6,0,1.04,1.13464868,1.07375572,1.0,1.52,0.9974160000000001,14.655140967524721,5.68,-0.52,8.0,6.0,5.0,26.0,-13.0,0.32,0.94075532,0.84941508,0.64,1.92,0.963656,14.28349630169692,4.84,-1.2799999999999998,2.0,2.0,8.0,8.0,-32.0,0.19389336000000001
2026-02-11,Manchester City,Fulham,H,166.24377441000001,1310,387,1.36,5.5,7.0,15,15,2.0,1.9790262,1.85723872,2.04,0.96,1.906508,11.422947141964789,9.84,1.08,8.0,7.0,6.0,50.0,27.0,1.36,1.21558052,1.1546868399999999,1.4,1.48,1.090528,13.897688280473385,7.2,-0.08000000000000007,6.0,7.0,8.0,34.0,-2.0,0.76344568
2026-02-11,Sunderland,Liverpool,A,-243.32983399,382,1020,4.75,3.8,1.73,0,0,1.44,1.02826364,0.93692492,1.08,1.16,1.051264,14.672696954377288,4.44,-0.07999999999999985,6.0,6.0,10.0,36.0,-2.0,1.56,1.768272,1.7073784,1.6,1.4,1.664392,10.646861251840994,9.88,0.20000000000000018,5.0,8.0,7.0,39.0,5.0,-0.74000836
2026-02-11,Aston Villa,Brighton,H,99.68896483999993,548,494,1.91,3.7,3.8,6,6,1.88,1.39177172,1.39177172,1.44,1.08,1.258364,13.210551165878336,8.04,0.3599999999999999,5.0,3.0,3.0,47.0,9.0,1.24,1.52524148,1.3730078399999999,1.36,1.32,1.3564599999999998,9.593704051014557,6.16,0.040000000000000036,3.0,4.0,6.0,31.0,1.0,-0.1334697600000001
2026-02-11,Crystal Palace,Burnley,A,120.67578125,541,253,1.57,4.0,6.25,9,0,1.28,1.6869296399999998,1.53469536,1.04,1.16,1.471744,15.700344878362046,7.08,-0.11999999999999988,5.0,4.0,6.0,32.0,-3.0,0.6,0.9614033999999999,0.90051008,1.0,1.96,0.6511319999999999,13.604758767829605,4.12,-0.96,3.0,5.0,10.0,15.0,-24.0,0.7255262399999999
2026-02-12,Brentford,Arsenal,D,-211.10302735000005,470,1230,4.75,3.9,1.7,-12,-6,1.56,1.78736788,1.54379444,1.56,1.36,1.5245920000000002,12.129950855680267,6.48,0.19999999999999996,9.0,7.0,6.0,39.0,5.0,2.24,2.01959604,1.9282556400000002,1.96,0.68,2.1902679999999997,10.362730726725044,9.36,1.2799999999999998,8.0,9.0,3.0,56.0,32.0,-0.23222816000000024
2026-02-18,Wolverhampton Wanderers,Arsenal,D,-386.49291991999985,277,1230,11.0,5.25,1.29,-15,-9,0.34615384615384615,0.9202246923076923,0.8323975384615385,0.6153846153846154,1.8461538461538463,0.9280346153846154,14.115541315734218,4.730769230769231,-1.2307692307692308,2.0,1.0,7.0,9.0,-32.0,2.1923076923076925,1.9720800384615385,1.884252730769231,1.9230769230769231,0.6923076923076923,2.1302230769230768,10.275352971501356,9.346153846153847,1.2307692307692308,8.0,10.0,4.0,57.0,32.0,-1.0518553461538462
2026-02-21,Aston Villa,Leeds,D,148.39648437000005,548,346,1.85,3.6,4.33,9,0,1.9230769230769231,1.3604011923076922,1.3604011923076922,1.4230769230769231,1.0384615384615385,1.262526923076923,13.323332164992904,8.115384615384615,0.3846153846153846,7.0,4.0,3.0,50.0,10.0,1.1538461538461537,1.5494175384615383,1.3972702307692306,1.3846153846153846,1.7307692307692308,1.4653846153846155,13.770641150292555,5.230769230769231,-0.34615384615384626,8.0,7.0,8.0,30.0,-9.0,-0.1890163461538461
2026-02-21,Brentford,Brighton,A,32.93823242000008,470,494,2.0,3.7,3.5,-3,3,1.5384615384615385,1.788297576923077,1.5540923461538463,1.5384615384615385,1.3461538461538463,1.5482807692307692,12.029714650608316,6.423076923076923,0.1923076923076923,7.0,5.0,7.0,40.0,5.0,1.1923076923076923,1.4850901153846154,1.3387116153846155,1.3076923076923077,1.3076923076923077,1.349903846153846,9.546996600776595,6.115384615384615,0.0,2.0,3.0,6.0,31.0,0.0,0.30320746153846145
2026-02-21,Chelsea,Burnley,D,227.89123535,1160,253,1.22,6.5,12.0,9,6,1.6923076923076923,2.0883483076923075,1.8834179615384616,1.8076923076923077,1.1538461538461537,1.6584461538461537,9.466748934608772,7.0,0.653846153846154,13.0,13.0,6.0,44.0,17.0,0.6923076923076923,0.9510137692307693,0.8924625,1.0769230769230769,1.9615384615384615,0.6428884615384616,13.800955828795434,4.153846153846154,-0.8846153846153846,5.0,6.0,10.0,18.0,-23.0,1.137334538461538
2026-02-21,Manchester City,Newcastle United,H,103.3046875,1310,708,1.45,5.0,5.5,6,15,2.0384615384615383,1.9674182692307693,1.850314923076923,2.076923076923077,0.9230769230769231,1.904623076923077,11.54404258155955,9.653846153846153,1.153846153846154,10.0,9.0,5.0,53.0,30.0,1.3846153846153846,1.6850383846153845,1.5386595384615385,1.4230769230769231,1.4230769230769231,1.6502230769230768,10.76905594763567,7.115384615384615,0.0,4.0,5.0,10.0,36.0,0.0,0.2823798846153849
2026-02-21,West Ham,Bournemouth,D,-98.19519043000014,363,507,2.5,3.7,2.63,0,3,0.9230769230769231,1.2475124615384616,1.159685153846154,1.2307692307692308,1.8846153846153846,1.05145,15.867043305945458,4.576923076923077,-0.6538461538461537,10.0,10.0,6.0,24.0,-17.0,1.4230769230769231,1.7312541538461539,1.6141514615384613,1.6538461538461537,1.7307692307692308,1.5923923076923077,11.251906268797683,7.076923076923077,-0.0769230769230771,11.0,9.0,5.0,37.0,-2.0,-0.48374169230769226
2026-02-22,Tottenham,Arsenal,A,-240.77062989,803,1230,6.0,4.0,1.57,-12,-3,1.1153846153846154,1.2145425846153848,1.2145425846153848,1.3846153846153846,1.4230769230769231,1.2848884615384615,11.606086307609653,6.076923076923077,-0.03846153846153855,2.0,6.0,10.0,29.0,-1.0,2.1481481481481484,1.973491148148148,1.8889167037037038,1.9259259259259258,0.7407407407407407,2.154440740740741,10.198796688606242,9.185185185185185,1.1851851851851851,8.0,12.0,6.0,58.0,32.0,-0.7589485635327633
2026-02-22,Sunderland,Fulham,A,-99.92102051000006,382,387,2.7,3.25,2.7,-3,0,1.3846153846153846,1.015399423076923,0.9275737307692308,1.0384615384615385,1.1538461538461537,1.0178576923076923,14.547633711192738,4.576923076923077,-0.1153846153846152,6.0,6.0,8.0,36.0,-3.0,1.3076923076923077,1.2093208846153847,1.1507692692307692,1.3461538461538463,1.5384615384615385,1.0827346153846154,14.035322980308658,7.038461538461538,-0.1923076923076923,3.0,5.0,10.0,34.0,-5.0,-0.19392146153846168
2026-02-22,Nottingham Forest,Liverpool,A,-161.96594238000012,568,1020,4.1,3.9,1.8,0,0,1.0384615384615385,1.2329675769230768,1.1744166538461538,0.9615384615384616,1.4615384615384615,1.0720384615384615,14.367705475766778,5.961538461538462,-0.4999999999999999,6.0,4.0,4.0,27.0,-13.0,1.6153846153846154,1.8187892307692306,1.7602376923076923,1.5769230769230769,1.3461538461538463,1.7056423076923077,10.616487467429526,9.884615384615385,0.23076923076923062,7.0,9.0,7.0,42.0,6.0,-0.5858216538461538
2026-02-22,Crystal Palace,Wolverhampton Wanderers,H,112.03100586000005,541,277,1.65,4.0,5.0,12,15,1.2307692307692308,1.7038784999999999,1.5574993846153846,1.0769230769230769,1.2307692307692308,1.5067653846153846,15.392032018667958,7.384615384615385,-0.15384615384615397,4.0,6.0,9.0,32.0,-4.0,0.37037037037037035,0.892554111111111,0.8079798148148148,0.6666666666666666,1.8518518518518519,0.8984666666666667,14.016611801982743,4.703703703703703,-1.1851851851851851,2.0,3.0,9.0,10.0,-32.0,0.8113243888888888
2026-02-23,Everton,Manchester United,A,-55.76354980999986,450,747,3.7,3.75,1.91,-6,-6,1.4230769230769231,1.2914675,1.2329159615384617,1.1153846153846154,1.1538461538461537,1.231357692307692,14.502185528952433,5.8076923076923075,-0.038461538461538325,8.0,6.0,5.0,37.0,-1.0,1.7307692307692308,1.9154494615384614,1.7983463076923079,1.8076923076923077,1.4230769230769231,1.6906807692307693,10.695283063733239,7.346153846153846,0.3846153846153846,13.0,11.0,5.0,45.0,10.0,-0.6239819615384614
2026-02-27,Wolverhampton Wanderers,Aston Villa,H,-251.96459961000005,277,548,4.1,3.7,1.85,-6,6,0.35714285714285715,0.9205875357142858,0.8118490714285714,0.6428571428571429,1.8214285714285714,0.9051214285714285,13.873161380483358,4.714285714285714,-1.1785714285714284,2.0,3.0,8.0,10.0,-33.0,1.8888888888888888,1.3564748518518517,1.3564748518518517,1.4074074074074074,1.037037037037037,1.2652962962962961,13.027406282338847,8.222222222222221,0.37037037037037046,8.0,5.0,3.0,51.0,10.0,-0.4358873161375659
2026-02-28,Newcastle United,Everton,A,57.927978520000124,708,450,1.7,4.0,4.75,-3,6,1.3333333333333333,1.6414426666666666,1.500485259259259,1.4074074074074074,1.4444444444444444,1.5995777777777778,10.673620827067966,6.888888888888889,-0.03703703703703698,3.0,6.0,12.0,36.0,-1.0,1.3703703703703705,1.2644103333333334,1.2080273703703706,1.0740740740740742,1.1481481481481481,1.2067814814814815,14.370931743929502,5.814814814814815,-0.07407407407407396,5.0,5.0,6.0,37.0,-2.0,0.3770323333333332
2026-02-28,Bournemouth,Sunderland,D,149.88598632999992,507,382,1.8,3.75,4.33,-3,0,1.4074074074074074,1.6864940370370372,1.5737284814814814,1.5925925925925926,1.6666666666666667,1.5424259259259259,11.118582848214194,6.925925925925926,-0.07407407407407418,11.0,8.0,4.0,38.0,-2.0,1.3333333333333333,1.0430105555555556,0.9302461851851852,1.037037037037037,1.2222222222222223,1.0192259259259258,14.616857153988066,5.0,-0.18518518518518534,3.0,5.0,10.0,36.0,-5.0,0.6434834814814816
2026-02-28,Burnley,Brentford,A,-140.21350097999994,253,470,4.5,3.9,1.73,-3,6,0.7037037037037037,0.9532928888888889,0.8969101851851852,1.0740740740740742,1.9259259259259258,0.6333629629629629,13.868756685038878,4.148148148148148,-0.8518518518518516,5.0,6.0,10.0,19.0,-23.0,1.4814814814814814,1.7846654444444443,1.5591344814814816,1.4814814814814814,1.3703703703703705,1.5512037037037036,12.151121230500316,6.481481481481482,0.11111111111111094,7.0,5.0,7.0,40.0,3.0,-0.8313725555555554
2026-02-28,Leeds,Manchester City,A,-193.57238770000004,346,1310,4.75,4.33,1.62,-15,-6,1.1481481481481481,1.5393854074074074,1.3928731851851852,1.3703703703703705,1.7037037037037037,1.4619407407407408,13.62654332991135,5.148148148148148,-0.33333333333333326,6.0,7.0,9.0,31.0,-9.0,2.074074074074074,1.9770131481481483,1.864246962962963,2.074074074074074,0.9259259259259259,1.9296333333333333,11.470752759698247,9.703703703703704,1.148148148148148,13.0,11.0,4.0,56.0,31.0,-0.43762774074074096
2026-02-28,Liverpool,West Ham,H,209.97729491999985,1020,363,1.42,4.75,6.5,12,15,1.6666666666666667,1.84018,1.783797037037037,1.5555555555555556,1.2962962962962963,1.735262962962963,10.559984564595437,9.62962962962963,0.2592592592592593,9.0,9.0,6.0,45.0,7.0,0.9259259259259259,1.2881275555555556,1.203553111111111,1.1851851851851851,1.8148148148148149,1.1101518518518518,15.740654496634347,4.703703703703703,-0.6296296296296298,8.0,8.0,5.0,25.0,-17.0,0.5520524444444443
2026-03-01,Manchester United,Crystal Palace,H,87.39453125,747,541,1.53,4.5,5.5,-6,-3,1.7777777777777777,1.8983846666666666,1.7856186666666665,1.7777777777777777,1.3703703703703705,1.7090703703703705,10.8115071477925,7.2592592592592595,0.4074074074074072,13.0,10.0,5.0,48.0,11.0,1.2962962962962963,1.716164111111111,1.5752064444444445,1.0740740740740742,1.1851851851851851,1.5119259259259261,15.046030832791368,7.2592592592592595,-0.11111111111111094,7.0,6.0,7.0,35.0,-3.0,0.1822205555555556
2026-03-01,Fulham,Tottenham,H,5.618408210000098,387,803,2.1,3.6,3.3,6,-3,1.3703703703703705,1.244789,1.1602144814814817,1.4074074074074074,1.5185185185185186,1.104811111111111,13.961704316134968,7.074074074074074,-0.11111111111111116,6.0,8.0,10.0,37.0,-3.0,1.0740740740740742,1.183754488888889,1.183754488888889,1.3703703703703705,1.5185185185185186,1.239762962962963,11.452686285634693,5.851851851851852,-0.14814814814814814,2.0,6.0,12.0,29.0,-4.0,0.06103451111111102
2026-03-01,Brighton,Nottingham Forest,H,54.080322270000124,494,568,2.0,3.6,3.5,6,3,1.2592592592592593,1.4809027037037037,1.3399456296296295,1.3333333333333333,1.2592592592592593,1.3402296296296297,9.528109209526983,6.074074074074074,0.07407407407407396,4.0,4.0,5.0,34.0,2.0,1.0,1.2219231481481483,1.1655407777777778,0.9259259259259259,1.4444444444444444,1.0451481481481482,14.228160828516154,5.814814814814815,-0.5185185185185185,5.0,4.0,5.0,27.0,-14.0,0.2589795555555554
2026-03-01,Arsenal,Chelsea,H,139.7969970700001,1230,1160,1.6,3.8,5.5,6,9,2.1785714285714284,2.0214739642857142,1.9399200357142858,2.0,0.75,2.1808321428571427,10.039315854489354,9.178571428571429,1.25,11.0,14.0,4.0,61.0,35.0,1.6666666666666667,2.104162814814815,1.9068224814814814,1.7777777777777777,1.1481481481481481,1.6878185185185186,9.40064038820912,7.185185185185185,0.6296296296296295,11.0,12.0,7.0,45.0,17.0,-0.08268885052910058
2026-03-03,Bournemouth,Brentford,D,-11.917236320000029,507,470,2.5,3.6,2.63,-12,-6,1.3928571428571428,1.6914171071428572,1.582678892857143,1.5714285714285714,1.6428571428571428,1.5562714285714285,10.892125524270037,7.0,-0.0714285714285714,9.0,6.0,3.0,39.0,-2.0,1.5357142857142858,1.80828275,1.5908064642857143,1.5714285714285714,1.4285714285714286,1.5861714285714286,11.951279599252288,6.571428571428571,0.1428571428571428,10.0,9.0,8.0,43.0,4.0,-0.11686564285714285
2026-03-03,Everton,Burnley,H,127.13781739000001,450,253,1.57,4.0,6.0,6,9,1.4285714285714286,1.3052281785714286,1.2508588928571427,1.1428571428571428,1.1785714285714286,1.2525928571428573,14.429112753074877,5.75,-0.03571428571428581,7.0,7.0,7.0,40.0,-1.0,0.6785714285714286,0.948669,0.8942999642857143,1.1428571428571428,2.0,0.6223928571428571,13.951175038724463,4.142857142857143,-0.8571428571428572,4.0,7.0,12.0,19.0,-24.0,0.3565591785714286
2026-03-03,Leeds,Sunderland,A,88.19116210999982,346,382,1.85,3.4,4.33,0,0,1.1071428571428572,1.5336302142857143,1.3923505714285713,1.3214285714285714,1.6785714285714286,1.431825,13.688095353843087,5.107142857142857,-0.3571428571428572,5.0,6.0,9.0,31.0,-10.0,1.3214285714285714,1.0442912500000001,0.9355541785714285,1.0357142857142858,1.2142857142857142,1.0115785714285714,14.30596099512715,4.857142857142857,-0.17857142857142838,4.0,5.0,8.0,37.0,-5.0,0.4893389642857142
2026-03-03,Wolverhampton Wanderers,Liverpool,H,-266.68725586000005,277,1020,5.5,4.5,1.5,-15,-9,0.4482758620689655,0.9408331379310345,0.835844275862069,0.6896551724137931,1.7586206896551724,0.9273758620689656,13.984613165911338,4.586206896551724,-1.0689655172413792,5.0,5.0,6.0,13.0,-31.0,1.7142857142857142,1.8494375,1.7950682142857144,1.6785714285714286,1.3214285714285714,1.7409571428571429,10.519151782526551,9.785714285714286,0.3571428571428572,12.0,12.0,5.0,48.0,10.0,-0.9086043620689656
2026-03-04,Newcastle United,Manchester United,H,-28.86364745999981,708,747,2.63,3.5,2.6,3,6,1.2857142857142858,1.6227800714285714,1.486856857142857,1.4285714285714286,1.5,1.5546464285714288,10.466229607053634,7.107142857142857,-0.0714285714285714,3.0,8.0,13.0,36.0,-2.0,1.8214285714285714,1.914374142857143,1.7784508571428572,1.7857142857142858,1.3571428571428572,1.7456142857142858,10.825041756459777,7.285714285714286,0.4285714285714286,13.0,9.0,4.0,51.0,12.0,-0.29159407142857163
2026-03-04,Fulham,West Ham,A,75.16394043000014,387,363,2.0,3.5,3.7,6,-3,1.4285714285714286,1.283214392857143,1.2016603928571428,1.4285714285714286,1.5,1.1476214285714286,13.837221678994094,7.25,-0.0714285714285714,6.0,8.0,10.0,40.0,-2.0,0.8928571428571429,1.290398,1.2088440714285713,1.2142857142857142,1.9285714285714286,1.1016249999999999,15.443598154721581,4.714285714285714,-0.7142857142857144,5.0,7.0,9.0,25.0,-20.0,-0.00718360714285704
2026-03-04,Manchester City,Nottingham Forest,D,209.37023925000017,1310,568,1.38,5.0,7.5,9,9,2.107142857142857,1.9945605357142857,1.8858217142857143,2.0357142857142856,0.8928571428571429,1.9387,11.668225875423309,9.571428571428571,1.1428571428571428,13.0,10.0,4.0,59.0,32.0,0.9642857142857143,1.2079455357142856,1.1535768214285713,0.9285714285714286,1.4642857142857142,1.044825,14.25232515266779,5.678571428571429,-0.5357142857142856,2.0,3.0,7.0,27.0,-15.0,0.7866150000000001
2026-03-04,Aston Villa,Chelsea,A,-5.018676760000062,548,1160,2.7,3.4,2.55,6,0,1.8214285714285714,1.3549321785714288,1.3549321785714288,1.3571428571428572,1.0714285714285714,1.2617785714285714,12.752617962731506,8.178571428571429,0.2857142857142858,5.0,3.0,5.0,51.0,8.0,1.6071428571428572,2.077324142857143,1.8870316785714285,1.75,1.1785714285714286,1.6661142857142859,9.384631122643828,7.071428571428571,0.5714285714285714,8.0,10.0,8.0,45.0,16.0,-0.7223919642857142
2026-03-04,Brighton,Arsenal,A,-217.82373046999987,494,1230,4.75,4.1,1.65,-9,-9,1.3214285714285714,1.4709086785714285,1.3349857857142857,1.3571428571428572,1.25,1.3516642857142858,9.524026491452743,6.214285714285714,0.1071428571428572,7.0,5.0,4.0,37.0,3.0,2.206896551724138,2.0109396896551726,1.9321979655172414,2.0,0.7586206896551724,2.161744827586207,10.216643520948969,9.206896551724139,1.2413793103448276,11.0,12.0,5.0,64.0,36.0,-0.5400310110837441
2026-03-05,Tottenham,Crystal Palace,A,5.524780279999959,803,541,2.35,3.25,3.1,3,9,1.0357142857142858,1.1754807928571427,1.1754807928571427,1.3571428571428572,1.5357142857142858,1.2138321428571428,11.487761154315441,5.857142857142857,-0.1785714285714286,1.0,5.0,12.0,29.0,-5.0,1.25,1.6686117857142857,1.5326883214285714,1.0714285714285714,1.2142857142857142,1.4639142857142857,15.039284833661062,7.178571428571429,-0.1428571428571428,7.0,6.0,6.0,35.0,-4.0,-0.493130992857143
2026-03-14,Arsenal,Everton,H,234.88537598000016,1230,450,1.38,4.75,8.5,9,6,2.2333333333333334,1.9610684666666667,1.8849514666666667,1.9666666666666666,0.7333333333333333,2.12093,10.28085064167924,9.0,1.2333333333333334,11.0,10.0,5.0,67.0,37.0,1.4827586206896552,1.3001668620689655,1.2476723793103448,1.1724137931034482,1.1379310344827587,1.2662689655172414,14.346787025957353,5.689655172413793,0.0344827586206895,9.0,8.0,6.0,43.0,1.0,0.6609016045977012
2026-03-14,Burnley,Bournemouth,D,-144.60522461000005,253,507,4.1,3.8,1.83,0,3,0.6551724137931034,0.9422400344827587,0.8897457931034484,1.103448275862069,2.0,0.6356620689655172,13.961068838702767,4.068965517241379,-0.896551724137931,4.0,7.0,11.0,19.0,-26.0,1.3793103448275863,1.7130130689655174,1.608024448275862,1.5172413793103448,1.5862068965517242,1.5895758620689657,10.87573039124923,7.172413793103448,-0.06896551724137945,7.0,4.0,3.0,40.0,-2.0,-0.7707730344827587
2026-03-14,Chelsea,Newcastle United,A,50.71545409999999,1160,708,1.8,4.2,3.8,0,12,1.6551724137931034,2.1225484827586207,1.938817827586207,1.8275862068965518,1.1724137931034482,1.7028103448275862,9.49780476209289,7.241379310344827,0.6551724137931036,8.0,11.0,7.0,48.0,19.0,1.3448275862068966,1.634628,1.477144551724138,1.4482758620689655,1.4827586206896552,1.5540137931034483,10.402898573349358,7.137931034482759,-0.034482758620689724,6.0,9.0,10.0,39.0,-1.0,0.48792048275862077
2026-03-14,Sunderland,Brighton,A,-131.52880858999993,382,494,3.3,3.3,2.25,0,0,1.3793103448275863,1.0373796896551724,0.9061449862068965,1.0344827586206897,1.1724137931034482,1.0244620689655173,14.346313735853471,4.724137931034483,-0.13793103448275845,4.0,3.0,8.0,40.0,-4.0,1.2758620689655173,1.4518852068965518,1.3206493103448276,1.3103448275862069,1.2413793103448276,1.3634655172413794,9.441301440023338,6.206896551724138,0.06896551724137923,6.0,4.0,4.0,37.0,2.0,-0.4145055172413794
2026-03-14,West Ham,Manchester City,D,-213.67822266000007,363,1310,4.33,4.33,1.7,-15,-9,0.9655172413793104,1.297462896551724,1.2187211724137932,1.206896551724138,1.8620689655172413,1.137348275862069,15.564204303544571,4.655172413793103,-0.6551724137931034,8.0,6.0,6.0,28.0,-19.0,2.0689655172413794,2.0198015517241377,1.9148123448275862,2.0344827586206895,0.9310344827586207,1.9533931034482759,11.632479429628312,9.724137931034482,1.103448275862069,13.0,10.0,4.0,60.0,32.0,-0.7223386551724136
2026-03-15,Nottingham Forest,Fulham,D,-31.973266599999988,568,387,2.2,3.4,3.3,-9,-3,0.9655172413793104,1.2089274137931034,1.1564334827586207,0.9655172413793104,1.4827586206896552,1.025003448275862,14.712015089932118,5.586206896551724,-0.5172413793103449,2.0,4.0,8.0,28.0,-15.0,1.3793103448275863,1.2606250344827588,1.1818832413793103,1.3793103448275863,1.4827586206896552,1.1294344827586207,13.725279865611851,7.310344827586207,-0.10344827586206895,6.0,6.0,8.0,40.0,-3.0,-0.05169762068965533
2026-03-15,Manchester United,Aston Villa,H,-14.6958007799999,747,548,1.73,4.0,4.5,6,9,1.7586206896551724,1.9106271034482758,1.779390827586207,1.7586206896551724,1.3793103448275863,1.7271206896551725,10.686986129389734,7.413793103448276,0.3793103448275861,10.0,7.0,4.0,51.0,11.0,1.7586206896551724,1.3450565862068966,1.3450565862068966,1.3448275862068966,1.1724137931034482,1.224693103448276,13.102144546392106,8.10344827586207,0.1724137931034484,5.0,4.0,8.0,51.0,5.0,0.5655705172413792
2026-03-15,Crystal Palace,Leeds,D,28.613891599999988,541,346,2.55,3.3,2.88,0,6,1.3103448275862069,1.6771131034482758,1.5196294137931035,1.1379310344827587,1.206896551724138,1.4778758620689656,14.883771969214333,7.241379310344827,-0.06896551724137923,9.0,8.0,6.0,38.0,-2.0,1.0689655172413792,1.5113751034482759,1.374967172413793,1.2758620689655173,1.6551724137931034,1.4255724137931034,13.352745961054117,5.172413793103448,-0.3793103448275861,5.0,6.0,6.0,31.0,-11.0,0.16573799999999994
2026-03-15,Liverpool,Tottenham,D,168.49255371000004,1020,803,1.3,6.25,8.0,9,12,1.6551724137931034,1.8605662068965518,1.8080717241379312,1.6551724137931034,1.3448275862068966,1.7668827586206897,10.402727829434504,9.793103448275861,0.31034482758620685,9.0,9.0,6.0,48.0,9.0,1.0,1.1796418000000002,1.1796418000000002,1.3448275862068966,1.5862068965517242,1.202103448275862,11.569463971654317,5.758620689655173,-0.24137931034482762,0.0,4.0,13.0,29.0,-7.0,0.6809244068965516
2026-03-16,Brentford,Wolverhampton Wanderers,D,141.20495604999996,470,277,1.55,4.2,5.75,6,-3,1.5172413793103448,1.7691463793103448,1.5591692758620688,1.5172413793103448,1.3793103448275863,1.5427310344827585,11.827567763541394,6.482758620689655,0.13793103448275845,8.0,8.0,8.0,44.0,4.0,0.5333333333333333,0.9306731333333335,0.8291839000000001,0.7333333333333333,1.7333333333333334,0.9078366666666666,14.26369748895239,4.466666666666667,-1.0,8.0,6.0,4.0,16.0,-30.0,0.8384732459770113
2026-03-20,Bournemouth,Manchester United,D,-59.784179689999974,507,747,3.2,3.8,2.1,6,-3,1.3666666666666667,1.7349056333333333,1.6334166333333333,1.4666666666666666,1.5333333333333334,1.5984699999999998,10.831154762822973,7.233333333333333,-0.06666666666666687,7.0,3.0,2.0,41.0,-2.0,1.8,1.9028805333333334,1.7760188,1.8,1.3666666666666667,1.72689,10.654995682652501,7.333333333333333,0.43333333333333335,10.0,8.0,5.0,54.0,13.0,-0.16797490000000015
2026-03-21,Brighton,Liverpool,H,-101.99926757999992,494,1020,3.1,3.5,2.2,-6,3,1.3333333333333333,1.4410996999999999,1.3142383333333332,1.3,1.2,1.3770233333333333,9.415924725355893,6.4,0.10000000000000009,9.0,5.0,3.0,40.0,3.0,1.6333333333333333,1.841906,1.7911613333333334,1.6333333333333333,1.3333333333333333,1.7560833333333332,10.240585619735405,10.033333333333333,0.30000000000000004,10.0,9.0,5.0,49.0,9.0,-0.40080630000000017
2026-03-21,Everton,Chelsea,H,-69.15112305000002,450,1160,3.5,3.4,2.1,-6,6,1.4333333333333333,1.2961102999999998,1.2453656333333332,1.1333333333333333,1.1666666666666667,1.2513533333333333,14.390783013980998,5.533333333333333,-0.03333333333333344,6.0,6.0,7.0,43.0,-1.0,1.6,2.1092995333333335,1.9316932333333334,1.7666666666666666,1.1666666666666667,1.70835,9.536113230807443,7.4,0.5999999999999999,5.0,8.0,7.0,48.0,18.0,-0.8131892333333337
2026-03-21,Fulham,Burnley,H,111.93774414999984,387,253,1.53,4.1,6.25,-3,-3,1.3666666666666667,1.2497371333333334,1.1736200666666667,1.3333333333333333,1.4333333333333333,1.1420933333333332,13.676103870091456,7.166666666666667,-0.10000000000000009,7.0,5.0,6.0,41.0,-3.0,0.6666666666666666,0.9667303666666667,0.9159859333333333,1.0666666666666667,1.9333333333333333,0.6452133333333333,13.917366544079341,4.1,-0.8666666666666667,5.0,7.0,9.0,20.0,-26.0,0.2830067666666667
2026-03-21,Leeds,Brentford,D,-69.28991698999994,346,470,2.45,3.5,2.88,0,0,1.0666666666666667,1.4988485999999999,1.3416153666666666,1.2333333333333334,1.6,1.44516,13.494833916198468,5.133333333333334,-0.3666666666666667,3.0,3.0,5.0,32.0,-11.0,1.5,1.8033948333333332,1.6004169666666668,1.5333333333333334,1.4,1.5603799999999999,11.73093455237573,6.5,0.13333333333333353,6.0,7.0,8.0,45.0,4.0,-0.3045462333333333
2026-03-22,Aston Villa,West Ham,H,132.79138182999986,548,363,1.95,3.6,3.8,9,-6,1.7,1.3405783666666666,1.3405783666666666,1.3333333333333333,1.2333333333333334,1.21773,13.24318417262348,8.166666666666666,0.09999999999999987,4.0,4.0,10.0,51.0,3.0,0.9666666666666667,1.2705135333333333,1.1943965333333333,1.2,1.8333333333333333,1.1103266666666665,15.619639917668842,4.566666666666666,-0.6333333333333333,6.0,5.0,7.0,29.0,-19.0,0.07006483333333335
2026-03-22,Newcastle United,Sunderland,A,162.3510742200001,708,382,1.67,4.0,5.0,-3,0,1.4,1.6145573999999998,1.4623233999999998,1.4333333333333333,1.4333333333333333,1.5309233333333334,10.633328270027187,7.133333333333334,0.0,9.0,8.0,7.0,42.0,0.0,1.3333333333333333,1.0247698,0.8979095866666668,1.0,1.1666666666666667,1.02078,14.537334047222457,4.866666666666666,-0.16666666666666674,4.0,3.0,6.0,40.0,-5.0,0.5897875999999997
2026-03-22,Tottenham,Nottingham Forest,A,-0.21801757999992333,803,568,2.25,3.4,3.2,-3,3,1.0,1.17886574,1.17886574,1.3333333333333333,1.5666666666666667,1.2044,11.622148505932508,5.666666666666667,-0.2333333333333334,1.0,5.0,12.0,30.0,-7.0,0.9666666666666667,1.1959968666666667,1.1452527333333333,0.9333333333333333,1.4333333333333333,1.0284433333333334,14.9395633048831,5.5,-0.5,3.0,3.0,5.0,29.0,-15.0,-0.01713112666666672
2026-04-10,West Ham,Wolverhampton Wanderers,H,39.09936524,363,277,1.8,3.8,4.33,3,15,0.9354838709677419,1.2540470967741935,1.1803854838709678,1.1612903225806452,1.8387096774193548,1.084174193548387,15.616729332089392,4.580645161290323,-0.6774193548387095,5.0,4.0,8.0,29.0,-21.0,0.5483870967741935,0.9587301290322581,0.8605147419354838,0.7741935483870968,1.7419354838709677,0.9018096774193548,14.243805919100035,4.612903225806452,-0.967741935483871,8.0,8.0,6.0,17.0,-30.0,0.2953169677419354
2026-04-11,Liverpool,Fulham,H,118.1579589800001,1020,387,1.65,4.2,4.75,3,6,1.5806451612903225,1.8133542258064517,1.764246483870968,1.6129032258064515,1.3548387096774193,1.7041870967741934,10.269115115872973,9.935483870967742,0.25806451612903225,7.0,9.0,7.0,49.0,8.0,1.4193548387096775,1.3218223870967742,1.2236068387096775,1.3870967741935485,1.4193548387096775,1.180074193548387,13.755369336647648,7.451612903225806,-0.032258064516129004,10.0,8.0,4.0,44.0,-1.0,0.4915318387096774
2026-04-11,Arsenal,Bournemouth,A,241.58654784999976,1230,507,1.44,4.5,7.5,3,9,2.2580645161290325,1.9593743225806453,1.8857127096774193,1.967741935483871,0.7096774193548387,2.1148,10.200262191807399,9.03225806451613,1.2580645161290323,13.0,11.0,4.0,70.0,39.0,1.3548387096774193,1.7359293225806451,1.6131602903225808,1.4838709677419355,1.5483870967741935,1.5909032258064515,10.833375576925459,7.193548387096774,-0.06451612903225801,5.0,3.0,3.0,42.0,-2.0,0.22344500000000012
2026-04-11,Brentford,Everton,D,1.144042969999873,470,450,2.15,3.3,3.5,-3,0,1.4838709677419355,1.754969870967742,1.5585396774193547,1.4838709677419355,1.3548387096774193,1.5449064516129032,11.744990427030276,6.354838709677419,0.12903225806451624,6.0,6.0,7.0,46.0,4.0,1.4838709677419355,1.3009235161290322,1.2518157741935483,1.1935483870967742,1.1290322580645162,1.256958064516129,14.871973636358783,5.580645161290323,0.06451612903225801,9.0,8.0,5.0,46.0,2.0,0.4540463548387097
2026-04-11,Burnley,Brighton,A,-166.96740722000004,253,494,4.5,4.0,1.73,-3,-3,0.6451612903225806,0.9976603548387097,0.9485528387096774,1.064516129032258,1.967741935483871,0.6412354838709677,14.14335720146636,4.096774193548387,-0.903225806451613,2.0,5.0,10.0,20.0,-28.0,1.3870967741935485,1.5052435806451614,1.3824745161290322,1.3225806451612903,1.1935483870967742,1.4224,9.483152960021831,6.419354838709677,0.12903225806451601,12.0,7.0,3.0,43.0,4.0,-0.5075832258064517
2026-04-12,Nottingham Forest,Aston Villa,D,-102.24426268999991,568,548,2.63,3.3,2.7,-3,6,1.032258064516129,1.2072253548387097,1.1581181290322582,1.0,1.3870967741935485,1.0380096774193548,14.775061262790096,5.419354838709677,-0.3870967741935485,5.0,6.0,5.0,32.0,-12.0,1.7419354838709677,1.3775042258064516,1.3775042258064516,1.3548387096774193,1.1935483870967742,1.2613129032258064,13.289102962753907,8.387096774193548,0.16129032258064502,4.0,5.0,10.0,54.0,5.0,-0.17027887096774186
2026-04-12,Sunderland,Tottenham,H,-48.84509277999996,382,803,2.7,3.2,2.7,0,0,1.3870967741935485,1.0777310967741935,0.9549631483870968,1.032258064516129,1.1612903225806452,1.0628193548387097,14.424692772971879,5.032258064516129,-0.12903225806451624,7.0,5.0,6.0,43.0,-4.0,0.967741935483871,1.193060393548387,1.193060393548387,1.2903225806451613,1.6129032258064515,1.2105548387096774,11.443093024174315,5.612903225806452,-0.32258064516129026,1.0,4.0,13.0,30.0,-10.0,-0.11532929677419346
2026-04-12,Chelsea,Manchester City,A,-71.96997069999998,1160,1310,3.1,3.8,2.15,-6,-12,1.5483870967741935,2.084852129032258,1.9129750645161292,1.7096774193548387,1.2258064516129032,1.695032258064516,9.610217105082471,7.451612903225806,0.4838709677419355,4.0,6.0,8.0,48.0,15.0,2.033333333333333,2.0176281666666664,1.9161386,2.0,0.9333333333333333,1.97102,11.553063448640701,9.666666666666666,1.0666666666666667,11.0,9.0,4.0,61.0,32.0,0.06722396236559147
2026-04-12,Crystal Palace,Newcastle United,H,-39.83520507999992,541,708,3.0,3.6,2.2,-6,0,1.3,1.6387161666666665,1.4864819333333334,1.1,1.1666666666666667,1.4514500000000001,14.65986845912941,7.066666666666666,-0.06666666666666665,7.0,7.0,6.0,39.0,-2.0,1.3548387096774193,1.6033474838709678,1.4560242580645162,1.4193548387096775,1.4516129032258065,1.4980645161290322,10.49145620059557,7.0,-0.032258064516129004,6.0,7.0,8.0,42.0,-1.0,0.035368682795698714
2026-04-13,Manchester United,Leeds,A,115.66210937000005,747,346,1.62,4.1,5.0,9,6,1.7741935483870968,1.8978114838709677,1.750488129032258,1.8064516129032258,1.3870967741935485,1.7148032258064516,10.701455115316552,7.354838709677419,0.41935483870967727,10.0,9.0,6.0,55.0,13.0,1.064516129032258,1.4639598064516128,1.3117986129032257,1.1935483870967742,1.5483870967741935,1.4429935483870966,13.343974171101156,5.258064516129032,-0.35483870967741926,3.0,1.0,3.0,33.0,-11.0,0.4338516774193548
